
         /\      Grafana   /‾‾/
    /\  /  \     |\  __   /  /
   /  \/    \    | |/ /  /   ‾‾\
  /          \   |   (  |  (‾)  |
 / __________ \  |_|\_\  \_____/


     execution: local
        script: -
        output: json (/results/k6.json)

     scenarios: (100.00%) 1 scenario, 100 max VUs, 45m30s max duration (incl. graceful stop):
              * readiness: 20.00 iterations/s for 45m0s (maxVUs: 40-100, gracefulStop: 30s)


running (00m01.0s), 013/040 VUs, 7 complete and 0 interrupted iterations
readiness   [   0% ] 013/040 VUs  00m01.0s/45m0s  20.00 iters/s

running (00m02.0s), 012/040 VUs, 28 complete and 0 interrupted iterations
readiness   [   0% ] 012/040 VUs  00m02.0s/45m0s  20.00 iters/s

running (00m03.0s), 006/040 VUs, 54 complete and 0 interrupted iterations
readiness   [   0% ] 006/040 VUs  00m03.0s/45m0s  20.00 iters/s

running (00m04.0s), 006/040 VUs, 74 complete and 0 interrupted iterations
readiness   [   0% ] 006/040 VUs  00m04.0s/45m0s  20.00 iters/s

running (00m05.0s), 006/040 VUs, 94 complete and 0 interrupted iterations
readiness   [   0% ] 006/040 VUs  00m05.0s/45m0s  20.00 iters/s

running (00m06.0s), 006/040 VUs, 114 complete and 0 interrupted iterations
readiness   [   0% ] 006/040 VUs  00m06.0s/45m0s  20.00 iters/s

running (00m07.0s), 006/040 VUs, 134 complete and 0 interrupted iterations
readiness   [   0% ] 006/040 VUs  00m07.0s/45m0s  20.00 iters/s

running (00m08.0s), 006/040 VUs, 154 complete and 0 interrupted iterations
readiness   [   0% ] 006/040 VUs  00m08.0s/45m0s  20.00 iters/s

running (00m09.0s), 006/040 VUs, 174 complete and 0 interrupted iterations
readiness   [   0% ] 006/040 VUs  00m09.0s/45m0s  20.00 iters/s

running (00m10.0s), 006/040 VUs, 194 complete and 0 interrupted iterations
readiness   [   0% ] 006/040 VUs  00m10.0s/45m0s  20.00 iters/s

running (00m11.0s), 006/040 VUs, 214 complete and 0 interrupted iterations
readiness   [   0% ] 006/040 VUs  00m11.0s/45m0s  20.00 iters/s

running (00m12.0s), 006/040 VUs, 234 complete and 0 interrupted iterations
readiness   [   0% ] 006/040 VUs  00m12.0s/45m0s  20.00 iters/s

running (00m13.0s), 006/040 VUs, 254 complete and 0 interrupted iterations
readiness   [   0% ] 006/040 VUs  00m13.0s/45m0s  20.00 iters/s

running (00m14.0s), 006/040 VUs, 274 complete and 0 interrupted iterations
readiness   [   1% ] 006/040 VUs  00m14.0s/45m0s  20.00 iters/s

running (00m15.0s), 006/040 VUs, 294 complete and 0 interrupted iterations
readiness   [   1% ] 006/040 VUs  00m15.0s/45m0s  20.00 iters/s

running (00m16.0s), 006/040 VUs, 314 complete and 0 interrupted iterations
readiness   [   1% ] 006/040 VUs  00m16.0s/45m0s  20.00 iters/s

running (00m17.0s), 006/040 VUs, 334 complete and 0 interrupted iterations
readiness   [   1% ] 006/040 VUs  00m17.0s/45m0s  20.00 iters/s

running (00m18.0s), 007/040 VUs, 353 complete and 0 interrupted iterations
readiness   [   1% ] 007/040 VUs  00m18.0s/45m0s  20.00 iters/s

running (00m19.0s), 006/040 VUs, 374 complete and 0 interrupted iterations
readiness   [   1% ] 006/040 VUs  00m19.0s/45m0s  20.00 iters/s

running (00m20.0s), 006/040 VUs, 394 complete and 0 interrupted iterations
readiness   [   1% ] 006/040 VUs  00m20.0s/45m0s  20.00 iters/s

running (00m21.0s), 006/040 VUs, 414 complete and 0 interrupted iterations
readiness   [   1% ] 006/040 VUs  00m21.0s/45m0s  20.00 iters/s

running (00m22.0s), 006/040 VUs, 434 complete and 0 interrupted iterations
readiness   [   1% ] 006/040 VUs  00m22.0s/45m0s  20.00 iters/s

running (00m23.0s), 006/040 VUs, 454 complete and 0 interrupted iterations
readiness   [   1% ] 006/040 VUs  00m23.0s/45m0s  20.00 iters/s

running (00m24.0s), 006/040 VUs, 474 complete and 0 interrupted iterations
readiness   [   1% ] 006/040 VUs  00m24.0s/45m0s  20.00 iters/s

running (00m25.0s), 006/040 VUs, 494 complete and 0 interrupted iterations
readiness   [   1% ] 006/040 VUs  00m25.0s/45m0s  20.00 iters/s

running (00m26.0s), 006/040 VUs, 514 complete and 0 interrupted iterations
readiness   [   1% ] 006/040 VUs  00m26.0s/45m0s  20.00 iters/s

running (00m27.0s), 007/040 VUs, 533 complete and 0 interrupted iterations
readiness   [   1% ] 007/040 VUs  00m27.0s/45m0s  20.00 iters/s

running (00m28.0s), 006/040 VUs, 554 complete and 0 interrupted iterations
readiness   [   1% ] 006/040 VUs  00m28.0s/45m0s  20.00 iters/s

running (00m29.0s), 006/040 VUs, 574 complete and 0 interrupted iterations
readiness   [   1% ] 006/040 VUs  00m29.0s/45m0s  20.00 iters/s

running (00m30.0s), 006/040 VUs, 594 complete and 0 interrupted iterations
readiness   [   1% ] 006/040 VUs  00m30.0s/45m0s  20.00 iters/s

running (00m31.0s), 006/040 VUs, 614 complete and 0 interrupted iterations
readiness   [   1% ] 006/040 VUs  00m31.0s/45m0s  20.00 iters/s

running (00m32.0s), 006/040 VUs, 634 complete and 0 interrupted iterations
readiness   [   1% ] 006/040 VUs  00m32.0s/45m0s  20.00 iters/s

running (00m33.0s), 006/040 VUs, 654 complete and 0 interrupted iterations
readiness   [   1% ] 006/040 VUs  00m33.0s/45m0s  20.00 iters/s

running (00m34.0s), 006/040 VUs, 674 complete and 0 interrupted iterations
readiness   [   1% ] 006/040 VUs  00m34.0s/45m0s  20.00 iters/s

running (00m35.0s), 006/040 VUs, 694 complete and 0 interrupted iterations
readiness   [   1% ] 006/040 VUs  00m35.0s/45m0s  20.00 iters/s

running (00m36.0s), 006/040 VUs, 714 complete and 0 interrupted iterations
readiness   [   1% ] 006/040 VUs  00m36.0s/45m0s  20.00 iters/s

running (00m37.0s), 006/040 VUs, 734 complete and 0 interrupted iterations
readiness   [   1% ] 006/040 VUs  00m37.0s/45m0s  20.00 iters/s

running (00m38.0s), 006/040 VUs, 754 complete and 0 interrupted iterations
readiness   [   1% ] 006/040 VUs  00m38.0s/45m0s  20.00 iters/s

running (00m39.0s), 006/040 VUs, 774 complete and 0 interrupted iterations
readiness   [   1% ] 006/040 VUs  00m39.0s/45m0s  20.00 iters/s

running (00m40.0s), 006/040 VUs, 794 complete and 0 interrupted iterations
readiness   [   1% ] 006/040 VUs  00m40.0s/45m0s  20.00 iters/s

running (00m41.0s), 007/040 VUs, 813 complete and 0 interrupted iterations
readiness   [   2% ] 007/040 VUs  00m41.0s/45m0s  20.00 iters/s

running (00m42.0s), 006/040 VUs, 834 complete and 0 interrupted iterations
readiness   [   2% ] 006/040 VUs  00m42.0s/45m0s  20.00 iters/s

running (00m43.0s), 006/040 VUs, 854 complete and 0 interrupted iterations
readiness   [   2% ] 006/040 VUs  00m43.0s/45m0s  20.00 iters/s

running (00m44.0s), 006/040 VUs, 874 complete and 0 interrupted iterations
readiness   [   2% ] 006/040 VUs  00m44.0s/45m0s  20.00 iters/s

running (00m45.0s), 006/040 VUs, 894 complete and 0 interrupted iterations
readiness   [   2% ] 006/040 VUs  00m45.0s/45m0s  20.00 iters/s

running (00m46.0s), 006/040 VUs, 914 complete and 0 interrupted iterations
readiness   [   2% ] 006/040 VUs  00m46.0s/45m0s  20.00 iters/s

running (00m47.0s), 006/040 VUs, 934 complete and 0 interrupted iterations
readiness   [   2% ] 006/040 VUs  00m47.0s/45m0s  20.00 iters/s

running (00m48.0s), 006/040 VUs, 954 complete and 0 interrupted iterations
readiness   [   2% ] 006/040 VUs  00m48.0s/45m0s  20.00 iters/s

running (00m49.0s), 006/040 VUs, 974 complete and 0 interrupted iterations
readiness   [   2% ] 006/040 VUs  00m49.0s/45m0s  20.00 iters/s

running (00m50.0s), 006/040 VUs, 994 complete and 0 interrupted iterations
readiness   [   2% ] 006/040 VUs  00m50.0s/45m0s  20.00 iters/s

running (00m51.0s), 006/040 VUs, 1014 complete and 0 interrupted iterations
readiness   [   2% ] 006/040 VUs  00m51.0s/45m0s  20.00 iters/s

running (00m52.0s), 009/040 VUs, 1031 complete and 0 interrupted iterations
readiness   [   2% ] 009/040 VUs  00m52.0s/45m0s  20.00 iters/s

running (00m53.0s), 007/040 VUs, 1053 complete and 0 interrupted iterations
readiness   [   2% ] 007/040 VUs  00m53.0s/45m0s  20.00 iters/s

running (00m54.0s), 009/040 VUs, 1071 complete and 0 interrupted iterations
readiness   [   2% ] 009/040 VUs  00m54.0s/45m0s  20.00 iters/s

running (00m55.0s), 006/040 VUs, 1094 complete and 0 interrupted iterations
readiness   [   2% ] 006/040 VUs  00m55.0s/45m0s  20.00 iters/s

running (00m56.0s), 006/040 VUs, 1114 complete and 0 interrupted iterations
readiness   [   2% ] 006/040 VUs  00m56.0s/45m0s  20.00 iters/s

running (00m57.0s), 006/040 VUs, 1134 complete and 0 interrupted iterations
readiness   [   2% ] 006/040 VUs  00m57.0s/45m0s  20.00 iters/s

running (00m58.0s), 006/040 VUs, 1154 complete and 0 interrupted iterations
readiness   [   2% ] 006/040 VUs  00m58.0s/45m0s  20.00 iters/s

running (00m59.0s), 007/040 VUs, 1173 complete and 0 interrupted iterations
readiness   [   2% ] 007/040 VUs  00m59.0s/45m0s  20.00 iters/s

running (01m00.0s), 006/040 VUs, 1194 complete and 0 interrupted iterations
readiness   [   2% ] 006/040 VUs  01m00.0s/45m0s  20.00 iters/s

running (01m01.0s), 006/040 VUs, 1214 complete and 0 interrupted iterations
readiness   [   2% ] 006/040 VUs  01m01.0s/45m0s  20.00 iters/s

running (01m02.0s), 006/040 VUs, 1234 complete and 0 interrupted iterations
readiness   [   2% ] 006/040 VUs  01m02.0s/45m0s  20.00 iters/s

running (01m03.0s), 006/040 VUs, 1254 complete and 0 interrupted iterations
readiness   [   2% ] 006/040 VUs  01m03.0s/45m0s  20.00 iters/s

running (01m04.0s), 006/040 VUs, 1274 complete and 0 interrupted iterations
readiness   [   2% ] 006/040 VUs  01m04.0s/45m0s  20.00 iters/s

running (01m05.0s), 006/040 VUs, 1294 complete and 0 interrupted iterations
readiness   [   2% ] 006/040 VUs  01m05.0s/45m0s  20.00 iters/s

running (01m06.0s), 006/040 VUs, 1314 complete and 0 interrupted iterations
readiness   [   2% ] 006/040 VUs  01m06.0s/45m0s  20.00 iters/s

running (01m07.0s), 006/040 VUs, 1334 complete and 0 interrupted iterations
readiness   [   2% ] 006/040 VUs  01m07.0s/45m0s  20.00 iters/s

running (01m08.0s), 006/040 VUs, 1354 complete and 0 interrupted iterations
readiness   [   3% ] 006/040 VUs  01m08.0s/45m0s  20.00 iters/s

running (01m09.0s), 006/040 VUs, 1374 complete and 0 interrupted iterations
readiness   [   3% ] 006/040 VUs  01m09.0s/45m0s  20.00 iters/s

running (01m10.0s), 006/040 VUs, 1394 complete and 0 interrupted iterations
readiness   [   3% ] 006/040 VUs  01m10.0s/45m0s  20.00 iters/s

running (01m11.0s), 006/040 VUs, 1414 complete and 0 interrupted iterations
readiness   [   3% ] 006/040 VUs  01m11.0s/45m0s  20.00 iters/s

running (01m12.0s), 006/040 VUs, 1434 complete and 0 interrupted iterations
readiness   [   3% ] 006/040 VUs  01m12.0s/45m0s  20.00 iters/s

running (01m13.0s), 006/040 VUs, 1454 complete and 0 interrupted iterations
readiness   [   3% ] 006/040 VUs  01m13.0s/45m0s  20.00 iters/s

running (01m14.0s), 006/040 VUs, 1474 complete and 0 interrupted iterations
readiness   [   3% ] 006/040 VUs  01m14.0s/45m0s  20.00 iters/s

running (01m15.0s), 006/040 VUs, 1494 complete and 0 interrupted iterations
readiness   [   3% ] 006/040 VUs  01m15.0s/45m0s  20.00 iters/s

running (01m16.0s), 006/040 VUs, 1514 complete and 0 interrupted iterations
readiness   [   3% ] 006/040 VUs  01m16.0s/45m0s  20.00 iters/s

running (01m17.0s), 006/040 VUs, 1534 complete and 0 interrupted iterations
readiness   [   3% ] 006/040 VUs  01m17.0s/45m0s  20.00 iters/s

running (01m18.0s), 006/040 VUs, 1554 complete and 0 interrupted iterations
readiness   [   3% ] 006/040 VUs  01m18.0s/45m0s  20.00 iters/s

running (01m19.0s), 006/040 VUs, 1574 complete and 0 interrupted iterations
readiness   [   3% ] 006/040 VUs  01m19.0s/45m0s  20.00 iters/s

running (01m20.0s), 006/040 VUs, 1594 complete and 0 interrupted iterations
readiness   [   3% ] 006/040 VUs  01m20.0s/45m0s  20.00 iters/s

running (01m21.0s), 007/040 VUs, 1613 complete and 0 interrupted iterations
readiness   [   3% ] 007/040 VUs  01m21.0s/45m0s  20.00 iters/s

running (01m22.0s), 006/040 VUs, 1634 complete and 0 interrupted iterations
readiness   [   3% ] 006/040 VUs  01m22.0s/45m0s  20.00 iters/s

running (01m23.0s), 006/040 VUs, 1654 complete and 0 interrupted iterations
readiness   [   3% ] 006/040 VUs  01m23.0s/45m0s  20.00 iters/s

running (01m24.0s), 006/040 VUs, 1674 complete and 0 interrupted iterations
readiness   [   3% ] 006/040 VUs  01m24.0s/45m0s  20.00 iters/s

running (01m25.0s), 006/040 VUs, 1694 complete and 0 interrupted iterations
readiness   [   3% ] 006/040 VUs  01m25.0s/45m0s  20.00 iters/s

running (01m26.0s), 006/040 VUs, 1714 complete and 0 interrupted iterations
readiness   [   3% ] 006/040 VUs  01m26.0s/45m0s  20.00 iters/s

running (01m27.0s), 006/040 VUs, 1734 complete and 0 interrupted iterations
readiness   [   3% ] 006/040 VUs  01m27.0s/45m0s  20.00 iters/s

running (01m28.0s), 006/040 VUs, 1754 complete and 0 interrupted iterations
readiness   [   3% ] 006/040 VUs  01m28.0s/45m0s  20.00 iters/s

running (01m29.0s), 006/040 VUs, 1774 complete and 0 interrupted iterations
readiness   [   3% ] 006/040 VUs  01m29.0s/45m0s  20.00 iters/s

running (01m30.0s), 006/040 VUs, 1794 complete and 0 interrupted iterations
readiness   [   3% ] 006/040 VUs  01m30.0s/45m0s  20.00 iters/s

running (01m31.0s), 006/040 VUs, 1814 complete and 0 interrupted iterations
readiness   [   3% ] 006/040 VUs  01m31.0s/45m0s  20.00 iters/s

running (01m32.0s), 006/040 VUs, 1834 complete and 0 interrupted iterations
readiness   [   3% ] 006/040 VUs  01m32.0s/45m0s  20.00 iters/s

running (01m33.0s), 006/040 VUs, 1854 complete and 0 interrupted iterations
readiness   [   3% ] 006/040 VUs  01m33.0s/45m0s  20.00 iters/s

running (01m34.0s), 006/040 VUs, 1874 complete and 0 interrupted iterations
readiness   [   3% ] 006/040 VUs  01m34.0s/45m0s  20.00 iters/s

running (01m35.0s), 007/040 VUs, 1893 complete and 0 interrupted iterations
readiness   [   4% ] 007/040 VUs  01m35.0s/45m0s  20.00 iters/s

running (01m36.0s), 006/040 VUs, 1914 complete and 0 interrupted iterations
readiness   [   4% ] 006/040 VUs  01m36.0s/45m0s  20.00 iters/s

running (01m37.0s), 007/040 VUs, 1933 complete and 0 interrupted iterations
readiness   [   4% ] 007/040 VUs  01m37.0s/45m0s  20.00 iters/s

running (01m38.0s), 006/040 VUs, 1954 complete and 0 interrupted iterations
readiness   [   4% ] 006/040 VUs  01m38.0s/45m0s  20.00 iters/s

running (01m39.0s), 006/040 VUs, 1974 complete and 0 interrupted iterations
readiness   [   4% ] 006/040 VUs  01m39.0s/45m0s  20.00 iters/s

running (01m40.0s), 006/040 VUs, 1994 complete and 0 interrupted iterations
readiness   [   4% ] 006/040 VUs  01m40.0s/45m0s  20.00 iters/s

running (01m41.0s), 006/040 VUs, 2014 complete and 0 interrupted iterations
readiness   [   4% ] 006/040 VUs  01m41.0s/45m0s  20.00 iters/s

running (01m42.0s), 006/040 VUs, 2034 complete and 0 interrupted iterations
readiness   [   4% ] 006/040 VUs  01m42.0s/45m0s  20.00 iters/s

running (01m43.0s), 006/040 VUs, 2054 complete and 0 interrupted iterations
readiness   [   4% ] 006/040 VUs  01m43.0s/45m0s  20.00 iters/s

running (01m44.0s), 007/040 VUs, 2073 complete and 0 interrupted iterations
readiness   [   4% ] 007/040 VUs  01m44.0s/45m0s  20.00 iters/s

running (01m45.0s), 006/040 VUs, 2094 complete and 0 interrupted iterations
readiness   [   4% ] 006/040 VUs  01m45.0s/45m0s  20.00 iters/s

running (01m46.0s), 006/040 VUs, 2114 complete and 0 interrupted iterations
readiness   [   4% ] 006/040 VUs  01m46.0s/45m0s  20.00 iters/s

running (01m47.0s), 006/040 VUs, 2134 complete and 0 interrupted iterations
readiness   [   4% ] 006/040 VUs  01m47.0s/45m0s  20.00 iters/s

running (01m48.0s), 006/040 VUs, 2154 complete and 0 interrupted iterations
readiness   [   4% ] 006/040 VUs  01m48.0s/45m0s  20.00 iters/s

running (01m49.0s), 006/040 VUs, 2174 complete and 0 interrupted iterations
readiness   [   4% ] 006/040 VUs  01m49.0s/45m0s  20.00 iters/s

running (01m50.0s), 006/040 VUs, 2194 complete and 0 interrupted iterations
readiness   [   4% ] 006/040 VUs  01m50.0s/45m0s  20.00 iters/s

running (01m51.0s), 006/040 VUs, 2214 complete and 0 interrupted iterations
readiness   [   4% ] 006/040 VUs  01m51.0s/45m0s  20.00 iters/s

running (01m52.0s), 009/040 VUs, 2231 complete and 0 interrupted iterations
readiness   [   4% ] 009/040 VUs  01m52.0s/45m0s  20.00 iters/s

running (01m53.0s), 010/040 VUs, 2250 complete and 0 interrupted iterations
readiness   [   4% ] 010/040 VUs  01m53.0s/45m0s  20.00 iters/s

running (01m54.0s), 030/040 VUs, 2250 complete and 0 interrupted iterations
readiness   [   4% ] 030/040 VUs  01m54.0s/45m0s  20.00 iters/s

running (01m55.0s), 045/045 VUs, 2250 complete and 0 interrupted iterations
readiness   [   4% ] 045/045 VUs  01m55.0s/45m0s  20.00 iters/s

running (01m56.0s), 013/047 VUs, 2300 complete and 0 interrupted iterations
readiness   [   4% ] 013/047 VUs  01m56.0s/45m0s  20.00 iters/s

running (01m57.0s), 007/047 VUs, 2326 complete and 0 interrupted iterations
readiness   [   4% ] 007/047 VUs  01m57.0s/45m0s  20.00 iters/s

running (01m58.0s), 008/047 VUs, 2345 complete and 0 interrupted iterations
readiness   [   4% ] 008/047 VUs  01m58.0s/45m0s  20.00 iters/s

running (01m59.0s), 006/047 VUs, 2367 complete and 0 interrupted iterations
readiness   [   4% ] 006/047 VUs  01m59.0s/45m0s  20.00 iters/s

running (02m00.0s), 007/047 VUs, 2386 complete and 0 interrupted iterations
readiness   [   4% ] 007/047 VUs  02m00.0s/45m0s  20.00 iters/s

running (02m01.0s), 006/047 VUs, 2407 complete and 0 interrupted iterations
readiness   [   4% ] 006/047 VUs  02m01.0s/45m0s  20.00 iters/s

running (02m02.0s), 007/047 VUs, 2426 complete and 0 interrupted iterations
readiness   [   5% ] 007/047 VUs  02m02.0s/45m0s  20.00 iters/s

running (02m03.0s), 006/047 VUs, 2447 complete and 0 interrupted iterations
readiness   [   5% ] 006/047 VUs  02m03.0s/45m0s  20.00 iters/s

running (02m04.0s), 006/047 VUs, 2467 complete and 0 interrupted iterations
readiness   [   5% ] 006/047 VUs  02m04.0s/45m0s  20.00 iters/s

running (02m05.0s), 006/047 VUs, 2487 complete and 0 interrupted iterations
readiness   [   5% ] 006/047 VUs  02m05.0s/45m0s  20.00 iters/s

running (02m06.0s), 006/047 VUs, 2507 complete and 0 interrupted iterations
readiness   [   5% ] 006/047 VUs  02m06.0s/45m0s  20.00 iters/s

running (02m07.0s), 006/047 VUs, 2527 complete and 0 interrupted iterations
readiness   [   5% ] 006/047 VUs  02m07.0s/45m0s  20.00 iters/s

running (02m08.0s), 006/047 VUs, 2547 complete and 0 interrupted iterations
readiness   [   5% ] 006/047 VUs  02m08.0s/45m0s  20.00 iters/s

running (02m09.0s), 006/047 VUs, 2567 complete and 0 interrupted iterations
readiness   [   5% ] 006/047 VUs  02m09.0s/45m0s  20.00 iters/s

running (02m10.0s), 006/047 VUs, 2587 complete and 0 interrupted iterations
readiness   [   5% ] 006/047 VUs  02m10.0s/45m0s  20.00 iters/s

running (02m11.0s), 006/047 VUs, 2607 complete and 0 interrupted iterations
readiness   [   5% ] 006/047 VUs  02m11.0s/45m0s  20.00 iters/s

running (02m12.0s), 006/047 VUs, 2627 complete and 0 interrupted iterations
readiness   [   5% ] 006/047 VUs  02m12.0s/45m0s  20.00 iters/s

running (02m13.0s), 006/047 VUs, 2647 complete and 0 interrupted iterations
readiness   [   5% ] 006/047 VUs  02m13.0s/45m0s  20.00 iters/s

running (02m14.0s), 007/047 VUs, 2666 complete and 0 interrupted iterations
readiness   [   5% ] 007/047 VUs  02m14.0s/45m0s  20.00 iters/s

running (02m15.0s), 006/047 VUs, 2687 complete and 0 interrupted iterations
readiness   [   5% ] 006/047 VUs  02m15.0s/45m0s  20.00 iters/s

running (02m16.0s), 006/047 VUs, 2707 complete and 0 interrupted iterations
readiness   [   5% ] 006/047 VUs  02m16.0s/45m0s  20.00 iters/s

running (02m17.0s), 006/047 VUs, 2727 complete and 0 interrupted iterations
readiness   [   5% ] 006/047 VUs  02m17.0s/45m0s  20.00 iters/s

running (02m18.0s), 006/047 VUs, 2747 complete and 0 interrupted iterations
readiness   [   5% ] 006/047 VUs  02m18.0s/45m0s  20.00 iters/s

running (02m19.0s), 006/047 VUs, 2767 complete and 0 interrupted iterations
readiness   [   5% ] 006/047 VUs  02m19.0s/45m0s  20.00 iters/s

running (02m20.0s), 007/047 VUs, 2786 complete and 0 interrupted iterations
readiness   [   5% ] 007/047 VUs  02m20.0s/45m0s  20.00 iters/s

running (02m21.0s), 006/047 VUs, 2807 complete and 0 interrupted iterations
readiness   [   5% ] 006/047 VUs  02m21.0s/45m0s  20.00 iters/s

running (02m22.0s), 006/047 VUs, 2827 complete and 0 interrupted iterations
readiness   [   5% ] 006/047 VUs  02m22.0s/45m0s  20.00 iters/s

running (02m23.0s), 006/047 VUs, 2847 complete and 0 interrupted iterations
readiness   [   5% ] 006/047 VUs  02m23.0s/45m0s  20.00 iters/s

running (02m24.0s), 006/047 VUs, 2867 complete and 0 interrupted iterations
readiness   [   5% ] 006/047 VUs  02m24.0s/45m0s  20.00 iters/s

running (02m25.0s), 006/047 VUs, 2887 complete and 0 interrupted iterations
readiness   [   5% ] 006/047 VUs  02m25.0s/45m0s  20.00 iters/s

running (02m26.0s), 007/047 VUs, 2906 complete and 0 interrupted iterations
readiness   [   5% ] 006/047 VUs  02m26.0s/45m0s  20.00 iters/s

running (02m27.0s), 006/047 VUs, 2927 complete and 0 interrupted iterations
readiness   [   5% ] 006/047 VUs  02m27.0s/45m0s  20.00 iters/s

running (02m28.0s), 006/047 VUs, 2947 complete and 0 interrupted iterations
readiness   [   5% ] 006/047 VUs  02m28.0s/45m0s  20.00 iters/s

running (02m29.0s), 006/047 VUs, 2967 complete and 0 interrupted iterations
readiness   [   6% ] 006/047 VUs  02m29.0s/45m0s  20.00 iters/s

running (02m30.0s), 012/047 VUs, 2981 complete and 0 interrupted iterations
readiness   [   6% ] 012/047 VUs  02m30.0s/45m0s  20.00 iters/s

running (02m31.0s), 006/047 VUs, 3007 complete and 0 interrupted iterations
readiness   [   6% ] 006/047 VUs  02m31.0s/45m0s  20.00 iters/s

running (02m32.0s), 006/047 VUs, 3027 complete and 0 interrupted iterations
readiness   [   6% ] 006/047 VUs  02m32.0s/45m0s  20.00 iters/s

running (02m33.0s), 018/047 VUs, 3035 complete and 0 interrupted iterations
readiness   [   6% ] 018/047 VUs  02m33.0s/45m0s  20.00 iters/s

running (02m34.0s), 038/047 VUs, 3035 complete and 0 interrupted iterations
readiness   [   6% ] 038/047 VUs  02m34.0s/45m0s  20.00 iters/s

running (02m35.0s), 052/053 VUs, 3035 complete and 0 interrupted iterations
readiness   [   6% ] 052/053 VUs  02m35.0s/45m0s  20.00 iters/s

running (02m36.0s), 061/062 VUs, 3035 complete and 0 interrupted iterations
readiness   [   6% ] 061/062 VUs  02m36.0s/45m0s  20.00 iters/s

running (02m37.0s), 071/072 VUs, 3035 complete and 0 interrupted iterations
readiness   [   6% ] 071/072 VUs  02m37.0s/45m0s  20.00 iters/s

running (02m38.0s), 076/076 VUs, 3046 complete and 0 interrupted iterations
readiness   [   6% ] 076/076 VUs  02m38.0s/45m0s  20.00 iters/s

running (02m39.0s), 073/078 VUs, 3067 complete and 0 interrupted iterations
readiness   [   6% ] 073/078 VUs  02m39.0s/45m0s  20.00 iters/s

running (02m40.0s), 078/078 VUs, 3082 complete and 0 interrupted iterations
readiness   [   6% ] 078/078 VUs  02m40.0s/45m0s  20.00 iters/s

running (02m41.0s), 084/084 VUs, 3090 complete and 0 interrupted iterations
readiness   [   6% ] 084/084 VUs  02m41.0s/45m0s  20.00 iters/s

running (02m42.0s), 089/089 VUs, 3100 complete and 0 interrupted iterations
readiness   [   6% ] 089/089 VUs  02m42.0s/45m0s  20.00 iters/s

running (02m43.0s), 090/093 VUs, 3115 complete and 0 interrupted iterations
readiness   [   6% ] 090/093 VUs  02m43.0s/45m0s  20.00 iters/s

running (02m44.0s), 090/094 VUs, 3134 complete and 0 interrupted iterations
readiness   [   6% ] 090/094 VUs  02m44.0s/45m0s  20.00 iters/s

running (02m45.0s), 091/094 VUs, 3153 complete and 0 interrupted iterations
readiness   [   6% ] 091/094 VUs  02m45.0s/45m0s  20.00 iters/s

running (02m46.0s), 094/095 VUs, 3167 complete and 0 interrupted iterations
readiness   [   6% ] 094/095 VUs  02m46.0s/45m0s  20.00 iters/s

running (02m47.0s), 096/098 VUs, 3182 complete and 0 interrupted iterations
readiness   [   6% ] 096/098 VUs  02m47.0s/45m0s  20.00 iters/s

running (02m48.0s), 091/098 VUs, 3207 complete and 0 interrupted iterations
readiness   [   6% ] 091/098 VUs  02m48.0s/45m0s  20.00 iters/s

running (02m49.0s), 069/098 VUs, 3249 complete and 0 interrupted iterations
readiness   [   6% ] 069/098 VUs  02m49.0s/45m0s  20.00 iters/s

running (02m50.0s), 052/098 VUs, 3287 complete and 0 interrupted iterations
readiness   [   6% ] 052/098 VUs  02m50.0s/45m0s  20.00 iters/s

running (02m51.0s), 034/098 VUs, 3324 complete and 0 interrupted iterations
readiness   [   6% ] 034/098 VUs  02m51.0s/45m0s  20.00 iters/s

running (02m52.0s), 021/098 VUs, 3357 complete and 0 interrupted iterations
readiness   [   6% ] 021/098 VUs  02m52.0s/45m0s  20.00 iters/s

running (02m53.0s), 008/098 VUs, 3390 complete and 0 interrupted iterations
readiness   [   6% ] 008/098 VUs  02m53.0s/45m0s  20.00 iters/s

running (02m54.0s), 011/098 VUs, 3407 complete and 0 interrupted iterations
readiness   [   6% ] 011/098 VUs  02m54.0s/45m0s  20.00 iters/s

running (02m55.0s), 007/098 VUs, 3431 complete and 0 interrupted iterations
readiness   [   6% ] 007/098 VUs  02m55.0s/45m0s  20.00 iters/s

running (02m56.0s), 007/098 VUs, 3451 complete and 0 interrupted iterations
readiness   [   7% ] 007/098 VUs  02m56.0s/45m0s  20.00 iters/s

running (02m57.0s), 007/098 VUs, 3471 complete and 0 interrupted iterations
readiness   [   7% ] 007/098 VUs  02m57.0s/45m0s  20.00 iters/s

running (02m58.0s), 006/098 VUs, 3492 complete and 0 interrupted iterations
readiness   [   7% ] 006/098 VUs  02m58.0s/45m0s  20.00 iters/s

running (02m59.0s), 006/098 VUs, 3512 complete and 0 interrupted iterations
readiness   [   7% ] 006/098 VUs  02m59.0s/45m0s  20.00 iters/s

running (03m00.0s), 007/098 VUs, 3531 complete and 0 interrupted iterations
readiness   [   7% ] 007/098 VUs  03m00.0s/45m0s  20.00 iters/s

running (03m01.0s), 006/098 VUs, 3552 complete and 0 interrupted iterations
readiness   [   7% ] 006/098 VUs  03m01.0s/45m0s  20.00 iters/s

running (03m02.0s), 006/098 VUs, 3572 complete and 0 interrupted iterations
readiness   [   7% ] 006/098 VUs  03m02.0s/45m0s  20.00 iters/s

running (03m03.0s), 006/098 VUs, 3592 complete and 0 interrupted iterations
readiness   [   7% ] 006/098 VUs  03m03.0s/45m0s  20.00 iters/s

running (03m04.0s), 006/098 VUs, 3612 complete and 0 interrupted iterations
readiness   [   7% ] 006/098 VUs  03m04.0s/45m0s  20.00 iters/s

running (03m05.0s), 007/098 VUs, 3631 complete and 0 interrupted iterations
readiness   [   7% ] 007/098 VUs  03m05.0s/45m0s  20.00 iters/s

running (03m06.0s), 006/098 VUs, 3652 complete and 0 interrupted iterations
readiness   [   7% ] 006/098 VUs  03m06.0s/45m0s  20.00 iters/s

running (03m07.0s), 006/098 VUs, 3672 complete and 0 interrupted iterations
readiness   [   7% ] 006/098 VUs  03m07.0s/45m0s  20.00 iters/s

running (03m08.0s), 006/098 VUs, 3692 complete and 0 interrupted iterations
readiness   [   7% ] 006/098 VUs  03m08.0s/45m0s  20.00 iters/s

running (03m09.0s), 006/098 VUs, 3712 complete and 0 interrupted iterations
readiness   [   7% ] 006/098 VUs  03m09.0s/45m0s  20.00 iters/s

running (03m10.0s), 006/098 VUs, 3732 complete and 0 interrupted iterations
readiness   [   7% ] 006/098 VUs  03m10.0s/45m0s  20.00 iters/s

running (03m11.0s), 006/098 VUs, 3752 complete and 0 interrupted iterations
readiness   [   7% ] 006/098 VUs  03m11.0s/45m0s  20.00 iters/s

running (03m12.0s), 006/098 VUs, 3772 complete and 0 interrupted iterations
readiness   [   7% ] 006/098 VUs  03m12.0s/45m0s  20.00 iters/s

running (03m13.0s), 006/098 VUs, 3792 complete and 0 interrupted iterations
readiness   [   7% ] 006/098 VUs  03m13.0s/45m0s  20.00 iters/s

running (03m14.0s), 006/098 VUs, 3812 complete and 0 interrupted iterations
readiness   [   7% ] 006/098 VUs  03m14.0s/45m0s  20.00 iters/s

running (03m15.0s), 007/098 VUs, 3831 complete and 0 interrupted iterations
readiness   [   7% ] 007/098 VUs  03m15.0s/45m0s  20.00 iters/s

running (03m16.0s), 006/098 VUs, 3852 complete and 0 interrupted iterations
readiness   [   7% ] 006/098 VUs  03m16.0s/45m0s  20.00 iters/s

running (03m17.0s), 007/098 VUs, 3871 complete and 0 interrupted iterations
readiness   [   7% ] 007/098 VUs  03m17.0s/45m0s  20.00 iters/s

running (03m18.0s), 006/098 VUs, 3892 complete and 0 interrupted iterations
readiness   [   7% ] 006/098 VUs  03m18.0s/45m0s  20.00 iters/s

running (03m19.0s), 006/098 VUs, 3912 complete and 0 interrupted iterations
readiness   [   7% ] 006/098 VUs  03m19.0s/45m0s  20.00 iters/s

running (03m20.0s), 006/098 VUs, 3932 complete and 0 interrupted iterations
readiness   [   7% ] 006/098 VUs  03m20.0s/45m0s  20.00 iters/s

running (03m21.0s), 007/098 VUs, 3951 complete and 0 interrupted iterations
readiness   [   7% ] 007/098 VUs  03m21.0s/45m0s  20.00 iters/s

running (03m22.0s), 009/098 VUs, 3969 complete and 0 interrupted iterations
readiness   [   7% ] 009/098 VUs  03m22.0s/45m0s  20.00 iters/s

running (03m23.1s), 008/098 VUs, 3993 complete and 0 interrupted iterations
readiness   [   8% ] 008/098 VUs  03m23.1s/45m0s  20.00 iters/s

running (03m24.0s), 006/098 VUs, 4012 complete and 0 interrupted iterations
readiness   [   8% ] 006/098 VUs  03m24.0s/45m0s  20.00 iters/s

running (03m25.1s), 008/098 VUs, 4032 complete and 0 interrupted iterations
readiness   [   8% ] 008/098 VUs  03m25.2s/45m0s  20.00 iters/s

running (03m26.0s), 015/098 VUs, 4044 complete and 0 interrupted iterations
readiness   [   8% ] 015/098 VUs  03m26.1s/45m0s  20.00 iters/s

running (03m27.1s), 009/098 VUs, 4071 complete and 0 interrupted iterations
readiness   [   8% ] 009/098 VUs  03m27.1s/45m0s  20.00 iters/s

running (03m28.0s), 007/098 VUs, 4091 complete and 0 interrupted iterations
readiness   [   8% ] 007/098 VUs  03m28.0s/45m0s  20.00 iters/s

running (03m29.0s), 006/098 VUs, 4112 complete and 0 interrupted iterations
readiness   [   8% ] 006/098 VUs  03m29.0s/45m0s  20.00 iters/s

running (03m30.0s), 006/098 VUs, 4132 complete and 0 interrupted iterations
readiness   [   8% ] 006/098 VUs  03m30.0s/45m0s  20.00 iters/s

running (03m31.0s), 006/098 VUs, 4152 complete and 0 interrupted iterations
readiness   [   8% ] 006/098 VUs  03m31.0s/45m0s  20.00 iters/s

running (03m32.0s), 006/098 VUs, 4172 complete and 0 interrupted iterations
readiness   [   8% ] 006/098 VUs  03m32.0s/45m0s  20.00 iters/s

running (03m33.0s), 006/098 VUs, 4192 complete and 0 interrupted iterations
readiness   [   8% ] 006/098 VUs  03m33.0s/45m0s  20.00 iters/s

running (03m34.0s), 006/098 VUs, 4212 complete and 0 interrupted iterations
readiness   [   8% ] 006/098 VUs  03m34.0s/45m0s  20.00 iters/s

running (03m35.0s), 006/098 VUs, 4232 complete and 0 interrupted iterations
readiness   [   8% ] 006/098 VUs  03m35.0s/45m0s  20.00 iters/s

running (03m36.0s), 006/098 VUs, 4252 complete and 0 interrupted iterations
readiness   [   8% ] 006/098 VUs  03m36.0s/45m0s  20.00 iters/s

running (03m37.0s), 006/098 VUs, 4272 complete and 0 interrupted iterations
readiness   [   8% ] 006/098 VUs  03m37.0s/45m0s  20.00 iters/s

running (03m38.0s), 007/098 VUs, 4291 complete and 0 interrupted iterations
readiness   [   8% ] 007/098 VUs  03m38.0s/45m0s  20.00 iters/s

running (03m39.0s), 006/098 VUs, 4312 complete and 0 interrupted iterations
readiness   [   8% ] 006/098 VUs  03m39.0s/45m0s  20.00 iters/s

running (03m40.0s), 006/098 VUs, 4332 complete and 0 interrupted iterations
readiness   [   8% ] 006/098 VUs  03m40.0s/45m0s  20.00 iters/s

running (03m41.0s), 006/098 VUs, 4352 complete and 0 interrupted iterations
readiness   [   8% ] 006/098 VUs  03m41.0s/45m0s  20.00 iters/s

running (03m42.0s), 006/098 VUs, 4372 complete and 0 interrupted iterations
readiness   [   8% ] 006/098 VUs  03m42.0s/45m0s  20.00 iters/s

running (03m43.0s), 006/098 VUs, 4392 complete and 0 interrupted iterations
readiness   [   8% ] 006/098 VUs  03m43.0s/45m0s  20.00 iters/s

running (03m44.0s), 006/098 VUs, 4412 complete and 0 interrupted iterations
readiness   [   8% ] 006/098 VUs  03m44.0s/45m0s  20.00 iters/s

running (03m45.0s), 006/098 VUs, 4432 complete and 0 interrupted iterations
readiness   [   8% ] 006/098 VUs  03m45.0s/45m0s  20.00 iters/s

running (03m46.0s), 006/098 VUs, 4452 complete and 0 interrupted iterations
readiness   [   8% ] 006/098 VUs  03m46.0s/45m0s  20.00 iters/s

running (03m47.0s), 006/098 VUs, 4472 complete and 0 interrupted iterations
readiness   [   8% ] 006/098 VUs  03m47.0s/45m0s  20.00 iters/s

running (03m48.0s), 006/098 VUs, 4492 complete and 0 interrupted iterations
readiness   [   8% ] 006/098 VUs  03m48.0s/45m0s  20.00 iters/s

running (03m49.0s), 007/098 VUs, 4511 complete and 0 interrupted iterations
readiness   [   8% ] 007/098 VUs  03m49.0s/45m0s  20.00 iters/s

running (03m50.0s), 006/098 VUs, 4532 complete and 0 interrupted iterations
readiness   [   9% ] 006/098 VUs  03m50.0s/45m0s  20.00 iters/s

running (03m51.0s), 006/098 VUs, 4552 complete and 0 interrupted iterations
readiness   [   9% ] 006/098 VUs  03m51.0s/45m0s  20.00 iters/s

running (03m52.0s), 009/098 VUs, 4569 complete and 0 interrupted iterations
readiness   [   9% ] 009/098 VUs  03m52.0s/45m0s  20.00 iters/s

running (03m53.0s), 006/098 VUs, 4592 complete and 0 interrupted iterations
readiness   [   9% ] 006/098 VUs  03m53.0s/45m0s  20.00 iters/s

running (03m54.0s), 007/098 VUs, 4611 complete and 0 interrupted iterations
readiness   [   9% ] 007/098 VUs  03m54.0s/45m0s  20.00 iters/s

running (03m55.0s), 006/098 VUs, 4632 complete and 0 interrupted iterations
readiness   [   9% ] 006/098 VUs  03m55.0s/45m0s  20.00 iters/s

running (03m56.0s), 006/098 VUs, 4652 complete and 0 interrupted iterations
readiness   [   9% ] 006/098 VUs  03m56.0s/45m0s  20.00 iters/s

running (03m57.0s), 006/098 VUs, 4672 complete and 0 interrupted iterations
readiness   [   9% ] 006/098 VUs  03m57.0s/45m0s  20.00 iters/s

running (03m58.0s), 006/098 VUs, 4692 complete and 0 interrupted iterations
readiness   [   9% ] 006/098 VUs  03m58.0s/45m0s  20.00 iters/s

running (03m59.0s), 006/098 VUs, 4712 complete and 0 interrupted iterations
readiness   [   9% ] 006/098 VUs  03m59.0s/45m0s  20.00 iters/s

running (04m00.0s), 006/098 VUs, 4732 complete and 0 interrupted iterations
readiness   [   9% ] 006/098 VUs  04m00.0s/45m0s  20.00 iters/s

running (04m01.0s), 006/098 VUs, 4752 complete and 0 interrupted iterations
readiness   [   9% ] 006/098 VUs  04m01.0s/45m0s  20.00 iters/s

running (04m02.0s), 006/098 VUs, 4772 complete and 0 interrupted iterations
readiness   [   9% ] 006/098 VUs  04m02.0s/45m0s  20.00 iters/s

running (04m03.0s), 006/098 VUs, 4792 complete and 0 interrupted iterations
readiness   [   9% ] 006/098 VUs  04m03.0s/45m0s  20.00 iters/s

running (04m04.0s), 006/098 VUs, 4812 complete and 0 interrupted iterations
readiness   [   9% ] 006/098 VUs  04m04.0s/45m0s  20.00 iters/s

running (04m05.1s), 008/098 VUs, 4833 complete and 0 interrupted iterations
readiness   [   9% ] 008/098 VUs  04m05.1s/45m0s  20.00 iters/s

running (04m06.0s), 007/098 VUs, 4851 complete and 0 interrupted iterations
readiness   [   9% ] 007/098 VUs  04m06.0s/45m0s  20.00 iters/s

running (04m07.0s), 007/098 VUs, 4871 complete and 0 interrupted iterations
readiness   [   9% ] 007/098 VUs  04m07.0s/45m0s  20.00 iters/s

running (04m08.1s), 007/098 VUs, 4891 complete and 0 interrupted iterations
readiness   [   9% ] 007/098 VUs  04m08.1s/45m0s  20.00 iters/s

running (04m09.0s), 006/098 VUs, 4912 complete and 0 interrupted iterations
readiness   [   9% ] 006/098 VUs  04m09.0s/45m0s  20.00 iters/s

running (04m10.0s), 006/098 VUs, 4932 complete and 0 interrupted iterations
readiness   [   9% ] 006/098 VUs  04m10.0s/45m0s  20.00 iters/s

running (04m11.0s), 007/098 VUs, 4951 complete and 0 interrupted iterations
readiness   [   9% ] 007/098 VUs  04m11.0s/45m0s  20.00 iters/s

running (04m12.0s), 007/098 VUs, 4971 complete and 0 interrupted iterations
readiness   [   9% ] 007/098 VUs  04m12.0s/45m0s  20.00 iters/s

running (04m13.0s), 006/098 VUs, 4992 complete and 0 interrupted iterations
readiness   [   9% ] 006/098 VUs  04m13.0s/45m0s  20.00 iters/s

running (04m14.0s), 006/098 VUs, 5012 complete and 0 interrupted iterations
readiness   [   9% ] 006/098 VUs  04m14.0s/45m0s  20.00 iters/s

running (04m15.0s), 006/098 VUs, 5032 complete and 0 interrupted iterations
readiness   [   9% ] 006/098 VUs  04m15.0s/45m0s  20.00 iters/s

running (04m16.0s), 006/098 VUs, 5052 complete and 0 interrupted iterations
readiness   [   9% ] 006/098 VUs  04m16.0s/45m0s  20.00 iters/s

running (04m17.0s), 006/098 VUs, 5072 complete and 0 interrupted iterations
readiness   [  10% ] 006/098 VUs  04m17.0s/45m0s  20.00 iters/s

running (04m18.0s), 006/098 VUs, 5092 complete and 0 interrupted iterations
readiness   [  10% ] 006/098 VUs  04m18.0s/45m0s  20.00 iters/s

running (04m19.0s), 006/098 VUs, 5112 complete and 0 interrupted iterations
readiness   [  10% ] 006/098 VUs  04m19.0s/45m0s  20.00 iters/s

running (04m20.0s), 006/098 VUs, 5132 complete and 0 interrupted iterations
readiness   [  10% ] 006/098 VUs  04m20.0s/45m0s  20.00 iters/s

running (04m21.0s), 006/098 VUs, 5152 complete and 0 interrupted iterations
readiness   [  10% ] 006/098 VUs  04m21.0s/45m0s  20.00 iters/s

running (04m22.0s), 006/098 VUs, 5172 complete and 0 interrupted iterations
readiness   [  10% ] 006/098 VUs  04m22.0s/45m0s  20.00 iters/s

running (04m23.0s), 006/098 VUs, 5192 complete and 0 interrupted iterations
readiness   [  10% ] 006/098 VUs  04m23.0s/45m0s  20.00 iters/s

running (04m24.0s), 006/098 VUs, 5212 complete and 0 interrupted iterations
readiness   [  10% ] 006/098 VUs  04m24.0s/45m0s  20.00 iters/s

running (04m25.0s), 006/098 VUs, 5232 complete and 0 interrupted iterations
readiness   [  10% ] 006/098 VUs  04m25.0s/45m0s  20.00 iters/s

running (04m26.0s), 006/098 VUs, 5252 complete and 0 interrupted iterations
readiness   [  10% ] 006/098 VUs  04m26.0s/45m0s  20.00 iters/s

running (04m27.0s), 006/098 VUs, 5272 complete and 0 interrupted iterations
readiness   [  10% ] 006/098 VUs  04m27.0s/45m0s  20.00 iters/s

running (04m28.0s), 006/098 VUs, 5292 complete and 0 interrupted iterations
readiness   [  10% ] 006/098 VUs  04m28.0s/45m0s  20.00 iters/s

running (04m29.0s), 007/098 VUs, 5311 complete and 0 interrupted iterations
readiness   [  10% ] 007/098 VUs  04m29.0s/45m0s  20.00 iters/s

running (04m30.0s), 006/098 VUs, 5332 complete and 0 interrupted iterations
readiness   [  10% ] 006/098 VUs  04m30.0s/45m0s  20.00 iters/s

running (04m31.0s), 007/098 VUs, 5351 complete and 0 interrupted iterations
readiness   [  10% ] 007/098 VUs  04m31.0s/45m0s  20.00 iters/s

running (04m32.0s), 006/098 VUs, 5372 complete and 0 interrupted iterations
readiness   [  10% ] 006/098 VUs  04m32.0s/45m0s  20.00 iters/s

running (04m33.0s), 006/098 VUs, 5392 complete and 0 interrupted iterations
readiness   [  10% ] 006/098 VUs  04m33.0s/45m0s  20.00 iters/s

running (04m34.0s), 007/098 VUs, 5411 complete and 0 interrupted iterations
readiness   [  10% ] 007/098 VUs  04m34.0s/45m0s  20.00 iters/s

running (04m35.0s), 006/098 VUs, 5432 complete and 0 interrupted iterations
readiness   [  10% ] 006/098 VUs  04m35.0s/45m0s  20.00 iters/s

running (04m36.0s), 007/098 VUs, 5451 complete and 0 interrupted iterations
readiness   [  10% ] 007/098 VUs  04m36.0s/45m0s  20.00 iters/s

running (04m37.0s), 007/098 VUs, 5471 complete and 0 interrupted iterations
readiness   [  10% ] 007/098 VUs  04m37.0s/45m0s  20.00 iters/s

running (04m38.0s), 007/098 VUs, 5491 complete and 0 interrupted iterations
readiness   [  10% ] 007/098 VUs  04m38.0s/45m0s  20.00 iters/s

running (04m39.0s), 006/098 VUs, 5512 complete and 0 interrupted iterations
readiness   [  10% ] 006/098 VUs  04m39.0s/45m0s  20.00 iters/s

running (04m40.0s), 007/098 VUs, 5531 complete and 0 interrupted iterations
readiness   [  10% ] 007/098 VUs  04m40.0s/45m0s  20.00 iters/s

running (04m41.0s), 009/098 VUs, 5552 complete and 0 interrupted iterations
readiness   [  10% ] 009/098 VUs  04m41.1s/45m0s  20.00 iters/s

running (04m42.0s), 006/098 VUs, 5572 complete and 0 interrupted iterations
readiness   [  10% ] 006/098 VUs  04m42.0s/45m0s  20.00 iters/s

running (04m43.0s), 006/098 VUs, 5592 complete and 0 interrupted iterations
readiness   [  10% ] 006/098 VUs  04m43.0s/45m0s  20.00 iters/s

running (04m44.0s), 006/098 VUs, 5612 complete and 0 interrupted iterations
readiness   [  11% ] 006/098 VUs  04m44.0s/45m0s  20.00 iters/s

running (04m45.0s), 006/098 VUs, 5632 complete and 0 interrupted iterations
readiness   [  11% ] 006/098 VUs  04m45.0s/45m0s  20.00 iters/s

running (04m46.0s), 006/098 VUs, 5652 complete and 0 interrupted iterations
readiness   [  11% ] 006/098 VUs  04m46.0s/45m0s  20.00 iters/s

running (04m47.0s), 006/098 VUs, 5672 complete and 0 interrupted iterations
readiness   [  11% ] 006/098 VUs  04m47.0s/45m0s  20.00 iters/s

running (04m48.0s), 006/098 VUs, 5692 complete and 0 interrupted iterations
readiness   [  11% ] 006/098 VUs  04m48.0s/45m0s  20.00 iters/s

running (04m49.0s), 006/098 VUs, 5712 complete and 0 interrupted iterations
readiness   [  11% ] 006/098 VUs  04m49.0s/45m0s  20.00 iters/s

running (04m50.0s), 006/098 VUs, 5732 complete and 0 interrupted iterations
readiness   [  11% ] 006/098 VUs  04m50.0s/45m0s  20.00 iters/s

running (04m51.0s), 006/098 VUs, 5752 complete and 0 interrupted iterations
readiness   [  11% ] 006/098 VUs  04m51.0s/45m0s  20.00 iters/s

running (04m52.0s), 009/098 VUs, 5769 complete and 0 interrupted iterations
readiness   [  11% ] 009/098 VUs  04m52.0s/45m0s  20.00 iters/s

running (04m53.0s), 007/098 VUs, 5791 complete and 0 interrupted iterations
readiness   [  11% ] 007/098 VUs  04m53.0s/45m0s  20.00 iters/s

running (04m54.0s), 010/098 VUs, 5808 complete and 0 interrupted iterations
readiness   [  11% ] 010/098 VUs  04m54.0s/45m0s  20.00 iters/s

running (04m55.0s), 006/098 VUs, 5832 complete and 0 interrupted iterations
readiness   [  11% ] 006/098 VUs  04m55.0s/45m0s  20.00 iters/s

running (04m56.0s), 006/098 VUs, 5852 complete and 0 interrupted iterations
readiness   [  11% ] 006/098 VUs  04m56.0s/45m0s  20.00 iters/s

running (04m57.0s), 006/098 VUs, 5872 complete and 0 interrupted iterations
readiness   [  11% ] 006/098 VUs  04m57.0s/45m0s  20.00 iters/s

running (04m58.0s), 006/098 VUs, 5892 complete and 0 interrupted iterations
readiness   [  11% ] 006/098 VUs  04m58.0s/45m0s  20.00 iters/s

running (04m59.0s), 006/098 VUs, 5912 complete and 0 interrupted iterations
readiness   [  11% ] 006/098 VUs  04m59.0s/45m0s  20.00 iters/s

running (05m00.0s), 006/098 VUs, 5932 complete and 0 interrupted iterations
readiness   [  11% ] 006/098 VUs  05m00.0s/45m0s  20.00 iters/s

running (05m01.0s), 007/098 VUs, 5951 complete and 0 interrupted iterations
readiness   [  11% ] 007/098 VUs  05m01.0s/45m0s  20.00 iters/s

running (05m02.0s), 006/098 VUs, 5972 complete and 0 interrupted iterations
readiness   [  11% ] 006/098 VUs  05m02.0s/45m0s  20.00 iters/s

running (05m03.0s), 006/098 VUs, 5992 complete and 0 interrupted iterations
readiness   [  11% ] 006/098 VUs  05m03.0s/45m0s  20.00 iters/s

running (05m04.0s), 006/098 VUs, 6012 complete and 0 interrupted iterations
readiness   [  11% ] 006/098 VUs  05m04.0s/45m0s  20.00 iters/s

running (05m05.0s), 006/098 VUs, 6032 complete and 0 interrupted iterations
readiness   [  11% ] 006/098 VUs  05m05.0s/45m0s  20.00 iters/s

running (05m06.0s), 006/098 VUs, 6052 complete and 0 interrupted iterations
readiness   [  11% ] 006/098 VUs  05m06.0s/45m0s  20.00 iters/s

running (05m07.0s), 006/098 VUs, 6072 complete and 0 interrupted iterations
readiness   [  11% ] 006/098 VUs  05m07.0s/45m0s  20.00 iters/s

running (05m08.0s), 006/098 VUs, 6092 complete and 0 interrupted iterations
readiness   [  11% ] 006/098 VUs  05m08.0s/45m0s  20.00 iters/s

running (05m09.0s), 006/098 VUs, 6112 complete and 0 interrupted iterations
readiness   [  11% ] 006/098 VUs  05m09.0s/45m0s  20.00 iters/s

running (05m10.0s), 006/098 VUs, 6132 complete and 0 interrupted iterations
readiness   [  11% ] 006/098 VUs  05m10.0s/45m0s  20.00 iters/s

running (05m11.0s), 006/098 VUs, 6152 complete and 0 interrupted iterations
readiness   [  12% ] 006/098 VUs  05m11.0s/45m0s  20.00 iters/s

running (05m12.0s), 006/098 VUs, 6172 complete and 0 interrupted iterations
readiness   [  12% ] 006/098 VUs  05m12.0s/45m0s  20.00 iters/s

running (05m13.0s), 006/098 VUs, 6192 complete and 0 interrupted iterations
readiness   [  12% ] 006/098 VUs  05m13.0s/45m0s  20.00 iters/s

running (05m14.0s), 006/098 VUs, 6212 complete and 0 interrupted iterations
readiness   [  12% ] 006/098 VUs  05m14.0s/45m0s  20.00 iters/s

running (05m15.0s), 006/098 VUs, 6232 complete and 0 interrupted iterations
readiness   [  12% ] 006/098 VUs  05m15.0s/45m0s  20.00 iters/s

running (05m16.0s), 007/098 VUs, 6251 complete and 0 interrupted iterations
readiness   [  12% ] 007/098 VUs  05m16.0s/45m0s  20.00 iters/s

running (05m17.0s), 006/098 VUs, 6272 complete and 0 interrupted iterations
readiness   [  12% ] 006/098 VUs  05m17.0s/45m0s  20.00 iters/s

running (05m18.0s), 006/098 VUs, 6292 complete and 0 interrupted iterations
readiness   [  12% ] 006/098 VUs  05m18.0s/45m0s  20.00 iters/s

running (05m19.0s), 006/098 VUs, 6312 complete and 0 interrupted iterations
readiness   [  12% ] 006/098 VUs  05m19.0s/45m0s  20.00 iters/s

running (05m20.0s), 007/098 VUs, 6331 complete and 0 interrupted iterations
readiness   [  12% ] 007/098 VUs  05m20.0s/45m0s  20.00 iters/s

running (05m21.0s), 006/098 VUs, 6352 complete and 0 interrupted iterations
readiness   [  12% ] 006/098 VUs  05m21.0s/45m0s  20.00 iters/s

running (05m22.0s), 006/098 VUs, 6372 complete and 0 interrupted iterations
readiness   [  12% ] 006/098 VUs  05m22.0s/45m0s  20.00 iters/s

running (05m23.0s), 006/098 VUs, 6392 complete and 0 interrupted iterations
readiness   [  12% ] 006/098 VUs  05m23.0s/45m0s  20.00 iters/s

running (05m24.0s), 006/098 VUs, 6412 complete and 0 interrupted iterations
readiness   [  12% ] 006/098 VUs  05m24.0s/45m0s  20.00 iters/s

running (05m25.0s), 007/098 VUs, 6431 complete and 0 interrupted iterations
readiness   [  12% ] 007/098 VUs  05m25.0s/45m0s  20.00 iters/s

running (05m26.0s), 007/098 VUs, 6451 complete and 0 interrupted iterations
readiness   [  12% ] 007/098 VUs  05m26.0s/45m0s  20.00 iters/s

running (05m27.0s), 007/098 VUs, 6471 complete and 0 interrupted iterations
readiness   [  12% ] 007/098 VUs  05m27.0s/45m0s  20.00 iters/s

running (05m28.0s), 006/098 VUs, 6492 complete and 0 interrupted iterations
readiness   [  12% ] 006/098 VUs  05m28.0s/45m0s  20.00 iters/s

running (05m29.0s), 006/098 VUs, 6512 complete and 0 interrupted iterations
readiness   [  12% ] 006/098 VUs  05m29.0s/45m0s  20.00 iters/s

running (05m30.0s), 006/098 VUs, 6532 complete and 0 interrupted iterations
readiness   [  12% ] 006/098 VUs  05m30.0s/45m0s  20.00 iters/s

running (05m31.0s), 006/098 VUs, 6552 complete and 0 interrupted iterations
readiness   [  12% ] 006/098 VUs  05m31.0s/45m0s  20.00 iters/s

running (05m32.0s), 006/098 VUs, 6572 complete and 0 interrupted iterations
readiness   [  12% ] 006/098 VUs  05m32.0s/45m0s  20.00 iters/s

running (05m33.0s), 006/098 VUs, 6592 complete and 0 interrupted iterations
readiness   [  12% ] 006/098 VUs  05m33.0s/45m0s  20.00 iters/s

running (05m34.0s), 006/098 VUs, 6612 complete and 0 interrupted iterations
readiness   [  12% ] 006/098 VUs  05m34.0s/45m0s  20.00 iters/s

running (05m35.0s), 006/098 VUs, 6632 complete and 0 interrupted iterations
readiness   [  12% ] 006/098 VUs  05m35.0s/45m0s  20.00 iters/s

running (05m36.0s), 006/098 VUs, 6652 complete and 0 interrupted iterations
readiness   [  12% ] 006/098 VUs  05m36.0s/45m0s  20.00 iters/s

running (05m37.0s), 006/098 VUs, 6672 complete and 0 interrupted iterations
readiness   [  12% ] 006/098 VUs  05m37.0s/45m0s  20.00 iters/s

running (05m38.0s), 006/098 VUs, 6692 complete and 0 interrupted iterations
readiness   [  13% ] 006/098 VUs  05m38.0s/45m0s  20.00 iters/s

running (05m39.0s), 006/098 VUs, 6712 complete and 0 interrupted iterations
readiness   [  13% ] 006/098 VUs  05m39.0s/45m0s  20.00 iters/s

running (05m40.0s), 006/098 VUs, 6732 complete and 0 interrupted iterations
readiness   [  13% ] 006/098 VUs  05m40.0s/45m0s  20.00 iters/s

running (05m41.0s), 006/098 VUs, 6752 complete and 0 interrupted iterations
readiness   [  13% ] 006/098 VUs  05m41.0s/45m0s  20.00 iters/s

running (05m42.0s), 007/098 VUs, 6771 complete and 0 interrupted iterations
readiness   [  13% ] 007/098 VUs  05m42.0s/45m0s  20.00 iters/s

running (05m43.0s), 006/098 VUs, 6792 complete and 0 interrupted iterations
readiness   [  13% ] 006/098 VUs  05m43.0s/45m0s  20.00 iters/s

running (05m44.0s), 006/098 VUs, 6812 complete and 0 interrupted iterations
readiness   [  13% ] 006/098 VUs  05m44.0s/45m0s  20.00 iters/s

running (05m45.0s), 006/098 VUs, 6832 complete and 0 interrupted iterations
readiness   [  13% ] 006/098 VUs  05m45.0s/45m0s  20.00 iters/s

running (05m46.0s), 006/098 VUs, 6852 complete and 0 interrupted iterations
readiness   [  13% ] 006/098 VUs  05m46.0s/45m0s  20.00 iters/s

running (05m47.0s), 006/098 VUs, 6872 complete and 0 interrupted iterations
readiness   [  13% ] 006/098 VUs  05m47.0s/45m0s  20.00 iters/s

running (05m48.0s), 006/098 VUs, 6892 complete and 0 interrupted iterations
readiness   [  13% ] 006/098 VUs  05m48.0s/45m0s  20.00 iters/s

running (05m49.0s), 006/098 VUs, 6912 complete and 0 interrupted iterations
readiness   [  13% ] 006/098 VUs  05m49.0s/45m0s  20.00 iters/s

running (05m50.1s), 009/098 VUs, 6932 complete and 0 interrupted iterations
readiness   [  13% ] 009/098 VUs  05m50.1s/45m0s  20.00 iters/s

running (05m51.0s), 006/098 VUs, 6952 complete and 0 interrupted iterations
readiness   [  13% ] 006/098 VUs  05m51.0s/45m0s  20.00 iters/s

running (05m52.0s), 009/098 VUs, 6969 complete and 0 interrupted iterations
readiness   [  13% ] 009/098 VUs  05m52.0s/45m0s  20.00 iters/s

running (05m53.0s), 007/098 VUs, 6991 complete and 0 interrupted iterations
readiness   [  13% ] 007/098 VUs  05m53.0s/45m0s  20.00 iters/s

running (05m54.0s), 008/098 VUs, 7010 complete and 0 interrupted iterations
readiness   [  13% ] 008/098 VUs  05m54.0s/45m0s  20.00 iters/s

running (05m55.0s), 007/098 VUs, 7031 complete and 0 interrupted iterations
readiness   [  13% ] 007/098 VUs  05m55.0s/45m0s  20.00 iters/s

running (05m56.0s), 006/098 VUs, 7052 complete and 0 interrupted iterations
readiness   [  13% ] 006/098 VUs  05m56.0s/45m0s  20.00 iters/s

running (05m57.0s), 006/098 VUs, 7072 complete and 0 interrupted iterations
readiness   [  13% ] 006/098 VUs  05m57.0s/45m0s  20.00 iters/s

running (05m58.0s), 006/098 VUs, 7092 complete and 0 interrupted iterations
readiness   [  13% ] 006/098 VUs  05m58.0s/45m0s  20.00 iters/s

running (05m59.0s), 006/098 VUs, 7112 complete and 0 interrupted iterations
readiness   [  13% ] 006/098 VUs  05m59.0s/45m0s  20.00 iters/s

running (06m00.0s), 006/098 VUs, 7132 complete and 0 interrupted iterations
readiness   [  13% ] 006/098 VUs  06m00.0s/45m0s  20.00 iters/s

running (06m01.0s), 006/098 VUs, 7152 complete and 0 interrupted iterations
readiness   [  13% ] 006/098 VUs  06m01.0s/45m0s  20.00 iters/s

running (06m02.0s), 006/098 VUs, 7172 complete and 0 interrupted iterations
readiness   [  13% ] 006/098 VUs  06m02.0s/45m0s  20.00 iters/s

running (06m03.0s), 006/098 VUs, 7192 complete and 0 interrupted iterations
readiness   [  13% ] 006/098 VUs  06m03.0s/45m0s  20.00 iters/s

running (06m04.0s), 006/098 VUs, 7212 complete and 0 interrupted iterations
readiness   [  13% ] 006/098 VUs  06m04.0s/45m0s  20.00 iters/s

running (06m05.0s), 006/098 VUs, 7232 complete and 0 interrupted iterations
readiness   [  14% ] 006/098 VUs  06m05.0s/45m0s  20.00 iters/s

running (06m06.0s), 006/098 VUs, 7252 complete and 0 interrupted iterations
readiness   [  14% ] 006/098 VUs  06m06.0s/45m0s  20.00 iters/s

running (06m07.0s), 006/098 VUs, 7272 complete and 0 interrupted iterations
readiness   [  14% ] 006/098 VUs  06m07.0s/45m0s  20.00 iters/s

running (06m08.0s), 006/098 VUs, 7292 complete and 0 interrupted iterations
readiness   [  14% ] 006/098 VUs  06m08.0s/45m0s  20.00 iters/s

running (06m09.0s), 006/098 VUs, 7312 complete and 0 interrupted iterations
readiness   [  14% ] 006/098 VUs  06m09.0s/45m0s  20.00 iters/s

running (06m10.0s), 007/098 VUs, 7331 complete and 0 interrupted iterations
readiness   [  14% ] 007/098 VUs  06m10.0s/45m0s  20.00 iters/s

running (06m11.0s), 006/098 VUs, 7352 complete and 0 interrupted iterations
readiness   [  14% ] 006/098 VUs  06m11.0s/45m0s  20.00 iters/s

running (06m12.0s), 006/098 VUs, 7372 complete and 0 interrupted iterations
readiness   [  14% ] 006/098 VUs  06m12.0s/45m0s  20.00 iters/s

running (06m13.0s), 006/098 VUs, 7392 complete and 0 interrupted iterations
readiness   [  14% ] 006/098 VUs  06m13.0s/45m0s  20.00 iters/s

running (06m14.0s), 006/098 VUs, 7412 complete and 0 interrupted iterations
readiness   [  14% ] 006/098 VUs  06m14.0s/45m0s  20.00 iters/s

running (06m15.0s), 007/098 VUs, 7431 complete and 0 interrupted iterations
readiness   [  14% ] 007/098 VUs  06m15.0s/45m0s  20.00 iters/s

running (06m16.0s), 007/098 VUs, 7451 complete and 0 interrupted iterations
readiness   [  14% ] 007/098 VUs  06m16.0s/45m0s  20.00 iters/s

running (06m17.0s), 006/098 VUs, 7472 complete and 0 interrupted iterations
readiness   [  14% ] 006/098 VUs  06m17.0s/45m0s  20.00 iters/s

running (06m18.0s), 006/098 VUs, 7492 complete and 0 interrupted iterations
readiness   [  14% ] 006/098 VUs  06m18.0s/45m0s  20.00 iters/s

running (06m19.0s), 006/098 VUs, 7512 complete and 0 interrupted iterations
readiness   [  14% ] 006/098 VUs  06m19.0s/45m0s  20.00 iters/s

running (06m20.0s), 006/098 VUs, 7532 complete and 0 interrupted iterations
readiness   [  14% ] 006/098 VUs  06m20.0s/45m0s  20.00 iters/s

running (06m21.0s), 006/098 VUs, 7552 complete and 0 interrupted iterations
readiness   [  14% ] 006/098 VUs  06m21.0s/45m0s  20.00 iters/s

running (06m22.0s), 006/098 VUs, 7572 complete and 0 interrupted iterations
readiness   [  14% ] 006/098 VUs  06m22.0s/45m0s  20.00 iters/s

running (06m23.0s), 006/098 VUs, 7592 complete and 0 interrupted iterations
readiness   [  14% ] 006/098 VUs  06m23.0s/45m0s  20.00 iters/s

running (06m24.0s), 006/098 VUs, 7612 complete and 0 interrupted iterations
readiness   [  14% ] 006/098 VUs  06m24.0s/45m0s  20.00 iters/s

running (06m25.0s), 006/098 VUs, 7632 complete and 0 interrupted iterations
readiness   [  14% ] 006/098 VUs  06m25.0s/45m0s  20.00 iters/s

running (06m26.0s), 006/098 VUs, 7652 complete and 0 interrupted iterations
readiness   [  14% ] 006/098 VUs  06m26.0s/45m0s  20.00 iters/s

running (06m27.0s), 006/098 VUs, 7672 complete and 0 interrupted iterations
readiness   [  14% ] 006/098 VUs  06m27.0s/45m0s  20.00 iters/s

running (06m28.0s), 006/098 VUs, 7692 complete and 0 interrupted iterations
readiness   [  14% ] 006/098 VUs  06m28.0s/45m0s  20.00 iters/s

running (06m29.0s), 006/098 VUs, 7712 complete and 0 interrupted iterations
readiness   [  14% ] 006/098 VUs  06m29.0s/45m0s  20.00 iters/s

running (06m30.0s), 006/098 VUs, 7732 complete and 0 interrupted iterations
readiness   [  14% ] 006/098 VUs  06m30.0s/45m0s  20.00 iters/s

running (06m31.0s), 006/098 VUs, 7752 complete and 0 interrupted iterations
readiness   [  14% ] 006/098 VUs  06m31.0s/45m0s  20.00 iters/s

running (06m32.0s), 006/098 VUs, 7772 complete and 0 interrupted iterations
readiness   [  15% ] 006/098 VUs  06m32.0s/45m0s  20.00 iters/s

running (06m33.0s), 006/098 VUs, 7792 complete and 0 interrupted iterations
readiness   [  15% ] 006/098 VUs  06m33.0s/45m0s  20.00 iters/s

running (06m34.0s), 006/098 VUs, 7812 complete and 0 interrupted iterations
readiness   [  15% ] 006/098 VUs  06m34.0s/45m0s  20.00 iters/s

running (06m35.0s), 006/098 VUs, 7832 complete and 0 interrupted iterations
readiness   [  15% ] 006/098 VUs  06m35.0s/45m0s  20.00 iters/s

running (06m36.0s), 006/098 VUs, 7852 complete and 0 interrupted iterations
readiness   [  15% ] 006/098 VUs  06m36.0s/45m0s  20.00 iters/s

running (06m37.0s), 007/098 VUs, 7871 complete and 0 interrupted iterations
readiness   [  15% ] 007/098 VUs  06m37.0s/45m0s  20.00 iters/s

running (06m38.0s), 006/098 VUs, 7892 complete and 0 interrupted iterations
readiness   [  15% ] 006/098 VUs  06m38.0s/45m0s  20.00 iters/s

running (06m39.0s), 008/098 VUs, 7910 complete and 0 interrupted iterations
readiness   [  15% ] 008/098 VUs  06m39.0s/45m0s  20.00 iters/s

running (06m40.0s), 007/098 VUs, 7931 complete and 0 interrupted iterations
readiness   [  15% ] 007/098 VUs  06m40.0s/45m0s  20.00 iters/s

running (06m41.0s), 006/098 VUs, 7952 complete and 0 interrupted iterations
readiness   [  15% ] 006/098 VUs  06m41.0s/45m0s  20.00 iters/s

running (06m42.0s), 006/098 VUs, 7972 complete and 0 interrupted iterations
readiness   [  15% ] 006/098 VUs  06m42.0s/45m0s  20.00 iters/s

running (06m43.0s), 007/098 VUs, 7991 complete and 0 interrupted iterations
readiness   [  15% ] 007/098 VUs  06m43.0s/45m0s  20.00 iters/s

running (06m44.3s), 011/098 VUs, 8011 complete and 0 interrupted iterations
readiness   [  15% ] 011/098 VUs  06m44.3s/45m0s  20.00 iters/s

running (06m45.0s), 006/098 VUs, 8032 complete and 0 interrupted iterations
readiness   [  15% ] 006/098 VUs  06m45.0s/45m0s  20.00 iters/s

running (06m46.0s), 006/098 VUs, 8052 complete and 0 interrupted iterations
readiness   [  15% ] 006/098 VUs  06m46.0s/45m0s  20.00 iters/s

running (06m47.0s), 006/098 VUs, 8072 complete and 0 interrupted iterations
readiness   [  15% ] 006/098 VUs  06m47.0s/45m0s  20.00 iters/s

running (06m48.0s), 006/098 VUs, 8092 complete and 0 interrupted iterations
readiness   [  15% ] 006/098 VUs  06m48.0s/45m0s  20.00 iters/s

running (06m49.0s), 006/098 VUs, 8112 complete and 0 interrupted iterations
readiness   [  15% ] 006/098 VUs  06m49.0s/45m0s  20.00 iters/s

running (06m50.0s), 006/098 VUs, 8132 complete and 0 interrupted iterations
readiness   [  15% ] 006/098 VUs  06m50.0s/45m0s  20.00 iters/s

running (06m51.0s), 006/098 VUs, 8152 complete and 0 interrupted iterations
readiness   [  15% ] 006/098 VUs  06m51.0s/45m0s  20.00 iters/s

running (06m52.0s), 009/098 VUs, 8169 complete and 0 interrupted iterations
readiness   [  15% ] 009/098 VUs  06m52.0s/45m0s  20.00 iters/s

running (06m53.0s), 007/098 VUs, 8191 complete and 0 interrupted iterations
readiness   [  15% ] 007/098 VUs  06m53.0s/45m0s  20.00 iters/s

running (06m54.0s), 009/098 VUs, 8209 complete and 0 interrupted iterations
readiness   [  15% ] 009/098 VUs  06m54.0s/45m0s  20.00 iters/s

running (06m55.0s), 006/098 VUs, 8232 complete and 0 interrupted iterations
readiness   [  15% ] 006/098 VUs  06m55.0s/45m0s  20.00 iters/s

running (06m56.0s), 007/098 VUs, 8251 complete and 0 interrupted iterations
readiness   [  15% ] 007/098 VUs  06m56.0s/45m0s  20.00 iters/s

running (06m57.0s), 006/098 VUs, 8272 complete and 0 interrupted iterations
readiness   [  15% ] 006/098 VUs  06m57.0s/45m0s  20.00 iters/s

running (06m58.0s), 007/098 VUs, 8291 complete and 0 interrupted iterations
readiness   [  15% ] 007/098 VUs  06m58.0s/45m0s  20.00 iters/s

running (06m59.0s), 006/098 VUs, 8312 complete and 0 interrupted iterations
readiness   [  16% ] 006/098 VUs  06m59.0s/45m0s  20.00 iters/s

running (07m00.0s), 006/098 VUs, 8332 complete and 0 interrupted iterations
readiness   [  16% ] 006/098 VUs  07m00.0s/45m0s  20.00 iters/s

running (07m01.0s), 006/098 VUs, 8352 complete and 0 interrupted iterations
readiness   [  16% ] 006/098 VUs  07m01.0s/45m0s  20.00 iters/s

running (07m02.0s), 007/098 VUs, 8371 complete and 0 interrupted iterations
readiness   [  16% ] 007/098 VUs  07m02.0s/45m0s  20.00 iters/s

running (07m03.0s), 006/098 VUs, 8392 complete and 0 interrupted iterations
readiness   [  16% ] 006/098 VUs  07m03.0s/45m0s  20.00 iters/s

running (07m04.0s), 007/098 VUs, 8411 complete and 0 interrupted iterations
readiness   [  16% ] 007/098 VUs  07m04.0s/45m0s  20.00 iters/s

running (07m05.0s), 007/098 VUs, 8431 complete and 0 interrupted iterations
readiness   [  16% ] 007/098 VUs  07m05.0s/45m0s  20.00 iters/s

running (07m06.0s), 006/098 VUs, 8452 complete and 0 interrupted iterations
readiness   [  16% ] 006/098 VUs  07m06.0s/45m0s  20.00 iters/s

running (07m07.0s), 006/098 VUs, 8472 complete and 0 interrupted iterations
readiness   [  16% ] 006/098 VUs  07m07.0s/45m0s  20.00 iters/s

running (07m08.0s), 007/098 VUs, 8491 complete and 0 interrupted iterations
readiness   [  16% ] 007/098 VUs  07m08.0s/45m0s  20.00 iters/s

running (07m09.0s), 006/098 VUs, 8512 complete and 0 interrupted iterations
readiness   [  16% ] 006/098 VUs  07m09.0s/45m0s  20.00 iters/s

running (07m10.0s), 006/098 VUs, 8532 complete and 0 interrupted iterations
readiness   [  16% ] 006/098 VUs  07m10.0s/45m0s  20.00 iters/s

running (07m11.0s), 006/098 VUs, 8552 complete and 0 interrupted iterations
readiness   [  16% ] 006/098 VUs  07m11.0s/45m0s  20.00 iters/s

running (07m12.0s), 006/098 VUs, 8572 complete and 0 interrupted iterations
readiness   [  16% ] 006/098 VUs  07m12.0s/45m0s  20.00 iters/s

running (07m13.0s), 006/098 VUs, 8592 complete and 0 interrupted iterations
readiness   [  16% ] 006/098 VUs  07m13.0s/45m0s  20.00 iters/s

running (07m14.0s), 006/098 VUs, 8612 complete and 0 interrupted iterations
readiness   [  16% ] 006/098 VUs  07m14.0s/45m0s  20.00 iters/s

running (07m15.0s), 006/098 VUs, 8632 complete and 0 interrupted iterations
readiness   [  16% ] 006/098 VUs  07m15.0s/45m0s  20.00 iters/s

running (07m16.0s), 006/098 VUs, 8652 complete and 0 interrupted iterations
readiness   [  16% ] 006/098 VUs  07m16.0s/45m0s  20.00 iters/s

running (07m17.0s), 006/098 VUs, 8672 complete and 0 interrupted iterations
readiness   [  16% ] 006/098 VUs  07m17.0s/45m0s  20.00 iters/s

running (07m18.0s), 008/098 VUs, 8690 complete and 0 interrupted iterations
readiness   [  16% ] 008/098 VUs  07m18.0s/45m0s  20.00 iters/s

running (07m19.0s), 006/098 VUs, 8712 complete and 0 interrupted iterations
readiness   [  16% ] 006/098 VUs  07m19.0s/45m0s  20.00 iters/s

running (07m20.0s), 006/098 VUs, 8732 complete and 0 interrupted iterations
readiness   [  16% ] 006/098 VUs  07m20.0s/45m0s  20.00 iters/s

running (07m21.0s), 006/098 VUs, 8752 complete and 0 interrupted iterations
readiness   [  16% ] 006/098 VUs  07m21.0s/45m0s  20.00 iters/s

running (07m22.0s), 006/098 VUs, 8772 complete and 0 interrupted iterations
readiness   [  16% ] 006/098 VUs  07m22.0s/45m0s  20.00 iters/s

running (07m23.0s), 006/098 VUs, 8792 complete and 0 interrupted iterations
readiness   [  16% ] 006/098 VUs  07m23.0s/45m0s  20.00 iters/s

running (07m24.0s), 006/098 VUs, 8812 complete and 0 interrupted iterations
readiness   [  16% ] 006/098 VUs  07m24.0s/45m0s  20.00 iters/s

running (07m25.0s), 006/098 VUs, 8832 complete and 0 interrupted iterations
readiness   [  16% ] 006/098 VUs  07m25.0s/45m0s  20.00 iters/s

running (07m26.0s), 006/098 VUs, 8852 complete and 0 interrupted iterations
readiness   [  17% ] 006/098 VUs  07m26.0s/45m0s  20.00 iters/s

running (07m27.0s), 007/098 VUs, 8871 complete and 0 interrupted iterations
readiness   [  17% ] 007/098 VUs  07m27.0s/45m0s  20.00 iters/s

running (07m28.0s), 007/098 VUs, 8891 complete and 0 interrupted iterations
readiness   [  17% ] 007/098 VUs  07m28.0s/45m0s  20.00 iters/s

running (07m29.0s), 006/098 VUs, 8912 complete and 0 interrupted iterations
readiness   [  17% ] 006/098 VUs  07m29.0s/45m0s  20.00 iters/s

running (07m30.0s), 006/098 VUs, 8932 complete and 0 interrupted iterations
readiness   [  17% ] 006/098 VUs  07m30.0s/45m0s  20.00 iters/s

running (07m31.0s), 006/098 VUs, 8952 complete and 0 interrupted iterations
readiness   [  17% ] 006/098 VUs  07m31.0s/45m0s  20.00 iters/s

running (07m32.0s), 007/098 VUs, 8971 complete and 0 interrupted iterations
readiness   [  17% ] 007/098 VUs  07m32.0s/45m0s  20.00 iters/s

running (07m33.0s), 006/098 VUs, 8992 complete and 0 interrupted iterations
readiness   [  17% ] 006/098 VUs  07m33.0s/45m0s  20.00 iters/s

running (07m34.0s), 006/098 VUs, 9012 complete and 0 interrupted iterations
readiness   [  17% ] 006/098 VUs  07m34.0s/45m0s  20.00 iters/s

running (07m35.0s), 006/098 VUs, 9032 complete and 0 interrupted iterations
readiness   [  17% ] 006/098 VUs  07m35.0s/45m0s  20.00 iters/s

running (07m36.0s), 006/098 VUs, 9052 complete and 0 interrupted iterations
readiness   [  17% ] 006/098 VUs  07m36.0s/45m0s  20.00 iters/s

running (07m37.0s), 006/098 VUs, 9072 complete and 0 interrupted iterations
readiness   [  17% ] 006/098 VUs  07m37.0s/45m0s  20.00 iters/s

running (07m38.0s), 006/098 VUs, 9092 complete and 0 interrupted iterations
readiness   [  17% ] 006/098 VUs  07m38.0s/45m0s  20.00 iters/s

running (07m39.0s), 006/098 VUs, 9112 complete and 0 interrupted iterations
readiness   [  17% ] 006/098 VUs  07m39.0s/45m0s  20.00 iters/s

running (07m40.0s), 006/098 VUs, 9132 complete and 0 interrupted iterations
readiness   [  17% ] 006/098 VUs  07m40.0s/45m0s  20.00 iters/s

running (07m41.0s), 006/098 VUs, 9152 complete and 0 interrupted iterations
readiness   [  17% ] 006/098 VUs  07m41.0s/45m0s  20.00 iters/s

running (07m42.0s), 006/098 VUs, 9172 complete and 0 interrupted iterations
readiness   [  17% ] 006/098 VUs  07m42.0s/45m0s  20.00 iters/s

running (07m43.0s), 006/098 VUs, 9192 complete and 0 interrupted iterations
readiness   [  17% ] 006/098 VUs  07m43.0s/45m0s  20.00 iters/s

running (07m44.0s), 006/098 VUs, 9212 complete and 0 interrupted iterations
readiness   [  17% ] 006/098 VUs  07m44.0s/45m0s  20.00 iters/s

running (07m45.0s), 006/098 VUs, 9232 complete and 0 interrupted iterations
readiness   [  17% ] 006/098 VUs  07m45.0s/45m0s  20.00 iters/s

running (07m46.0s), 006/098 VUs, 9252 complete and 0 interrupted iterations
readiness   [  17% ] 006/098 VUs  07m46.0s/45m0s  20.00 iters/s

running (07m47.0s), 006/098 VUs, 9272 complete and 0 interrupted iterations
readiness   [  17% ] 006/098 VUs  07m47.0s/45m0s  20.00 iters/s

running (07m48.0s), 006/098 VUs, 9292 complete and 0 interrupted iterations
readiness   [  17% ] 006/098 VUs  07m48.0s/45m0s  20.00 iters/s

running (07m49.0s), 006/098 VUs, 9312 complete and 0 interrupted iterations
readiness   [  17% ] 006/098 VUs  07m49.0s/45m0s  20.00 iters/s

running (07m50.0s), 006/098 VUs, 9332 complete and 0 interrupted iterations
readiness   [  17% ] 006/098 VUs  07m50.0s/45m0s  20.00 iters/s

running (07m51.0s), 006/098 VUs, 9352 complete and 0 interrupted iterations
readiness   [  17% ] 006/098 VUs  07m51.0s/45m0s  20.00 iters/s

running (07m52.0s), 009/098 VUs, 9369 complete and 0 interrupted iterations
readiness   [  17% ] 009/098 VUs  07m52.0s/45m0s  20.00 iters/s

running (07m53.0s), 007/098 VUs, 9391 complete and 0 interrupted iterations
readiness   [  18% ] 007/098 VUs  07m53.0s/45m0s  20.00 iters/s

running (07m54.0s), 012/098 VUs, 9406 complete and 0 interrupted iterations
readiness   [  18% ] 012/098 VUs  07m54.0s/45m0s  20.00 iters/s

running (07m55.0s), 007/098 VUs, 9431 complete and 0 interrupted iterations
readiness   [  18% ] 007/098 VUs  07m55.0s/45m0s  20.00 iters/s

running (07m56.0s), 007/098 VUs, 9451 complete and 0 interrupted iterations
readiness   [  18% ] 007/098 VUs  07m56.0s/45m0s  20.00 iters/s

running (07m57.0s), 006/098 VUs, 9472 complete and 0 interrupted iterations
readiness   [  18% ] 006/098 VUs  07m57.0s/45m0s  20.00 iters/s

running (07m58.0s), 006/098 VUs, 9492 complete and 0 interrupted iterations
readiness   [  18% ] 006/098 VUs  07m58.0s/45m0s  20.00 iters/s

running (07m59.0s), 006/098 VUs, 9512 complete and 0 interrupted iterations
readiness   [  18% ] 006/098 VUs  07m59.0s/45m0s  20.00 iters/s

running (08m00.0s), 006/098 VUs, 9532 complete and 0 interrupted iterations
readiness   [  18% ] 006/098 VUs  08m00.0s/45m0s  20.00 iters/s

running (08m01.0s), 006/098 VUs, 9552 complete and 0 interrupted iterations
readiness   [  18% ] 006/098 VUs  08m01.0s/45m0s  20.00 iters/s

running (08m02.0s), 006/098 VUs, 9572 complete and 0 interrupted iterations
readiness   [  18% ] 006/098 VUs  08m02.0s/45m0s  20.00 iters/s

running (08m03.0s), 006/098 VUs, 9592 complete and 0 interrupted iterations
readiness   [  18% ] 006/098 VUs  08m03.0s/45m0s  20.00 iters/s

running (08m04.0s), 006/098 VUs, 9612 complete and 0 interrupted iterations
readiness   [  18% ] 006/098 VUs  08m04.0s/45m0s  20.00 iters/s

running (08m05.0s), 006/098 VUs, 9632 complete and 0 interrupted iterations
readiness   [  18% ] 006/098 VUs  08m05.0s/45m0s  20.00 iters/s

running (08m06.0s), 006/098 VUs, 9652 complete and 0 interrupted iterations
readiness   [  18% ] 006/098 VUs  08m06.0s/45m0s  20.00 iters/s

running (08m07.0s), 006/098 VUs, 9672 complete and 0 interrupted iterations
readiness   [  18% ] 006/098 VUs  08m07.0s/45m0s  20.00 iters/s

running (08m08.0s), 006/098 VUs, 9692 complete and 0 interrupted iterations
readiness   [  18% ] 006/098 VUs  08m08.0s/45m0s  20.00 iters/s

running (08m09.0s), 006/098 VUs, 9712 complete and 0 interrupted iterations
readiness   [  18% ] 006/098 VUs  08m09.0s/45m0s  20.00 iters/s

running (08m10.0s), 007/098 VUs, 9731 complete and 0 interrupted iterations
readiness   [  18% ] 007/098 VUs  08m10.0s/45m0s  20.00 iters/s

running (08m11.0s), 006/098 VUs, 9752 complete and 0 interrupted iterations
readiness   [  18% ] 006/098 VUs  08m11.0s/45m0s  20.00 iters/s

running (08m12.0s), 006/098 VUs, 9772 complete and 0 interrupted iterations
readiness   [  18% ] 006/098 VUs  08m12.0s/45m0s  20.00 iters/s

running (08m13.0s), 006/098 VUs, 9792 complete and 0 interrupted iterations
readiness   [  18% ] 006/098 VUs  08m13.0s/45m0s  20.00 iters/s

running (08m14.0s), 006/098 VUs, 9812 complete and 0 interrupted iterations
readiness   [  18% ] 006/098 VUs  08m14.0s/45m0s  20.00 iters/s

running (08m15.0s), 006/098 VUs, 9832 complete and 0 interrupted iterations
readiness   [  18% ] 006/098 VUs  08m15.0s/45m0s  20.00 iters/s

running (08m16.0s), 006/098 VUs, 9852 complete and 0 interrupted iterations
readiness   [  18% ] 006/098 VUs  08m16.0s/45m0s  20.00 iters/s

running (08m17.0s), 006/098 VUs, 9872 complete and 0 interrupted iterations
readiness   [  18% ] 006/098 VUs  08m17.0s/45m0s  20.00 iters/s

running (08m18.0s), 007/098 VUs, 9892 complete and 0 interrupted iterations
readiness   [  18% ] 007/098 VUs  08m18.0s/45m0s  20.00 iters/s

running (08m19.0s), 006/098 VUs, 9912 complete and 0 interrupted iterations
readiness   [  18% ] 006/098 VUs  08m19.0s/45m0s  20.00 iters/s

running (08m20.0s), 006/098 VUs, 9932 complete and 0 interrupted iterations
readiness   [  19% ] 006/098 VUs  08m20.0s/45m0s  20.00 iters/s

running (08m21.0s), 008/098 VUs, 9950 complete and 0 interrupted iterations
readiness   [  19% ] 008/098 VUs  08m21.0s/45m0s  20.00 iters/s

running (08m22.0s), 006/098 VUs, 9972 complete and 0 interrupted iterations
readiness   [  19% ] 006/098 VUs  08m22.0s/45m0s  20.00 iters/s

running (08m23.0s), 006/098 VUs, 9992 complete and 0 interrupted iterations
readiness   [  19% ] 006/098 VUs  08m23.0s/45m0s  20.00 iters/s

running (08m24.0s), 006/098 VUs, 10012 complete and 0 interrupted iterations
readiness   [  19% ] 006/098 VUs  08m24.0s/45m0s  20.00 iters/s

running (08m25.0s), 006/098 VUs, 10032 complete and 0 interrupted iterations
readiness   [  19% ] 006/098 VUs  08m25.0s/45m0s  20.00 iters/s

running (08m26.0s), 008/098 VUs, 10050 complete and 0 interrupted iterations
readiness   [  19% ] 008/098 VUs  08m26.0s/45m0s  20.00 iters/s

running (08m27.0s), 006/098 VUs, 10072 complete and 0 interrupted iterations
readiness   [  19% ] 006/098 VUs  08m27.0s/45m0s  20.00 iters/s

running (08m28.0s), 006/098 VUs, 10092 complete and 0 interrupted iterations
readiness   [  19% ] 006/098 VUs  08m28.0s/45m0s  20.00 iters/s

running (08m29.0s), 006/098 VUs, 10112 complete and 0 interrupted iterations
readiness   [  19% ] 006/098 VUs  08m29.0s/45m0s  20.00 iters/s

running (08m30.0s), 006/098 VUs, 10132 complete and 0 interrupted iterations
readiness   [  19% ] 006/098 VUs  08m30.0s/45m0s  20.00 iters/s

running (08m31.0s), 006/098 VUs, 10152 complete and 0 interrupted iterations
readiness   [  19% ] 006/098 VUs  08m31.0s/45m0s  20.00 iters/s

running (08m32.0s), 006/098 VUs, 10172 complete and 0 interrupted iterations
readiness   [  19% ] 006/098 VUs  08m32.0s/45m0s  20.00 iters/s

running (08m33.0s), 006/098 VUs, 10192 complete and 0 interrupted iterations
readiness   [  19% ] 006/098 VUs  08m33.0s/45m0s  20.00 iters/s

running (08m34.0s), 006/098 VUs, 10212 complete and 0 interrupted iterations
readiness   [  19% ] 006/098 VUs  08m34.0s/45m0s  20.00 iters/s

running (08m35.0s), 006/098 VUs, 10232 complete and 0 interrupted iterations
readiness   [  19% ] 006/098 VUs  08m35.0s/45m0s  20.00 iters/s

running (08m36.0s), 006/098 VUs, 10252 complete and 0 interrupted iterations
readiness   [  19% ] 006/098 VUs  08m36.0s/45m0s  20.00 iters/s

running (08m37.0s), 006/098 VUs, 10272 complete and 0 interrupted iterations
readiness   [  19% ] 006/098 VUs  08m37.0s/45m0s  20.00 iters/s

running (08m38.0s), 007/098 VUs, 10291 complete and 0 interrupted iterations
readiness   [  19% ] 007/098 VUs  08m38.0s/45m0s  20.00 iters/s

running (08m39.0s), 006/098 VUs, 10312 complete and 0 interrupted iterations
readiness   [  19% ] 006/098 VUs  08m39.0s/45m0s  20.00 iters/s

running (08m40.0s), 006/098 VUs, 10332 complete and 0 interrupted iterations
readiness   [  19% ] 006/098 VUs  08m40.0s/45m0s  20.00 iters/s

running (08m41.0s), 006/098 VUs, 10352 complete and 0 interrupted iterations
readiness   [  19% ] 006/098 VUs  08m41.0s/45m0s  20.00 iters/s

running (08m42.0s), 007/098 VUs, 10371 complete and 0 interrupted iterations
readiness   [  19% ] 007/098 VUs  08m42.0s/45m0s  20.00 iters/s

running (08m43.0s), 006/098 VUs, 10392 complete and 0 interrupted iterations
readiness   [  19% ] 006/098 VUs  08m43.0s/45m0s  20.00 iters/s

running (08m44.0s), 006/098 VUs, 10412 complete and 0 interrupted iterations
readiness   [  19% ] 006/098 VUs  08m44.0s/45m0s  20.00 iters/s

running (08m45.0s), 006/098 VUs, 10432 complete and 0 interrupted iterations
readiness   [  19% ] 006/098 VUs  08m45.0s/45m0s  20.00 iters/s

running (08m46.0s), 006/098 VUs, 10452 complete and 0 interrupted iterations
readiness   [  19% ] 006/098 VUs  08m46.0s/45m0s  20.00 iters/s

running (08m47.0s), 006/098 VUs, 10472 complete and 0 interrupted iterations
readiness   [  20% ] 006/098 VUs  08m47.0s/45m0s  20.00 iters/s

running (08m48.0s), 006/098 VUs, 10492 complete and 0 interrupted iterations
readiness   [  20% ] 006/098 VUs  08m48.0s/45m0s  20.00 iters/s

running (08m49.0s), 006/098 VUs, 10512 complete and 0 interrupted iterations
readiness   [  20% ] 006/098 VUs  08m49.0s/45m0s  20.00 iters/s

running (08m50.0s), 006/098 VUs, 10532 complete and 0 interrupted iterations
readiness   [  20% ] 006/098 VUs  08m50.0s/45m0s  20.00 iters/s

running (08m51.0s), 006/098 VUs, 10552 complete and 0 interrupted iterations
readiness   [  20% ] 006/098 VUs  08m51.0s/45m0s  20.00 iters/s

running (08m52.0s), 009/098 VUs, 10569 complete and 0 interrupted iterations
readiness   [  20% ] 009/098 VUs  08m52.0s/45m0s  20.00 iters/s

running (08m53.0s), 006/098 VUs, 10592 complete and 0 interrupted iterations
readiness   [  20% ] 006/098 VUs  08m53.0s/45m0s  20.00 iters/s

running (08m54.0s), 008/098 VUs, 10610 complete and 0 interrupted iterations
readiness   [  20% ] 008/098 VUs  08m54.0s/45m0s  20.00 iters/s

running (08m55.0s), 006/098 VUs, 10632 complete and 0 interrupted iterations
readiness   [  20% ] 006/098 VUs  08m55.0s/45m0s  20.00 iters/s

running (08m56.0s), 006/098 VUs, 10652 complete and 0 interrupted iterations
readiness   [  20% ] 006/098 VUs  08m56.0s/45m0s  20.00 iters/s

running (08m57.0s), 006/098 VUs, 10672 complete and 0 interrupted iterations
readiness   [  20% ] 006/098 VUs  08m57.0s/45m0s  20.00 iters/s

running (08m58.0s), 007/098 VUs, 10691 complete and 0 interrupted iterations
readiness   [  20% ] 007/098 VUs  08m58.0s/45m0s  20.00 iters/s

running (08m59.0s), 006/098 VUs, 10712 complete and 0 interrupted iterations
readiness   [  20% ] 006/098 VUs  08m59.0s/45m0s  20.00 iters/s

running (09m00.0s), 006/098 VUs, 10732 complete and 0 interrupted iterations
readiness   [  20% ] 006/098 VUs  09m00.0s/45m0s  20.00 iters/s

running (09m01.0s), 006/098 VUs, 10752 complete and 0 interrupted iterations
readiness   [  20% ] 006/098 VUs  09m01.0s/45m0s  20.00 iters/s

running (09m02.0s), 006/098 VUs, 10772 complete and 0 interrupted iterations
readiness   [  20% ] 006/098 VUs  09m02.0s/45m0s  20.00 iters/s

running (09m03.0s), 006/098 VUs, 10792 complete and 0 interrupted iterations
readiness   [  20% ] 006/098 VUs  09m03.0s/45m0s  20.00 iters/s

running (09m04.0s), 007/098 VUs, 10811 complete and 0 interrupted iterations
readiness   [  20% ] 007/098 VUs  09m04.0s/45m0s  20.00 iters/s

running (09m05.0s), 006/098 VUs, 10832 complete and 0 interrupted iterations
readiness   [  20% ] 006/098 VUs  09m05.0s/45m0s  20.00 iters/s

running (09m06.0s), 006/098 VUs, 10852 complete and 0 interrupted iterations
readiness   [  20% ] 006/098 VUs  09m06.0s/45m0s  20.00 iters/s

running (09m07.0s), 006/098 VUs, 10872 complete and 0 interrupted iterations
readiness   [  20% ] 006/098 VUs  09m07.0s/45m0s  20.00 iters/s

running (09m08.0s), 006/098 VUs, 10892 complete and 0 interrupted iterations
readiness   [  20% ] 006/098 VUs  09m08.0s/45m0s  20.00 iters/s

running (09m09.0s), 006/098 VUs, 10912 complete and 0 interrupted iterations
readiness   [  20% ] 006/098 VUs  09m09.0s/45m0s  20.00 iters/s

running (09m10.0s), 007/098 VUs, 10931 complete and 0 interrupted iterations
readiness   [  20% ] 007/098 VUs  09m10.0s/45m0s  20.00 iters/s

running (09m11.0s), 007/098 VUs, 10951 complete and 0 interrupted iterations
readiness   [  20% ] 007/098 VUs  09m11.0s/45m0s  20.00 iters/s

running (09m12.0s), 007/098 VUs, 10971 complete and 0 interrupted iterations
readiness   [  20% ] 007/098 VUs  09m12.0s/45m0s  20.00 iters/s

running (09m13.0s), 007/098 VUs, 10991 complete and 0 interrupted iterations
readiness   [  20% ] 007/098 VUs  09m13.0s/45m0s  20.00 iters/s

running (09m14.0s), 006/098 VUs, 11012 complete and 0 interrupted iterations
readiness   [  21% ] 006/098 VUs  09m14.0s/45m0s  20.00 iters/s

running (09m15.0s), 008/098 VUs, 11031 complete and 0 interrupted iterations
readiness   [  21% ] 008/098 VUs  09m15.0s/45m0s  20.00 iters/s

running (09m16.0s), 006/098 VUs, 11052 complete and 0 interrupted iterations
readiness   [  21% ] 006/098 VUs  09m16.0s/45m0s  20.00 iters/s

running (09m17.0s), 006/098 VUs, 11072 complete and 0 interrupted iterations
readiness   [  21% ] 006/098 VUs  09m17.0s/45m0s  20.00 iters/s

running (09m18.0s), 007/098 VUs, 11091 complete and 0 interrupted iterations
readiness   [  21% ] 007/098 VUs  09m18.0s/45m0s  20.00 iters/s

running (09m19.0s), 006/098 VUs, 11112 complete and 0 interrupted iterations
readiness   [  21% ] 006/098 VUs  09m19.0s/45m0s  20.00 iters/s

running (09m20.0s), 006/098 VUs, 11132 complete and 0 interrupted iterations
readiness   [  21% ] 006/098 VUs  09m20.0s/45m0s  20.00 iters/s

running (09m21.0s), 006/098 VUs, 11152 complete and 0 interrupted iterations
readiness   [  21% ] 006/098 VUs  09m21.0s/45m0s  20.00 iters/s

running (09m22.0s), 006/098 VUs, 11172 complete and 0 interrupted iterations
readiness   [  21% ] 006/098 VUs  09m22.0s/45m0s  20.00 iters/s

running (09m23.0s), 006/098 VUs, 11192 complete and 0 interrupted iterations
readiness   [  21% ] 006/098 VUs  09m23.0s/45m0s  20.00 iters/s

running (09m24.0s), 006/098 VUs, 11212 complete and 0 interrupted iterations
readiness   [  21% ] 006/098 VUs  09m24.0s/45m0s  20.00 iters/s

running (09m25.0s), 006/098 VUs, 11232 complete and 0 interrupted iterations
readiness   [  21% ] 006/098 VUs  09m25.0s/45m0s  20.00 iters/s

running (09m26.0s), 006/098 VUs, 11252 complete and 0 interrupted iterations
readiness   [  21% ] 006/098 VUs  09m26.0s/45m0s  20.00 iters/s

running (09m27.0s), 006/098 VUs, 11272 complete and 0 interrupted iterations
readiness   [  21% ] 006/098 VUs  09m27.0s/45m0s  20.00 iters/s

running (09m28.0s), 006/098 VUs, 11292 complete and 0 interrupted iterations
readiness   [  21% ] 006/098 VUs  09m28.0s/45m0s  20.00 iters/s

running (09m29.0s), 006/098 VUs, 11312 complete and 0 interrupted iterations
readiness   [  21% ] 006/098 VUs  09m29.0s/45m0s  20.00 iters/s

running (09m30.0s), 006/098 VUs, 11332 complete and 0 interrupted iterations
readiness   [  21% ] 006/098 VUs  09m30.0s/45m0s  20.00 iters/s

running (09m31.0s), 007/098 VUs, 11351 complete and 0 interrupted iterations
readiness   [  21% ] 007/098 VUs  09m31.0s/45m0s  20.00 iters/s

running (09m32.0s), 006/098 VUs, 11372 complete and 0 interrupted iterations
readiness   [  21% ] 006/098 VUs  09m32.0s/45m0s  20.00 iters/s

running (09m33.0s), 006/098 VUs, 11392 complete and 0 interrupted iterations
readiness   [  21% ] 006/098 VUs  09m33.0s/45m0s  20.00 iters/s

running (09m34.0s), 006/098 VUs, 11412 complete and 0 interrupted iterations
readiness   [  21% ] 006/098 VUs  09m34.0s/45m0s  20.00 iters/s

running (09m35.0s), 006/098 VUs, 11432 complete and 0 interrupted iterations
readiness   [  21% ] 006/098 VUs  09m35.0s/45m0s  20.00 iters/s

running (09m36.0s), 006/098 VUs, 11452 complete and 0 interrupted iterations
readiness   [  21% ] 006/098 VUs  09m36.0s/45m0s  20.00 iters/s

running (09m37.0s), 006/098 VUs, 11472 complete and 0 interrupted iterations
readiness   [  21% ] 006/098 VUs  09m37.0s/45m0s  20.00 iters/s

running (09m38.0s), 006/098 VUs, 11492 complete and 0 interrupted iterations
readiness   [  21% ] 006/098 VUs  09m38.0s/45m0s  20.00 iters/s

running (09m39.0s), 006/098 VUs, 11512 complete and 0 interrupted iterations
readiness   [  21% ] 006/098 VUs  09m39.0s/45m0s  20.00 iters/s

running (09m40.0s), 006/098 VUs, 11532 complete and 0 interrupted iterations
readiness   [  21% ] 006/098 VUs  09m40.0s/45m0s  20.00 iters/s

running (09m41.0s), 008/098 VUs, 11550 complete and 0 interrupted iterations
readiness   [  22% ] 008/098 VUs  09m41.0s/45m0s  20.00 iters/s

running (09m42.0s), 007/098 VUs, 11571 complete and 0 interrupted iterations
readiness   [  22% ] 007/098 VUs  09m42.0s/45m0s  20.00 iters/s

running (09m43.0s), 006/098 VUs, 11592 complete and 0 interrupted iterations
readiness   [  22% ] 006/098 VUs  09m43.0s/45m0s  20.00 iters/s

running (09m44.0s), 006/098 VUs, 11612 complete and 0 interrupted iterations
readiness   [  22% ] 006/098 VUs  09m44.0s/45m0s  20.00 iters/s

running (09m45.0s), 006/098 VUs, 11632 complete and 0 interrupted iterations
readiness   [  22% ] 006/098 VUs  09m45.0s/45m0s  20.00 iters/s

running (09m46.0s), 007/098 VUs, 11651 complete and 0 interrupted iterations
readiness   [  22% ] 007/098 VUs  09m46.0s/45m0s  20.00 iters/s

running (09m47.0s), 006/098 VUs, 11672 complete and 0 interrupted iterations
readiness   [  22% ] 006/098 VUs  09m47.0s/45m0s  20.00 iters/s

running (09m48.0s), 006/098 VUs, 11692 complete and 0 interrupted iterations
readiness   [  22% ] 006/098 VUs  09m48.0s/45m0s  20.00 iters/s

running (09m49.0s), 006/098 VUs, 11712 complete and 0 interrupted iterations
readiness   [  22% ] 006/098 VUs  09m49.0s/45m0s  20.00 iters/s

running (09m50.0s), 006/098 VUs, 11732 complete and 0 interrupted iterations
readiness   [  22% ] 006/098 VUs  09m50.0s/45m0s  20.00 iters/s

running (09m51.0s), 006/098 VUs, 11752 complete and 0 interrupted iterations
readiness   [  22% ] 006/098 VUs  09m51.0s/45m0s  20.00 iters/s

running (09m52.0s), 009/098 VUs, 11769 complete and 0 interrupted iterations
readiness   [  22% ] 009/098 VUs  09m52.0s/45m0s  20.00 iters/s

running (09m53.0s), 007/098 VUs, 11791 complete and 0 interrupted iterations
readiness   [  22% ] 007/098 VUs  09m53.0s/45m0s  20.00 iters/s

running (09m54.0s), 007/098 VUs, 11811 complete and 0 interrupted iterations
readiness   [  22% ] 007/098 VUs  09m54.0s/45m0s  20.00 iters/s

running (09m55.0s), 006/098 VUs, 11832 complete and 0 interrupted iterations
readiness   [  22% ] 006/098 VUs  09m55.0s/45m0s  20.00 iters/s

running (09m56.0s), 007/098 VUs, 11851 complete and 0 interrupted iterations
readiness   [  22% ] 007/098 VUs  09m56.0s/45m0s  20.00 iters/s

running (09m57.0s), 006/098 VUs, 11872 complete and 0 interrupted iterations
readiness   [  22% ] 006/098 VUs  09m57.0s/45m0s  20.00 iters/s

running (09m58.0s), 006/098 VUs, 11892 complete and 0 interrupted iterations
readiness   [  22% ] 006/098 VUs  09m58.0s/45m0s  20.00 iters/s

running (09m59.0s), 007/098 VUs, 11911 complete and 0 interrupted iterations
readiness   [  22% ] 007/098 VUs  09m59.0s/45m0s  20.00 iters/s

running (10m00.0s), 007/098 VUs, 11931 complete and 0 interrupted iterations
readiness   [  22% ] 007/098 VUs  10m00.0s/45m0s  20.00 iters/s

running (10m01.0s), 006/098 VUs, 11952 complete and 0 interrupted iterations
readiness   [  22% ] 006/098 VUs  10m01.0s/45m0s  20.00 iters/s

running (10m02.0s), 006/098 VUs, 11972 complete and 0 interrupted iterations
readiness   [  22% ] 006/098 VUs  10m02.0s/45m0s  20.00 iters/s

running (10m03.0s), 006/098 VUs, 11992 complete and 0 interrupted iterations
readiness   [  22% ] 006/098 VUs  10m03.0s/45m0s  20.00 iters/s

running (10m04.0s), 006/098 VUs, 12012 complete and 0 interrupted iterations
readiness   [  22% ] 006/098 VUs  10m04.0s/45m0s  20.00 iters/s

running (10m05.0s), 006/098 VUs, 12032 complete and 0 interrupted iterations
readiness   [  22% ] 006/098 VUs  10m05.0s/45m0s  20.00 iters/s

running (10m06.0s), 006/098 VUs, 12052 complete and 0 interrupted iterations
readiness   [  22% ] 006/098 VUs  10m06.0s/45m0s  20.00 iters/s

running (10m07.0s), 006/098 VUs, 12072 complete and 0 interrupted iterations
readiness   [  22% ] 006/098 VUs  10m07.0s/45m0s  20.00 iters/s

running (10m08.0s), 006/098 VUs, 12092 complete and 0 interrupted iterations
readiness   [  23% ] 006/098 VUs  10m08.0s/45m0s  20.00 iters/s

running (10m09.0s), 007/098 VUs, 12111 complete and 0 interrupted iterations
readiness   [  23% ] 007/098 VUs  10m09.0s/45m0s  20.00 iters/s

running (10m10.0s), 006/098 VUs, 12132 complete and 0 interrupted iterations
readiness   [  23% ] 006/098 VUs  10m10.0s/45m0s  20.00 iters/s

running (10m11.0s), 006/098 VUs, 12152 complete and 0 interrupted iterations
readiness   [  23% ] 006/098 VUs  10m11.0s/45m0s  20.00 iters/s

running (10m12.0s), 006/098 VUs, 12172 complete and 0 interrupted iterations
readiness   [  23% ] 006/098 VUs  10m12.0s/45m0s  20.00 iters/s

running (10m13.0s), 006/098 VUs, 12192 complete and 0 interrupted iterations
readiness   [  23% ] 006/098 VUs  10m13.0s/45m0s  20.00 iters/s

running (10m14.0s), 006/098 VUs, 12212 complete and 0 interrupted iterations
readiness   [  23% ] 006/098 VUs  10m14.0s/45m0s  20.00 iters/s

running (10m15.0s), 006/098 VUs, 12232 complete and 0 interrupted iterations
readiness   [  23% ] 006/098 VUs  10m15.0s/45m0s  20.00 iters/s

running (10m16.0s), 006/098 VUs, 12252 complete and 0 interrupted iterations
readiness   [  23% ] 006/098 VUs  10m16.0s/45m0s  20.00 iters/s

running (10m17.0s), 006/098 VUs, 12272 complete and 0 interrupted iterations
readiness   [  23% ] 006/098 VUs  10m17.0s/45m0s  20.00 iters/s

running (10m18.0s), 006/098 VUs, 12292 complete and 0 interrupted iterations
readiness   [  23% ] 006/098 VUs  10m18.0s/45m0s  20.00 iters/s

running (10m19.0s), 006/098 VUs, 12312 complete and 0 interrupted iterations
readiness   [  23% ] 006/098 VUs  10m19.0s/45m0s  20.00 iters/s

running (10m20.0s), 007/098 VUs, 12331 complete and 0 interrupted iterations
readiness   [  23% ] 007/098 VUs  10m20.0s/45m0s  20.00 iters/s

running (10m21.0s), 006/098 VUs, 12352 complete and 0 interrupted iterations
readiness   [  23% ] 006/098 VUs  10m21.0s/45m0s  20.00 iters/s

running (10m22.0s), 006/098 VUs, 12372 complete and 0 interrupted iterations
readiness   [  23% ] 006/098 VUs  10m22.0s/45m0s  20.00 iters/s

running (10m23.0s), 006/098 VUs, 12392 complete and 0 interrupted iterations
readiness   [  23% ] 006/098 VUs  10m23.0s/45m0s  20.00 iters/s

running (10m24.0s), 006/098 VUs, 12412 complete and 0 interrupted iterations
readiness   [  23% ] 006/098 VUs  10m24.0s/45m0s  20.00 iters/s

running (10m25.0s), 006/098 VUs, 12432 complete and 0 interrupted iterations
readiness   [  23% ] 006/098 VUs  10m25.0s/45m0s  20.00 iters/s

running (10m26.0s), 006/098 VUs, 12452 complete and 0 interrupted iterations
readiness   [  23% ] 006/098 VUs  10m26.0s/45m0s  20.00 iters/s

running (10m27.0s), 006/098 VUs, 12472 complete and 0 interrupted iterations
readiness   [  23% ] 006/098 VUs  10m27.0s/45m0s  20.00 iters/s

running (10m28.0s), 007/098 VUs, 12491 complete and 0 interrupted iterations
readiness   [  23% ] 007/098 VUs  10m28.0s/45m0s  20.00 iters/s

running (10m29.0s), 006/098 VUs, 12512 complete and 0 interrupted iterations
readiness   [  23% ] 006/098 VUs  10m29.0s/45m0s  20.00 iters/s

running (10m30.0s), 007/098 VUs, 12532 complete and 0 interrupted iterations
readiness   [  23% ] 007/098 VUs  10m30.0s/45m0s  20.00 iters/s

running (10m31.0s), 007/098 VUs, 12551 complete and 0 interrupted iterations
readiness   [  23% ] 007/098 VUs  10m31.0s/45m0s  20.00 iters/s

running (10m32.0s), 006/098 VUs, 12572 complete and 0 interrupted iterations
readiness   [  23% ] 006/098 VUs  10m32.0s/45m0s  20.00 iters/s

running (10m33.0s), 007/098 VUs, 12591 complete and 0 interrupted iterations
readiness   [  23% ] 007/098 VUs  10m33.0s/45m0s  20.00 iters/s

running (10m34.0s), 006/098 VUs, 12612 complete and 0 interrupted iterations
readiness   [  23% ] 006/098 VUs  10m34.0s/45m0s  20.00 iters/s

running (10m35.0s), 006/098 VUs, 12632 complete and 0 interrupted iterations
readiness   [  24% ] 006/098 VUs  10m35.0s/45m0s  20.00 iters/s

running (10m36.0s), 006/098 VUs, 12652 complete and 0 interrupted iterations
readiness   [  24% ] 006/098 VUs  10m36.0s/45m0s  20.00 iters/s

running (10m37.0s), 006/098 VUs, 12672 complete and 0 interrupted iterations
readiness   [  24% ] 006/098 VUs  10m37.0s/45m0s  20.00 iters/s

running (10m38.0s), 007/098 VUs, 12691 complete and 0 interrupted iterations
readiness   [  24% ] 007/098 VUs  10m38.0s/45m0s  20.00 iters/s

running (10m39.0s), 006/098 VUs, 12712 complete and 0 interrupted iterations
readiness   [  24% ] 006/098 VUs  10m39.0s/45m0s  20.00 iters/s

running (10m40.0s), 007/098 VUs, 12731 complete and 0 interrupted iterations
readiness   [  24% ] 007/098 VUs  10m40.0s/45m0s  20.00 iters/s

running (10m41.0s), 006/098 VUs, 12752 complete and 0 interrupted iterations
readiness   [  24% ] 006/098 VUs  10m41.0s/45m0s  20.00 iters/s

running (10m42.0s), 006/098 VUs, 12772 complete and 0 interrupted iterations
readiness   [  24% ] 006/098 VUs  10m42.0s/45m0s  20.00 iters/s

running (10m43.0s), 006/098 VUs, 12792 complete and 0 interrupted iterations
readiness   [  24% ] 006/098 VUs  10m43.0s/45m0s  20.00 iters/s

running (10m44.0s), 006/098 VUs, 12812 complete and 0 interrupted iterations
readiness   [  24% ] 006/098 VUs  10m44.0s/45m0s  20.00 iters/s

running (10m45.0s), 007/098 VUs, 12831 complete and 0 interrupted iterations
readiness   [  24% ] 007/098 VUs  10m45.0s/45m0s  20.00 iters/s

running (10m46.0s), 006/098 VUs, 12852 complete and 0 interrupted iterations
readiness   [  24% ] 006/098 VUs  10m46.0s/45m0s  20.00 iters/s

running (10m47.0s), 006/098 VUs, 12872 complete and 0 interrupted iterations
readiness   [  24% ] 006/098 VUs  10m47.0s/45m0s  20.00 iters/s

running (10m48.0s), 007/098 VUs, 12891 complete and 0 interrupted iterations
readiness   [  24% ] 007/098 VUs  10m48.0s/45m0s  20.00 iters/s

running (10m49.0s), 007/098 VUs, 12911 complete and 0 interrupted iterations
readiness   [  24% ] 007/098 VUs  10m49.0s/45m0s  20.00 iters/s

running (10m50.0s), 006/098 VUs, 12932 complete and 0 interrupted iterations
readiness   [  24% ] 006/098 VUs  10m50.0s/45m0s  20.00 iters/s

running (10m51.0s), 006/098 VUs, 12952 complete and 0 interrupted iterations
readiness   [  24% ] 006/098 VUs  10m51.0s/45m0s  20.00 iters/s

running (10m52.0s), 009/098 VUs, 12969 complete and 0 interrupted iterations
readiness   [  24% ] 009/098 VUs  10m52.0s/45m0s  20.00 iters/s

running (10m53.0s), 006/098 VUs, 12992 complete and 0 interrupted iterations
readiness   [  24% ] 006/098 VUs  10m53.0s/45m0s  20.00 iters/s

running (10m54.0s), 008/098 VUs, 13010 complete and 0 interrupted iterations
readiness   [  24% ] 008/098 VUs  10m54.0s/45m0s  20.00 iters/s

running (10m55.0s), 006/098 VUs, 13032 complete and 0 interrupted iterations
readiness   [  24% ] 006/098 VUs  10m55.0s/45m0s  20.00 iters/s

running (10m56.0s), 006/098 VUs, 13052 complete and 0 interrupted iterations
readiness   [  24% ] 006/098 VUs  10m56.0s/45m0s  20.00 iters/s

running (10m57.0s), 006/098 VUs, 13072 complete and 0 interrupted iterations
readiness   [  24% ] 006/098 VUs  10m57.0s/45m0s  20.00 iters/s

running (10m58.0s), 006/098 VUs, 13092 complete and 0 interrupted iterations
readiness   [  24% ] 006/098 VUs  10m58.0s/45m0s  20.00 iters/s

running (10m59.0s), 006/098 VUs, 13112 complete and 0 interrupted iterations
readiness   [  24% ] 006/098 VUs  10m59.0s/45m0s  20.00 iters/s

running (11m00.0s), 006/098 VUs, 13132 complete and 0 interrupted iterations
readiness   [  24% ] 006/098 VUs  11m00.0s/45m0s  20.00 iters/s

running (11m01.0s), 006/098 VUs, 13152 complete and 0 interrupted iterations
readiness   [  24% ] 006/098 VUs  11m01.0s/45m0s  20.00 iters/s

running (11m02.0s), 007/098 VUs, 13171 complete and 0 interrupted iterations
readiness   [  25% ] 007/098 VUs  11m02.0s/45m0s  20.00 iters/s

running (11m03.0s), 006/098 VUs, 13192 complete and 0 interrupted iterations
readiness   [  25% ] 006/098 VUs  11m03.0s/45m0s  20.00 iters/s

running (11m04.0s), 007/098 VUs, 13211 complete and 0 interrupted iterations
readiness   [  25% ] 007/098 VUs  11m04.0s/45m0s  20.00 iters/s

running (11m05.0s), 007/098 VUs, 13231 complete and 0 interrupted iterations
readiness   [  25% ] 007/098 VUs  11m05.0s/45m0s  20.00 iters/s

running (11m06.0s), 006/098 VUs, 13252 complete and 0 interrupted iterations
readiness   [  25% ] 006/098 VUs  11m06.0s/45m0s  20.00 iters/s

running (11m07.0s), 006/098 VUs, 13272 complete and 0 interrupted iterations
readiness   [  25% ] 006/098 VUs  11m07.0s/45m0s  20.00 iters/s

running (11m08.0s), 006/098 VUs, 13292 complete and 0 interrupted iterations
readiness   [  25% ] 006/098 VUs  11m08.0s/45m0s  20.00 iters/s

running (11m09.0s), 007/098 VUs, 13311 complete and 0 interrupted iterations
readiness   [  25% ] 007/098 VUs  11m09.0s/45m0s  20.00 iters/s

running (11m10.0s), 006/098 VUs, 13332 complete and 0 interrupted iterations
readiness   [  25% ] 006/098 VUs  11m10.0s/45m0s  20.00 iters/s

running (11m11.0s), 006/098 VUs, 13352 complete and 0 interrupted iterations
readiness   [  25% ] 006/098 VUs  11m11.0s/45m0s  20.00 iters/s

running (11m12.0s), 006/098 VUs, 13372 complete and 0 interrupted iterations
readiness   [  25% ] 006/098 VUs  11m12.0s/45m0s  20.00 iters/s

running (11m13.0s), 006/098 VUs, 13392 complete and 0 interrupted iterations
readiness   [  25% ] 006/098 VUs  11m13.0s/45m0s  20.00 iters/s

running (11m14.0s), 006/098 VUs, 13412 complete and 0 interrupted iterations
readiness   [  25% ] 006/098 VUs  11m14.0s/45m0s  20.00 iters/s

running (11m15.0s), 006/098 VUs, 13432 complete and 0 interrupted iterations
readiness   [  25% ] 006/098 VUs  11m15.0s/45m0s  20.00 iters/s

running (11m16.0s), 006/098 VUs, 13452 complete and 0 interrupted iterations
readiness   [  25% ] 006/098 VUs  11m16.0s/45m0s  20.00 iters/s

running (11m17.0s), 006/098 VUs, 13472 complete and 0 interrupted iterations
readiness   [  25% ] 006/098 VUs  11m17.0s/45m0s  20.00 iters/s

running (11m18.0s), 006/098 VUs, 13492 complete and 0 interrupted iterations
readiness   [  25% ] 006/098 VUs  11m18.0s/45m0s  20.00 iters/s

running (11m19.0s), 006/098 VUs, 13512 complete and 0 interrupted iterations
readiness   [  25% ] 006/098 VUs  11m19.0s/45m0s  20.00 iters/s

running (11m20.0s), 006/098 VUs, 13532 complete and 0 interrupted iterations
readiness   [  25% ] 006/098 VUs  11m20.0s/45m0s  20.00 iters/s

running (11m21.0s), 006/098 VUs, 13552 complete and 0 interrupted iterations
readiness   [  25% ] 006/098 VUs  11m21.0s/45m0s  20.00 iters/s

running (11m22.0s), 007/098 VUs, 13571 complete and 0 interrupted iterations
readiness   [  25% ] 007/098 VUs  11m22.0s/45m0s  20.00 iters/s

running (11m23.0s), 006/098 VUs, 13592 complete and 0 interrupted iterations
readiness   [  25% ] 006/098 VUs  11m23.0s/45m0s  20.00 iters/s

running (11m24.0s), 006/098 VUs, 13612 complete and 0 interrupted iterations
readiness   [  25% ] 006/098 VUs  11m24.0s/45m0s  20.00 iters/s

running (11m25.0s), 006/098 VUs, 13632 complete and 0 interrupted iterations
readiness   [  25% ] 006/098 VUs  11m25.0s/45m0s  20.00 iters/s

running (11m26.0s), 006/098 VUs, 13652 complete and 0 interrupted iterations
readiness   [  25% ] 006/098 VUs  11m26.0s/45m0s  20.00 iters/s

running (11m27.0s), 006/098 VUs, 13672 complete and 0 interrupted iterations
readiness   [  25% ] 006/098 VUs  11m27.0s/45m0s  20.00 iters/s

running (11m28.0s), 007/098 VUs, 13691 complete and 0 interrupted iterations
readiness   [  25% ] 007/098 VUs  11m28.0s/45m0s  20.00 iters/s

running (11m29.0s), 006/098 VUs, 13712 complete and 0 interrupted iterations
readiness   [  26% ] 006/098 VUs  11m29.0s/45m0s  20.00 iters/s

running (11m30.0s), 006/098 VUs, 13732 complete and 0 interrupted iterations
readiness   [  26% ] 006/098 VUs  11m30.0s/45m0s  20.00 iters/s

running (11m31.0s), 006/098 VUs, 13752 complete and 0 interrupted iterations
readiness   [  26% ] 006/098 VUs  11m31.0s/45m0s  20.00 iters/s

running (11m32.0s), 007/098 VUs, 13771 complete and 0 interrupted iterations
readiness   [  26% ] 007/098 VUs  11m32.0s/45m0s  20.00 iters/s

running (11m33.0s), 006/098 VUs, 13792 complete and 0 interrupted iterations
readiness   [  26% ] 006/098 VUs  11m33.0s/45m0s  20.00 iters/s

running (11m34.0s), 007/098 VUs, 13811 complete and 0 interrupted iterations
readiness   [  26% ] 007/098 VUs  11m34.0s/45m0s  20.00 iters/s

running (11m35.0s), 006/098 VUs, 13832 complete and 0 interrupted iterations
readiness   [  26% ] 006/098 VUs  11m35.0s/45m0s  20.00 iters/s

running (11m36.0s), 006/098 VUs, 13852 complete and 0 interrupted iterations
readiness   [  26% ] 006/098 VUs  11m36.0s/45m0s  20.00 iters/s

running (11m37.0s), 007/098 VUs, 13871 complete and 0 interrupted iterations
readiness   [  26% ] 007/098 VUs  11m37.0s/45m0s  20.00 iters/s

running (11m38.0s), 007/098 VUs, 13891 complete and 0 interrupted iterations
readiness   [  26% ] 007/098 VUs  11m38.0s/45m0s  20.00 iters/s

running (11m39.0s), 006/098 VUs, 13912 complete and 0 interrupted iterations
readiness   [  26% ] 006/098 VUs  11m39.0s/45m0s  20.00 iters/s

running (11m40.0s), 006/098 VUs, 13932 complete and 0 interrupted iterations
readiness   [  26% ] 006/098 VUs  11m40.0s/45m0s  20.00 iters/s

running (11m41.0s), 006/098 VUs, 13952 complete and 0 interrupted iterations
readiness   [  26% ] 006/098 VUs  11m41.0s/45m0s  20.00 iters/s

running (11m42.0s), 006/098 VUs, 13972 complete and 0 interrupted iterations
readiness   [  26% ] 006/098 VUs  11m42.0s/45m0s  20.00 iters/s

running (11m43.0s), 006/098 VUs, 13992 complete and 0 interrupted iterations
readiness   [  26% ] 006/098 VUs  11m43.0s/45m0s  20.00 iters/s

running (11m44.0s), 006/098 VUs, 14012 complete and 0 interrupted iterations
readiness   [  26% ] 006/098 VUs  11m44.0s/45m0s  20.00 iters/s

running (11m45.0s), 006/098 VUs, 14032 complete and 0 interrupted iterations
readiness   [  26% ] 006/098 VUs  11m45.0s/45m0s  20.00 iters/s

running (11m46.0s), 006/098 VUs, 14052 complete and 0 interrupted iterations
readiness   [  26% ] 006/098 VUs  11m46.0s/45m0s  20.00 iters/s

running (11m47.0s), 006/098 VUs, 14072 complete and 0 interrupted iterations
readiness   [  26% ] 006/098 VUs  11m47.0s/45m0s  20.00 iters/s

running (11m48.0s), 006/098 VUs, 14092 complete and 0 interrupted iterations
readiness   [  26% ] 006/098 VUs  11m48.0s/45m0s  20.00 iters/s

running (11m49.0s), 006/098 VUs, 14112 complete and 0 interrupted iterations
readiness   [  26% ] 006/098 VUs  11m49.0s/45m0s  20.00 iters/s

running (11m50.0s), 006/098 VUs, 14132 complete and 0 interrupted iterations
readiness   [  26% ] 006/098 VUs  11m50.0s/45m0s  20.00 iters/s

running (11m51.0s), 006/098 VUs, 14152 complete and 0 interrupted iterations
readiness   [  26% ] 006/098 VUs  11m51.0s/45m0s  20.00 iters/s

running (11m52.0s), 009/098 VUs, 14169 complete and 0 interrupted iterations
readiness   [  26% ] 009/098 VUs  11m52.0s/45m0s  20.00 iters/s

running (11m53.0s), 007/098 VUs, 14191 complete and 0 interrupted iterations
readiness   [  26% ] 007/098 VUs  11m53.0s/45m0s  20.00 iters/s

running (11m54.0s), 015/098 VUs, 14203 complete and 0 interrupted iterations
readiness   [  26% ] 015/098 VUs  11m54.0s/45m0s  20.00 iters/s

running (11m55.0s), 014/098 VUs, 14224 complete and 0 interrupted iterations
readiness   [  26% ] 014/098 VUs  11m55.0s/45m0s  20.00 iters/s

running (11m56.0s), 006/098 VUs, 14252 complete and 0 interrupted iterations
readiness   [  27% ] 006/098 VUs  11m56.0s/45m0s  20.00 iters/s

running (11m57.0s), 006/098 VUs, 14272 complete and 0 interrupted iterations
readiness   [  27% ] 006/098 VUs  11m57.0s/45m0s  20.00 iters/s

running (11m58.0s), 006/098 VUs, 14292 complete and 0 interrupted iterations
readiness   [  27% ] 006/098 VUs  11m58.0s/45m0s  20.00 iters/s

running (11m59.0s), 006/098 VUs, 14312 complete and 0 interrupted iterations
readiness   [  27% ] 006/098 VUs  11m59.0s/45m0s  20.00 iters/s

running (12m00.0s), 007/098 VUs, 14331 complete and 0 interrupted iterations
readiness   [  27% ] 007/098 VUs  12m00.0s/45m0s  20.00 iters/s

running (12m01.0s), 006/098 VUs, 14352 complete and 0 interrupted iterations
readiness   [  27% ] 006/098 VUs  12m01.0s/45m0s  20.00 iters/s

running (12m02.0s), 006/098 VUs, 14372 complete and 0 interrupted iterations
readiness   [  27% ] 006/098 VUs  12m02.0s/45m0s  20.00 iters/s

running (12m03.1s), 010/098 VUs, 14390 complete and 0 interrupted iterations
readiness   [  27% ] 010/098 VUs  12m03.1s/45m0s  20.00 iters/s

running (12m04.0s), 007/098 VUs, 14411 complete and 0 interrupted iterations
readiness   [  27% ] 007/098 VUs  12m04.0s/45m0s  20.00 iters/s

running (12m05.0s), 006/098 VUs, 14432 complete and 0 interrupted iterations
readiness   [  27% ] 006/098 VUs  12m05.0s/45m0s  20.00 iters/s

running (12m06.0s), 006/098 VUs, 14452 complete and 0 interrupted iterations
readiness   [  27% ] 006/098 VUs  12m06.0s/45m0s  20.00 iters/s

running (12m07.0s), 006/098 VUs, 14472 complete and 0 interrupted iterations
readiness   [  27% ] 006/098 VUs  12m07.0s/45m0s  20.00 iters/s

running (12m08.0s), 006/098 VUs, 14492 complete and 0 interrupted iterations
readiness   [  27% ] 006/098 VUs  12m08.0s/45m0s  20.00 iters/s

running (12m09.0s), 006/098 VUs, 14512 complete and 0 interrupted iterations
readiness   [  27% ] 006/098 VUs  12m09.0s/45m0s  20.00 iters/s

running (12m10.0s), 006/098 VUs, 14532 complete and 0 interrupted iterations
readiness   [  27% ] 006/098 VUs  12m10.0s/45m0s  20.00 iters/s

running (12m11.0s), 007/098 VUs, 14551 complete and 0 interrupted iterations
readiness   [  27% ] 007/098 VUs  12m11.0s/45m0s  20.00 iters/s

running (12m12.0s), 006/098 VUs, 14572 complete and 0 interrupted iterations
readiness   [  27% ] 006/098 VUs  12m12.0s/45m0s  20.00 iters/s

running (12m13.0s), 006/098 VUs, 14592 complete and 0 interrupted iterations
readiness   [  27% ] 006/098 VUs  12m13.0s/45m0s  20.00 iters/s

running (12m14.0s), 006/098 VUs, 14612 complete and 0 interrupted iterations
readiness   [  27% ] 006/098 VUs  12m14.0s/45m0s  20.00 iters/s

running (12m15.0s), 006/098 VUs, 14632 complete and 0 interrupted iterations
readiness   [  27% ] 006/098 VUs  12m15.0s/45m0s  20.00 iters/s

running (12m16.0s), 006/098 VUs, 14652 complete and 0 interrupted iterations
readiness   [  27% ] 006/098 VUs  12m16.0s/45m0s  20.00 iters/s

running (12m17.0s), 006/098 VUs, 14672 complete and 0 interrupted iterations
readiness   [  27% ] 006/098 VUs  12m17.0s/45m0s  20.00 iters/s

running (12m18.0s), 006/098 VUs, 14692 complete and 0 interrupted iterations
readiness   [  27% ] 006/098 VUs  12m18.0s/45m0s  20.00 iters/s

running (12m19.0s), 006/098 VUs, 14712 complete and 0 interrupted iterations
readiness   [  27% ] 006/098 VUs  12m19.0s/45m0s  20.00 iters/s

running (12m20.0s), 007/098 VUs, 14731 complete and 0 interrupted iterations
readiness   [  27% ] 007/098 VUs  12m20.0s/45m0s  20.00 iters/s

running (12m21.0s), 006/098 VUs, 14752 complete and 0 interrupted iterations
readiness   [  27% ] 006/098 VUs  12m21.0s/45m0s  20.00 iters/s

running (12m22.0s), 006/098 VUs, 14772 complete and 0 interrupted iterations
readiness   [  27% ] 006/098 VUs  12m22.0s/45m0s  20.00 iters/s

running (12m23.0s), 006/098 VUs, 14792 complete and 0 interrupted iterations
readiness   [  28% ] 006/098 VUs  12m23.0s/45m0s  20.00 iters/s

running (12m24.0s), 006/098 VUs, 14812 complete and 0 interrupted iterations
readiness   [  28% ] 006/098 VUs  12m24.0s/45m0s  20.00 iters/s

running (12m25.0s), 006/098 VUs, 14832 complete and 0 interrupted iterations
readiness   [  28% ] 006/098 VUs  12m25.0s/45m0s  20.00 iters/s

running (12m26.0s), 007/098 VUs, 14851 complete and 0 interrupted iterations
readiness   [  28% ] 007/098 VUs  12m26.0s/45m0s  20.00 iters/s

running (12m27.0s), 007/098 VUs, 14871 complete and 0 interrupted iterations
readiness   [  28% ] 007/098 VUs  12m27.0s/45m0s  20.00 iters/s

running (12m28.0s), 006/098 VUs, 14892 complete and 0 interrupted iterations
readiness   [  28% ] 006/098 VUs  12m28.0s/45m0s  20.00 iters/s

running (12m29.0s), 006/098 VUs, 14912 complete and 0 interrupted iterations
readiness   [  28% ] 006/098 VUs  12m29.0s/45m0s  20.00 iters/s

running (12m30.0s), 007/098 VUs, 14931 complete and 0 interrupted iterations
readiness   [  28% ] 007/098 VUs  12m30.0s/45m0s  20.00 iters/s

running (12m31.0s), 006/098 VUs, 14952 complete and 0 interrupted iterations
readiness   [  28% ] 006/098 VUs  12m31.0s/45m0s  20.00 iters/s

running (12m32.0s), 006/098 VUs, 14972 complete and 0 interrupted iterations
readiness   [  28% ] 006/098 VUs  12m32.0s/45m0s  20.00 iters/s

running (12m33.0s), 006/098 VUs, 14992 complete and 0 interrupted iterations
readiness   [  28% ] 006/098 VUs  12m33.0s/45m0s  20.00 iters/s

running (12m34.0s), 006/098 VUs, 15012 complete and 0 interrupted iterations
readiness   [  28% ] 006/098 VUs  12m34.0s/45m0s  20.00 iters/s

running (12m35.0s), 006/098 VUs, 15032 complete and 0 interrupted iterations
readiness   [  28% ] 006/098 VUs  12m35.0s/45m0s  20.00 iters/s

running (12m36.0s), 006/098 VUs, 15052 complete and 0 interrupted iterations
readiness   [  28% ] 006/098 VUs  12m36.0s/45m0s  20.00 iters/s

running (12m37.0s), 006/098 VUs, 15072 complete and 0 interrupted iterations
readiness   [  28% ] 006/098 VUs  12m37.0s/45m0s  20.00 iters/s

running (12m38.0s), 006/098 VUs, 15092 complete and 0 interrupted iterations
readiness   [  28% ] 006/098 VUs  12m38.0s/45m0s  20.00 iters/s

running (12m39.0s), 006/098 VUs, 15112 complete and 0 interrupted iterations
readiness   [  28% ] 006/098 VUs  12m39.0s/45m0s  20.00 iters/s

running (12m40.0s), 006/098 VUs, 15132 complete and 0 interrupted iterations
readiness   [  28% ] 006/098 VUs  12m40.0s/45m0s  20.00 iters/s

running (12m41.0s), 006/098 VUs, 15152 complete and 0 interrupted iterations
readiness   [  28% ] 006/098 VUs  12m41.0s/45m0s  20.00 iters/s

running (12m42.0s), 006/098 VUs, 15172 complete and 0 interrupted iterations
readiness   [  28% ] 006/098 VUs  12m42.0s/45m0s  20.00 iters/s

running (12m43.0s), 006/098 VUs, 15192 complete and 0 interrupted iterations
readiness   [  28% ] 006/098 VUs  12m43.0s/45m0s  20.00 iters/s

running (12m44.0s), 006/098 VUs, 15212 complete and 0 interrupted iterations
readiness   [  28% ] 006/098 VUs  12m44.0s/45m0s  20.00 iters/s

running (12m45.0s), 006/098 VUs, 15232 complete and 0 interrupted iterations
readiness   [  28% ] 006/098 VUs  12m45.0s/45m0s  20.00 iters/s

running (12m46.0s), 006/098 VUs, 15252 complete and 0 interrupted iterations
readiness   [  28% ] 006/098 VUs  12m46.0s/45m0s  20.00 iters/s

running (12m47.0s), 006/098 VUs, 15272 complete and 0 interrupted iterations
readiness   [  28% ] 006/098 VUs  12m47.0s/45m0s  20.00 iters/s

running (12m48.0s), 006/098 VUs, 15292 complete and 0 interrupted iterations
readiness   [  28% ] 006/098 VUs  12m48.0s/45m0s  20.00 iters/s

running (12m49.0s), 007/098 VUs, 15311 complete and 0 interrupted iterations
readiness   [  28% ] 007/098 VUs  12m49.0s/45m0s  20.00 iters/s

running (12m50.0s), 006/098 VUs, 15332 complete and 0 interrupted iterations
readiness   [  29% ] 006/098 VUs  12m50.0s/45m0s  20.00 iters/s

running (12m51.0s), 006/098 VUs, 15352 complete and 0 interrupted iterations
readiness   [  29% ] 006/098 VUs  12m51.0s/45m0s  20.00 iters/s

running (12m52.0s), 009/098 VUs, 15369 complete and 0 interrupted iterations
readiness   [  29% ] 009/098 VUs  12m52.0s/45m0s  20.00 iters/s

running (12m53.0s), 007/098 VUs, 15391 complete and 0 interrupted iterations
readiness   [  29% ] 007/098 VUs  12m53.0s/45m0s  20.00 iters/s

running (12m54.0s), 008/098 VUs, 15410 complete and 0 interrupted iterations
readiness   [  29% ] 008/098 VUs  12m54.0s/45m0s  20.00 iters/s

running (12m55.0s), 006/098 VUs, 15432 complete and 0 interrupted iterations
readiness   [  29% ] 006/098 VUs  12m55.0s/45m0s  20.00 iters/s

running (12m56.0s), 006/098 VUs, 15452 complete and 0 interrupted iterations
readiness   [  29% ] 006/098 VUs  12m56.0s/45m0s  20.00 iters/s

running (12m57.0s), 007/098 VUs, 15471 complete and 0 interrupted iterations
readiness   [  29% ] 007/098 VUs  12m57.0s/45m0s  20.00 iters/s

running (12m58.0s), 006/098 VUs, 15492 complete and 0 interrupted iterations
readiness   [  29% ] 006/098 VUs  12m58.0s/45m0s  20.00 iters/s

running (12m59.0s), 006/098 VUs, 15512 complete and 0 interrupted iterations
readiness   [  29% ] 006/098 VUs  12m59.0s/45m0s  20.00 iters/s

running (13m00.0s), 007/098 VUs, 15531 complete and 0 interrupted iterations
readiness   [  29% ] 007/098 VUs  13m00.0s/45m0s  20.00 iters/s

running (13m01.0s), 006/098 VUs, 15552 complete and 0 interrupted iterations
readiness   [  29% ] 006/098 VUs  13m01.0s/45m0s  20.00 iters/s

running (13m02.0s), 006/098 VUs, 15572 complete and 0 interrupted iterations
readiness   [  29% ] 006/098 VUs  13m02.0s/45m0s  20.00 iters/s

running (13m03.0s), 006/098 VUs, 15592 complete and 0 interrupted iterations
readiness   [  29% ] 006/098 VUs  13m03.0s/45m0s  20.00 iters/s

running (13m04.0s), 006/098 VUs, 15612 complete and 0 interrupted iterations
readiness   [  29% ] 006/098 VUs  13m04.0s/45m0s  20.00 iters/s

running (13m05.0s), 006/098 VUs, 15632 complete and 0 interrupted iterations
readiness   [  29% ] 006/098 VUs  13m05.0s/45m0s  20.00 iters/s

running (13m06.0s), 006/098 VUs, 15652 complete and 0 interrupted iterations
readiness   [  29% ] 006/098 VUs  13m06.0s/45m0s  20.00 iters/s

running (13m07.0s), 006/098 VUs, 15672 complete and 0 interrupted iterations
readiness   [  29% ] 006/098 VUs  13m07.0s/45m0s  20.00 iters/s

running (13m08.0s), 006/098 VUs, 15692 complete and 0 interrupted iterations
readiness   [  29% ] 006/098 VUs  13m08.0s/45m0s  20.00 iters/s

running (13m09.0s), 006/098 VUs, 15712 complete and 0 interrupted iterations
readiness   [  29% ] 006/098 VUs  13m09.0s/45m0s  20.00 iters/s

running (13m10.0s), 006/098 VUs, 15732 complete and 0 interrupted iterations
readiness   [  29% ] 006/098 VUs  13m10.0s/45m0s  20.00 iters/s

running (13m11.0s), 006/098 VUs, 15752 complete and 0 interrupted iterations
readiness   [  29% ] 006/098 VUs  13m11.0s/45m0s  20.00 iters/s

running (13m12.0s), 006/098 VUs, 15772 complete and 0 interrupted iterations
readiness   [  29% ] 006/098 VUs  13m12.0s/45m0s  20.00 iters/s

running (13m13.0s), 006/098 VUs, 15792 complete and 0 interrupted iterations
readiness   [  29% ] 006/098 VUs  13m13.0s/45m0s  20.00 iters/s

running (13m14.0s), 006/098 VUs, 15812 complete and 0 interrupted iterations
readiness   [  29% ] 006/098 VUs  13m14.0s/45m0s  20.00 iters/s

running (13m15.0s), 007/098 VUs, 15831 complete and 0 interrupted iterations
readiness   [  29% ] 007/098 VUs  13m15.0s/45m0s  20.00 iters/s

running (13m16.0s), 007/098 VUs, 15851 complete and 0 interrupted iterations
readiness   [  29% ] 007/098 VUs  13m16.0s/45m0s  20.00 iters/s

running (13m17.0s), 006/098 VUs, 15872 complete and 0 interrupted iterations
readiness   [  30% ] 006/098 VUs  13m17.0s/45m0s  20.00 iters/s

running (13m18.0s), 006/098 VUs, 15892 complete and 0 interrupted iterations
readiness   [  30% ] 006/098 VUs  13m18.0s/45m0s  20.00 iters/s

running (13m19.0s), 006/098 VUs, 15912 complete and 0 interrupted iterations
readiness   [  30% ] 006/098 VUs  13m19.0s/45m0s  20.00 iters/s

running (13m20.0s), 006/098 VUs, 15932 complete and 0 interrupted iterations
readiness   [  30% ] 006/098 VUs  13m20.0s/45m0s  20.00 iters/s

running (13m21.0s), 006/098 VUs, 15952 complete and 0 interrupted iterations
readiness   [  30% ] 006/098 VUs  13m21.0s/45m0s  20.00 iters/s

running (13m22.0s), 007/098 VUs, 15971 complete and 0 interrupted iterations
readiness   [  30% ] 007/098 VUs  13m22.0s/45m0s  20.00 iters/s

running (13m23.0s), 006/098 VUs, 15992 complete and 0 interrupted iterations
readiness   [  30% ] 006/098 VUs  13m23.0s/45m0s  20.00 iters/s

running (13m24.0s), 006/098 VUs, 16012 complete and 0 interrupted iterations
readiness   [  30% ] 006/098 VUs  13m24.0s/45m0s  20.00 iters/s

running (13m25.0s), 006/098 VUs, 16032 complete and 0 interrupted iterations
readiness   [  30% ] 006/098 VUs  13m25.0s/45m0s  20.00 iters/s

running (13m26.0s), 006/098 VUs, 16052 complete and 0 interrupted iterations
readiness   [  30% ] 006/098 VUs  13m26.0s/45m0s  20.00 iters/s

running (13m27.0s), 006/098 VUs, 16072 complete and 0 interrupted iterations
readiness   [  30% ] 006/098 VUs  13m27.0s/45m0s  20.00 iters/s

running (13m28.0s), 006/098 VUs, 16092 complete and 0 interrupted iterations
readiness   [  30% ] 006/098 VUs  13m28.0s/45m0s  20.00 iters/s

running (13m29.0s), 006/098 VUs, 16112 complete and 0 interrupted iterations
readiness   [  30% ] 006/098 VUs  13m29.0s/45m0s  20.00 iters/s

running (13m30.0s), 006/098 VUs, 16132 complete and 0 interrupted iterations
readiness   [  30% ] 006/098 VUs  13m30.0s/45m0s  20.00 iters/s

running (13m31.0s), 006/098 VUs, 16152 complete and 0 interrupted iterations
readiness   [  30% ] 006/098 VUs  13m31.0s/45m0s  20.00 iters/s

running (13m32.0s), 006/098 VUs, 16172 complete and 0 interrupted iterations
readiness   [  30% ] 006/098 VUs  13m32.0s/45m0s  20.00 iters/s

running (13m33.0s), 006/098 VUs, 16192 complete and 0 interrupted iterations
readiness   [  30% ] 006/098 VUs  13m33.0s/45m0s  20.00 iters/s

running (13m34.0s), 006/098 VUs, 16212 complete and 0 interrupted iterations
readiness   [  30% ] 006/098 VUs  13m34.0s/45m0s  20.00 iters/s

running (13m35.0s), 006/098 VUs, 16232 complete and 0 interrupted iterations
readiness   [  30% ] 006/098 VUs  13m35.0s/45m0s  20.00 iters/s

running (13m36.0s), 006/098 VUs, 16252 complete and 0 interrupted iterations
readiness   [  30% ] 006/098 VUs  13m36.0s/45m0s  20.00 iters/s

running (13m37.0s), 006/098 VUs, 16272 complete and 0 interrupted iterations
readiness   [  30% ] 006/098 VUs  13m37.0s/45m0s  20.00 iters/s

running (13m38.0s), 006/098 VUs, 16292 complete and 0 interrupted iterations
readiness   [  30% ] 006/098 VUs  13m38.0s/45m0s  20.00 iters/s

running (13m39.0s), 006/098 VUs, 16312 complete and 0 interrupted iterations
readiness   [  30% ] 006/098 VUs  13m39.0s/45m0s  20.00 iters/s

running (13m40.0s), 006/098 VUs, 16332 complete and 0 interrupted iterations
readiness   [  30% ] 006/098 VUs  13m40.0s/45m0s  20.00 iters/s

running (13m41.0s), 006/098 VUs, 16352 complete and 0 interrupted iterations
readiness   [  30% ] 006/098 VUs  13m41.0s/45m0s  20.00 iters/s

running (13m42.0s), 006/098 VUs, 16372 complete and 0 interrupted iterations
readiness   [  30% ] 006/098 VUs  13m42.0s/45m0s  20.00 iters/s

running (13m43.0s), 006/098 VUs, 16392 complete and 0 interrupted iterations
readiness   [  30% ] 006/098 VUs  13m43.0s/45m0s  20.00 iters/s

running (13m44.0s), 006/098 VUs, 16412 complete and 0 interrupted iterations
readiness   [  31% ] 006/098 VUs  13m44.0s/45m0s  20.00 iters/s

running (13m45.0s), 006/098 VUs, 16432 complete and 0 interrupted iterations
readiness   [  31% ] 006/098 VUs  13m45.0s/45m0s  20.00 iters/s

running (13m46.0s), 007/098 VUs, 16451 complete and 0 interrupted iterations
readiness   [  31% ] 007/098 VUs  13m46.0s/45m0s  20.00 iters/s

running (13m47.0s), 006/098 VUs, 16472 complete and 0 interrupted iterations
readiness   [  31% ] 006/098 VUs  13m47.0s/45m0s  20.00 iters/s

running (13m48.0s), 006/098 VUs, 16492 complete and 0 interrupted iterations
readiness   [  31% ] 006/098 VUs  13m48.0s/45m0s  20.00 iters/s

running (13m49.0s), 006/098 VUs, 16512 complete and 0 interrupted iterations
readiness   [  31% ] 006/098 VUs  13m49.0s/45m0s  20.00 iters/s

running (13m50.0s), 006/098 VUs, 16532 complete and 0 interrupted iterations
readiness   [  31% ] 006/098 VUs  13m50.0s/45m0s  20.00 iters/s

running (13m51.0s), 006/098 VUs, 16552 complete and 0 interrupted iterations
readiness   [  31% ] 006/098 VUs  13m51.0s/45m0s  20.00 iters/s

running (13m52.0s), 009/098 VUs, 16569 complete and 0 interrupted iterations
readiness   [  31% ] 009/098 VUs  13m52.0s/45m0s  20.00 iters/s

running (13m53.0s), 007/098 VUs, 16591 complete and 0 interrupted iterations
readiness   [  31% ] 007/098 VUs  13m53.0s/45m0s  20.00 iters/s

running (13m54.0s), 013/098 VUs, 16605 complete and 0 interrupted iterations
readiness   [  31% ] 013/098 VUs  13m54.0s/45m0s  20.00 iters/s

running (13m55.0s), 008/098 VUs, 16630 complete and 0 interrupted iterations
readiness   [  31% ] 008/098 VUs  13m55.0s/45m0s  20.00 iters/s

running (13m56.0s), 006/098 VUs, 16652 complete and 0 interrupted iterations
readiness   [  31% ] 006/098 VUs  13m56.0s/45m0s  20.00 iters/s

running (13m57.0s), 006/098 VUs, 16672 complete and 0 interrupted iterations
readiness   [  31% ] 006/098 VUs  13m57.0s/45m0s  20.00 iters/s

running (13m58.0s), 006/098 VUs, 16692 complete and 0 interrupted iterations
readiness   [  31% ] 006/098 VUs  13m58.0s/45m0s  20.00 iters/s

running (13m59.0s), 006/098 VUs, 16712 complete and 0 interrupted iterations
readiness   [  31% ] 006/098 VUs  13m59.0s/45m0s  20.00 iters/s

running (14m00.0s), 006/098 VUs, 16732 complete and 0 interrupted iterations
readiness   [  31% ] 006/098 VUs  14m00.0s/45m0s  20.00 iters/s

running (14m01.0s), 006/098 VUs, 16752 complete and 0 interrupted iterations
readiness   [  31% ] 006/098 VUs  14m01.0s/45m0s  20.00 iters/s

running (14m02.0s), 006/098 VUs, 16772 complete and 0 interrupted iterations
readiness   [  31% ] 006/098 VUs  14m02.0s/45m0s  20.00 iters/s

running (14m03.0s), 007/098 VUs, 16791 complete and 0 interrupted iterations
readiness   [  31% ] 007/098 VUs  14m03.0s/45m0s  20.00 iters/s

running (14m04.0s), 006/098 VUs, 16812 complete and 0 interrupted iterations
readiness   [  31% ] 006/098 VUs  14m04.0s/45m0s  20.00 iters/s

running (14m05.0s), 007/098 VUs, 16831 complete and 0 interrupted iterations
readiness   [  31% ] 007/098 VUs  14m05.0s/45m0s  20.00 iters/s

running (14m06.0s), 006/098 VUs, 16852 complete and 0 interrupted iterations
readiness   [  31% ] 006/098 VUs  14m06.0s/45m0s  20.00 iters/s

running (14m07.0s), 006/098 VUs, 16872 complete and 0 interrupted iterations
readiness   [  31% ] 006/098 VUs  14m07.0s/45m0s  20.00 iters/s

running (14m08.0s), 006/098 VUs, 16892 complete and 0 interrupted iterations
readiness   [  31% ] 006/098 VUs  14m08.0s/45m0s  20.00 iters/s

running (14m09.0s), 006/098 VUs, 16912 complete and 0 interrupted iterations
readiness   [  31% ] 006/098 VUs  14m09.0s/45m0s  20.00 iters/s

running (14m10.0s), 006/098 VUs, 16932 complete and 0 interrupted iterations
readiness   [  31% ] 006/098 VUs  14m10.0s/45m0s  20.00 iters/s

running (14m11.0s), 007/098 VUs, 16951 complete and 0 interrupted iterations
readiness   [  32% ] 007/098 VUs  14m11.0s/45m0s  20.00 iters/s

running (14m12.0s), 006/098 VUs, 16972 complete and 0 interrupted iterations
readiness   [  32% ] 006/098 VUs  14m12.0s/45m0s  20.00 iters/s

running (14m13.0s), 006/098 VUs, 16992 complete and 0 interrupted iterations
readiness   [  32% ] 006/098 VUs  14m13.0s/45m0s  20.00 iters/s

running (14m14.0s), 007/098 VUs, 17011 complete and 0 interrupted iterations
readiness   [  32% ] 007/098 VUs  14m14.0s/45m0s  20.00 iters/s

running (14m15.0s), 006/098 VUs, 17032 complete and 0 interrupted iterations
readiness   [  32% ] 006/098 VUs  14m15.0s/45m0s  20.00 iters/s

running (14m16.0s), 006/098 VUs, 17052 complete and 0 interrupted iterations
readiness   [  32% ] 006/098 VUs  14m16.0s/45m0s  20.00 iters/s

running (14m17.0s), 006/098 VUs, 17072 complete and 0 interrupted iterations
readiness   [  32% ] 006/098 VUs  14m17.0s/45m0s  20.00 iters/s

running (14m18.0s), 006/098 VUs, 17092 complete and 0 interrupted iterations
readiness   [  32% ] 006/098 VUs  14m18.0s/45m0s  20.00 iters/s

running (14m19.0s), 006/098 VUs, 17112 complete and 0 interrupted iterations
readiness   [  32% ] 006/098 VUs  14m19.0s/45m0s  20.00 iters/s

running (14m20.0s), 007/098 VUs, 17131 complete and 0 interrupted iterations
readiness   [  32% ] 007/098 VUs  14m20.0s/45m0s  20.00 iters/s

running (14m21.0s), 006/098 VUs, 17152 complete and 0 interrupted iterations
readiness   [  32% ] 006/098 VUs  14m21.0s/45m0s  20.00 iters/s

running (14m22.0s), 006/098 VUs, 17172 complete and 0 interrupted iterations
readiness   [  32% ] 006/098 VUs  14m22.0s/45m0s  20.00 iters/s

running (14m23.0s), 009/098 VUs, 17190 complete and 0 interrupted iterations
readiness   [  32% ] 009/098 VUs  14m23.0s/45m0s  20.00 iters/s

running (14m24.0s), 006/098 VUs, 17212 complete and 0 interrupted iterations
readiness   [  32% ] 006/098 VUs  14m24.0s/45m0s  20.00 iters/s

running (14m25.0s), 006/098 VUs, 17232 complete and 0 interrupted iterations
readiness   [  32% ] 006/098 VUs  14m25.0s/45m0s  20.00 iters/s

running (14m26.0s), 006/098 VUs, 17252 complete and 0 interrupted iterations
readiness   [  32% ] 006/098 VUs  14m26.0s/45m0s  20.00 iters/s

running (14m27.0s), 007/098 VUs, 17271 complete and 0 interrupted iterations
readiness   [  32% ] 007/098 VUs  14m27.0s/45m0s  20.00 iters/s

running (14m28.0s), 006/098 VUs, 17292 complete and 0 interrupted iterations
readiness   [  32% ] 006/098 VUs  14m28.0s/45m0s  20.00 iters/s

running (14m29.0s), 007/098 VUs, 17311 complete and 0 interrupted iterations
readiness   [  32% ] 007/098 VUs  14m29.0s/45m0s  20.00 iters/s

running (14m30.0s), 006/098 VUs, 17332 complete and 0 interrupted iterations
readiness   [  32% ] 006/098 VUs  14m30.0s/45m0s  20.00 iters/s

running (14m31.0s), 006/098 VUs, 17352 complete and 0 interrupted iterations
readiness   [  32% ] 006/098 VUs  14m31.0s/45m0s  20.00 iters/s

running (14m32.0s), 006/098 VUs, 17372 complete and 0 interrupted iterations
readiness   [  32% ] 006/098 VUs  14m32.0s/45m0s  20.00 iters/s

running (14m33.0s), 006/098 VUs, 17392 complete and 0 interrupted iterations
readiness   [  32% ] 006/098 VUs  14m33.0s/45m0s  20.00 iters/s

running (14m34.0s), 006/098 VUs, 17412 complete and 0 interrupted iterations
readiness   [  32% ] 006/098 VUs  14m34.0s/45m0s  20.00 iters/s

running (14m35.0s), 006/098 VUs, 17432 complete and 0 interrupted iterations
readiness   [  32% ] 006/098 VUs  14m35.0s/45m0s  20.00 iters/s

running (14m36.0s), 006/098 VUs, 17452 complete and 0 interrupted iterations
readiness   [  32% ] 006/098 VUs  14m36.0s/45m0s  20.00 iters/s

running (14m37.0s), 006/098 VUs, 17472 complete and 0 interrupted iterations
readiness   [  32% ] 006/098 VUs  14m37.0s/45m0s  20.00 iters/s

running (14m38.0s), 006/098 VUs, 17492 complete and 0 interrupted iterations
readiness   [  33% ] 006/098 VUs  14m38.0s/45m0s  20.00 iters/s

running (14m39.0s), 006/098 VUs, 17512 complete and 0 interrupted iterations
readiness   [  33% ] 006/098 VUs  14m39.0s/45m0s  20.00 iters/s

running (14m40.0s), 006/098 VUs, 17532 complete and 0 interrupted iterations
readiness   [  33% ] 006/098 VUs  14m40.0s/45m0s  20.00 iters/s

running (14m41.0s), 006/098 VUs, 17552 complete and 0 interrupted iterations
readiness   [  33% ] 006/098 VUs  14m41.0s/45m0s  20.00 iters/s

running (14m42.0s), 006/098 VUs, 17572 complete and 0 interrupted iterations
readiness   [  33% ] 006/098 VUs  14m42.0s/45m0s  20.00 iters/s

running (14m43.0s), 006/098 VUs, 17592 complete and 0 interrupted iterations
readiness   [  33% ] 006/098 VUs  14m43.0s/45m0s  20.00 iters/s

running (14m44.0s), 006/098 VUs, 17612 complete and 0 interrupted iterations
readiness   [  33% ] 006/098 VUs  14m44.0s/45m0s  20.00 iters/s

running (14m45.0s), 006/098 VUs, 17632 complete and 0 interrupted iterations
readiness   [  33% ] 006/098 VUs  14m45.0s/45m0s  20.00 iters/s

running (14m46.0s), 006/098 VUs, 17652 complete and 0 interrupted iterations
readiness   [  33% ] 006/098 VUs  14m46.0s/45m0s  20.00 iters/s

running (14m47.0s), 006/098 VUs, 17672 complete and 0 interrupted iterations
readiness   [  33% ] 006/098 VUs  14m47.0s/45m0s  20.00 iters/s

running (14m48.0s), 006/098 VUs, 17692 complete and 0 interrupted iterations
readiness   [  33% ] 006/098 VUs  14m48.0s/45m0s  20.00 iters/s

running (14m49.0s), 006/098 VUs, 17712 complete and 0 interrupted iterations
readiness   [  33% ] 006/098 VUs  14m49.0s/45m0s  20.00 iters/s

running (14m50.0s), 006/098 VUs, 17732 complete and 0 interrupted iterations
readiness   [  33% ] 006/098 VUs  14m50.0s/45m0s  20.00 iters/s

running (14m51.0s), 006/098 VUs, 17752 complete and 0 interrupted iterations
readiness   [  33% ] 006/098 VUs  14m51.0s/45m0s  20.00 iters/s

running (14m52.0s), 009/098 VUs, 17769 complete and 0 interrupted iterations
readiness   [  33% ] 009/098 VUs  14m52.0s/45m0s  20.00 iters/s

running (14m53.0s), 006/098 VUs, 17792 complete and 0 interrupted iterations
readiness   [  33% ] 006/098 VUs  14m53.0s/45m0s  20.00 iters/s

running (14m54.0s), 012/098 VUs, 17806 complete and 0 interrupted iterations
readiness   [  33% ] 012/098 VUs  14m54.0s/45m0s  20.00 iters/s

running (14m55.0s), 007/098 VUs, 17831 complete and 0 interrupted iterations
readiness   [  33% ] 007/098 VUs  14m55.0s/45m0s  20.00 iters/s

running (14m56.0s), 006/098 VUs, 17852 complete and 0 interrupted iterations
readiness   [  33% ] 006/098 VUs  14m56.0s/45m0s  20.00 iters/s

running (14m57.0s), 006/098 VUs, 17872 complete and 0 interrupted iterations
readiness   [  33% ] 006/098 VUs  14m57.0s/45m0s  20.00 iters/s

running (14m58.0s), 006/098 VUs, 17892 complete and 0 interrupted iterations
readiness   [  33% ] 006/098 VUs  14m58.0s/45m0s  20.00 iters/s

running (14m59.0s), 006/098 VUs, 17912 complete and 0 interrupted iterations
readiness   [  33% ] 006/098 VUs  14m59.0s/45m0s  20.00 iters/s

running (15m00.0s), 007/098 VUs, 17931 complete and 0 interrupted iterations
readiness   [  33% ] 007/098 VUs  15m00.0s/45m0s  20.00 iters/s

running (15m01.0s), 006/098 VUs, 17952 complete and 0 interrupted iterations
readiness   [  33% ] 006/098 VUs  15m01.0s/45m0s  20.00 iters/s

running (15m02.0s), 007/098 VUs, 17972 complete and 0 interrupted iterations
readiness   [  33% ] 006/098 VUs  15m02.0s/45m0s  20.00 iters/s

running (15m03.0s), 007/098 VUs, 17991 complete and 0 interrupted iterations
readiness   [  33% ] 007/098 VUs  15m03.0s/45m0s  20.00 iters/s

running (15m04.0s), 007/098 VUs, 18011 complete and 0 interrupted iterations
readiness   [  33% ] 007/098 VUs  15m04.0s/45m0s  20.00 iters/s

running (15m05.0s), 006/098 VUs, 18032 complete and 0 interrupted iterations
readiness   [  34% ] 006/098 VUs  15m05.0s/45m0s  20.00 iters/s

running (15m06.0s), 006/098 VUs, 18052 complete and 0 interrupted iterations
readiness   [  34% ] 006/098 VUs  15m06.0s/45m0s  20.00 iters/s

running (15m07.0s), 006/098 VUs, 18072 complete and 0 interrupted iterations
readiness   [  34% ] 006/098 VUs  15m07.0s/45m0s  20.00 iters/s

running (15m08.0s), 006/098 VUs, 18092 complete and 0 interrupted iterations
readiness   [  34% ] 006/098 VUs  15m08.0s/45m0s  20.00 iters/s

running (15m09.0s), 006/098 VUs, 18112 complete and 0 interrupted iterations
readiness   [  34% ] 006/098 VUs  15m09.0s/45m0s  20.00 iters/s

running (15m10.0s), 006/098 VUs, 18132 complete and 0 interrupted iterations
readiness   [  34% ] 006/098 VUs  15m10.0s/45m0s  20.00 iters/s

running (15m11.0s), 006/098 VUs, 18152 complete and 0 interrupted iterations
readiness   [  34% ] 006/098 VUs  15m11.0s/45m0s  20.00 iters/s

running (15m12.0s), 006/098 VUs, 18172 complete and 0 interrupted iterations
readiness   [  34% ] 006/098 VUs  15m12.0s/45m0s  20.00 iters/s

running (15m13.0s), 006/098 VUs, 18192 complete and 0 interrupted iterations
readiness   [  34% ] 006/098 VUs  15m13.0s/45m0s  20.00 iters/s

running (15m14.0s), 006/098 VUs, 18212 complete and 0 interrupted iterations
readiness   [  34% ] 006/098 VUs  15m14.0s/45m0s  20.00 iters/s

running (15m15.0s), 006/098 VUs, 18232 complete and 0 interrupted iterations
readiness   [  34% ] 006/098 VUs  15m15.0s/45m0s  20.00 iters/s

running (15m16.0s), 006/098 VUs, 18252 complete and 0 interrupted iterations
readiness   [  34% ] 006/098 VUs  15m16.0s/45m0s  20.00 iters/s

running (15m17.0s), 006/098 VUs, 18272 complete and 0 interrupted iterations
readiness   [  34% ] 006/098 VUs  15m17.0s/45m0s  20.00 iters/s

running (15m18.0s), 006/098 VUs, 18292 complete and 0 interrupted iterations
readiness   [  34% ] 006/098 VUs  15m18.0s/45m0s  20.00 iters/s

running (15m19.0s), 006/098 VUs, 18312 complete and 0 interrupted iterations
readiness   [  34% ] 006/098 VUs  15m19.0s/45m0s  20.00 iters/s

running (15m20.0s), 006/098 VUs, 18332 complete and 0 interrupted iterations
readiness   [  34% ] 006/098 VUs  15m20.0s/45m0s  20.00 iters/s

running (15m21.0s), 007/098 VUs, 18351 complete and 0 interrupted iterations
readiness   [  34% ] 007/098 VUs  15m21.0s/45m0s  20.00 iters/s

running (15m22.0s), 006/098 VUs, 18372 complete and 0 interrupted iterations
readiness   [  34% ] 006/098 VUs  15m22.0s/45m0s  20.00 iters/s

running (15m23.0s), 006/098 VUs, 18392 complete and 0 interrupted iterations
readiness   [  34% ] 006/098 VUs  15m23.0s/45m0s  20.00 iters/s

running (15m24.0s), 006/098 VUs, 18412 complete and 0 interrupted iterations
readiness   [  34% ] 006/098 VUs  15m24.0s/45m0s  20.00 iters/s

running (15m25.0s), 006/098 VUs, 18432 complete and 0 interrupted iterations
readiness   [  34% ] 006/098 VUs  15m25.0s/45m0s  20.00 iters/s

running (15m26.0s), 006/098 VUs, 18452 complete and 0 interrupted iterations
readiness   [  34% ] 006/098 VUs  15m26.0s/45m0s  20.00 iters/s

running (15m27.0s), 006/098 VUs, 18472 complete and 0 interrupted iterations
readiness   [  34% ] 006/098 VUs  15m27.0s/45m0s  20.00 iters/s

running (15m28.0s), 006/098 VUs, 18492 complete and 0 interrupted iterations
readiness   [  34% ] 006/098 VUs  15m28.0s/45m0s  20.00 iters/s

running (15m29.0s), 006/098 VUs, 18512 complete and 0 interrupted iterations
readiness   [  34% ] 006/098 VUs  15m29.0s/45m0s  20.00 iters/s

running (15m30.0s), 006/098 VUs, 18532 complete and 0 interrupted iterations
readiness   [  34% ] 006/098 VUs  15m30.0s/45m0s  20.00 iters/s

running (15m31.0s), 006/098 VUs, 18552 complete and 0 interrupted iterations
readiness   [  34% ] 006/098 VUs  15m31.0s/45m0s  20.00 iters/s

running (15m32.0s), 006/098 VUs, 18572 complete and 0 interrupted iterations
readiness   [  35% ] 006/098 VUs  15m32.0s/45m0s  20.00 iters/s

running (15m33.0s), 006/098 VUs, 18592 complete and 0 interrupted iterations
readiness   [  35% ] 006/098 VUs  15m33.0s/45m0s  20.00 iters/s

running (15m34.0s), 006/098 VUs, 18612 complete and 0 interrupted iterations
readiness   [  35% ] 006/098 VUs  15m34.0s/45m0s  20.00 iters/s

running (15m35.0s), 006/098 VUs, 18632 complete and 0 interrupted iterations
readiness   [  35% ] 006/098 VUs  15m35.0s/45m0s  20.00 iters/s

running (15m36.0s), 006/098 VUs, 18652 complete and 0 interrupted iterations
readiness   [  35% ] 006/098 VUs  15m36.0s/45m0s  20.00 iters/s

running (15m37.0s), 007/098 VUs, 18671 complete and 0 interrupted iterations
readiness   [  35% ] 007/098 VUs  15m37.0s/45m0s  20.00 iters/s

running (15m38.0s), 006/098 VUs, 18692 complete and 0 interrupted iterations
readiness   [  35% ] 006/098 VUs  15m38.0s/45m0s  20.00 iters/s

running (15m39.0s), 006/098 VUs, 18712 complete and 0 interrupted iterations
readiness   [  35% ] 006/098 VUs  15m39.0s/45m0s  20.00 iters/s

running (15m40.0s), 006/098 VUs, 18732 complete and 0 interrupted iterations
readiness   [  35% ] 006/098 VUs  15m40.0s/45m0s  20.00 iters/s

running (15m41.0s), 006/098 VUs, 18752 complete and 0 interrupted iterations
readiness   [  35% ] 006/098 VUs  15m41.0s/45m0s  20.00 iters/s

running (15m42.0s), 006/098 VUs, 18772 complete and 0 interrupted iterations
readiness   [  35% ] 006/098 VUs  15m42.0s/45m0s  20.00 iters/s

running (15m43.0s), 007/098 VUs, 18791 complete and 0 interrupted iterations
readiness   [  35% ] 007/098 VUs  15m43.0s/45m0s  20.00 iters/s

running (15m44.0s), 006/098 VUs, 18812 complete and 0 interrupted iterations
readiness   [  35% ] 006/098 VUs  15m44.0s/45m0s  20.00 iters/s

running (15m45.0s), 006/098 VUs, 18832 complete and 0 interrupted iterations
readiness   [  35% ] 006/098 VUs  15m45.0s/45m0s  20.00 iters/s

running (15m46.0s), 006/098 VUs, 18852 complete and 0 interrupted iterations
readiness   [  35% ] 006/098 VUs  15m46.0s/45m0s  20.00 iters/s

running (15m47.0s), 006/098 VUs, 18872 complete and 0 interrupted iterations
readiness   [  35% ] 006/098 VUs  15m47.0s/45m0s  20.00 iters/s

running (15m48.0s), 006/098 VUs, 18892 complete and 0 interrupted iterations
readiness   [  35% ] 006/098 VUs  15m48.0s/45m0s  20.00 iters/s

running (15m49.0s), 006/098 VUs, 18912 complete and 0 interrupted iterations
readiness   [  35% ] 006/098 VUs  15m49.0s/45m0s  20.00 iters/s

running (15m50.0s), 006/098 VUs, 18932 complete and 0 interrupted iterations
readiness   [  35% ] 006/098 VUs  15m50.0s/45m0s  20.00 iters/s

running (15m51.0s), 006/098 VUs, 18952 complete and 0 interrupted iterations
readiness   [  35% ] 006/098 VUs  15m51.0s/45m0s  20.00 iters/s

running (15m52.0s), 009/098 VUs, 18969 complete and 0 interrupted iterations
readiness   [  35% ] 009/098 VUs  15m52.0s/45m0s  20.00 iters/s

running (15m53.0s), 007/098 VUs, 18991 complete and 0 interrupted iterations
readiness   [  35% ] 007/098 VUs  15m53.0s/45m0s  20.00 iters/s

running (15m54.0s), 012/098 VUs, 19006 complete and 0 interrupted iterations
readiness   [  35% ] 012/098 VUs  15m54.0s/45m0s  20.00 iters/s

running (15m55.0s), 006/098 VUs, 19032 complete and 0 interrupted iterations
readiness   [  35% ] 006/098 VUs  15m55.0s/45m0s  20.00 iters/s

running (15m56.0s), 006/098 VUs, 19052 complete and 0 interrupted iterations
readiness   [  35% ] 006/098 VUs  15m56.0s/45m0s  20.00 iters/s

running (15m57.0s), 007/098 VUs, 19071 complete and 0 interrupted iterations
readiness   [  35% ] 006/098 VUs  15m57.0s/45m0s  20.00 iters/s

running (15m58.0s), 006/098 VUs, 19092 complete and 0 interrupted iterations
readiness   [  35% ] 006/098 VUs  15m58.0s/45m0s  20.00 iters/s

running (15m59.0s), 006/098 VUs, 19112 complete and 0 interrupted iterations
readiness   [  36% ] 006/098 VUs  15m59.0s/45m0s  20.00 iters/s

running (16m00.0s), 006/098 VUs, 19132 complete and 0 interrupted iterations
readiness   [  36% ] 006/098 VUs  16m00.0s/45m0s  20.00 iters/s

running (16m01.0s), 006/098 VUs, 19152 complete and 0 interrupted iterations
readiness   [  36% ] 006/098 VUs  16m01.0s/45m0s  20.00 iters/s

running (16m02.0s), 006/098 VUs, 19172 complete and 0 interrupted iterations
readiness   [  36% ] 006/098 VUs  16m02.0s/45m0s  20.00 iters/s

running (16m03.0s), 006/098 VUs, 19192 complete and 0 interrupted iterations
readiness   [  36% ] 006/098 VUs  16m03.0s/45m0s  20.00 iters/s

running (16m04.0s), 006/098 VUs, 19212 complete and 0 interrupted iterations
readiness   [  36% ] 006/098 VUs  16m04.0s/45m0s  20.00 iters/s

running (16m05.0s), 006/098 VUs, 19232 complete and 0 interrupted iterations
readiness   [  36% ] 006/098 VUs  16m05.0s/45m0s  20.00 iters/s

running (16m06.0s), 006/098 VUs, 19252 complete and 0 interrupted iterations
readiness   [  36% ] 006/098 VUs  16m06.0s/45m0s  20.00 iters/s

running (16m07.0s), 006/098 VUs, 19272 complete and 0 interrupted iterations
readiness   [  36% ] 006/098 VUs  16m07.0s/45m0s  20.00 iters/s

running (16m08.0s), 006/098 VUs, 19292 complete and 0 interrupted iterations
readiness   [  36% ] 006/098 VUs  16m08.0s/45m0s  20.00 iters/s

running (16m09.0s), 006/098 VUs, 19312 complete and 0 interrupted iterations
readiness   [  36% ] 006/098 VUs  16m09.0s/45m0s  20.00 iters/s

running (16m10.0s), 006/098 VUs, 19332 complete and 0 interrupted iterations
readiness   [  36% ] 006/098 VUs  16m10.0s/45m0s  20.00 iters/s

running (16m11.0s), 006/098 VUs, 19352 complete and 0 interrupted iterations
readiness   [  36% ] 006/098 VUs  16m11.0s/45m0s  20.00 iters/s

running (16m12.0s), 006/098 VUs, 19372 complete and 0 interrupted iterations
readiness   [  36% ] 006/098 VUs  16m12.0s/45m0s  20.00 iters/s

running (16m13.0s), 007/098 VUs, 19391 complete and 0 interrupted iterations
readiness   [  36% ] 007/098 VUs  16m13.0s/45m0s  20.00 iters/s

running (16m14.0s), 006/098 VUs, 19412 complete and 0 interrupted iterations
readiness   [  36% ] 006/098 VUs  16m14.0s/45m0s  20.00 iters/s

running (16m15.0s), 006/098 VUs, 19432 complete and 0 interrupted iterations
readiness   [  36% ] 006/098 VUs  16m15.0s/45m0s  20.00 iters/s

running (16m16.0s), 006/098 VUs, 19452 complete and 0 interrupted iterations
readiness   [  36% ] 006/098 VUs  16m16.0s/45m0s  20.00 iters/s

running (16m17.0s), 006/098 VUs, 19472 complete and 0 interrupted iterations
readiness   [  36% ] 006/098 VUs  16m17.0s/45m0s  20.00 iters/s

running (16m18.0s), 006/098 VUs, 19492 complete and 0 interrupted iterations
readiness   [  36% ] 006/098 VUs  16m18.0s/45m0s  20.00 iters/s

running (16m19.0s), 006/098 VUs, 19512 complete and 0 interrupted iterations
readiness   [  36% ] 006/098 VUs  16m19.0s/45m0s  20.00 iters/s

running (16m20.0s), 006/098 VUs, 19532 complete and 0 interrupted iterations
readiness   [  36% ] 006/098 VUs  16m20.0s/45m0s  20.00 iters/s

running (16m21.0s), 006/098 VUs, 19552 complete and 0 interrupted iterations
readiness   [  36% ] 006/098 VUs  16m21.0s/45m0s  20.00 iters/s

running (16m22.0s), 006/098 VUs, 19572 complete and 0 interrupted iterations
readiness   [  36% ] 006/098 VUs  16m22.0s/45m0s  20.00 iters/s

running (16m23.0s), 006/098 VUs, 19592 complete and 0 interrupted iterations
readiness   [  36% ] 006/098 VUs  16m23.0s/45m0s  20.00 iters/s

running (16m24.0s), 007/098 VUs, 19611 complete and 0 interrupted iterations
readiness   [  36% ] 007/098 VUs  16m24.0s/45m0s  20.00 iters/s

running (16m25.0s), 006/098 VUs, 19632 complete and 0 interrupted iterations
readiness   [  36% ] 006/098 VUs  16m25.0s/45m0s  20.00 iters/s

running (16m26.0s), 006/098 VUs, 19652 complete and 0 interrupted iterations
readiness   [  37% ] 006/098 VUs  16m26.0s/45m0s  20.00 iters/s

running (16m27.0s), 006/098 VUs, 19672 complete and 0 interrupted iterations
readiness   [  37% ] 006/098 VUs  16m27.0s/45m0s  20.00 iters/s

running (16m28.0s), 007/098 VUs, 19691 complete and 0 interrupted iterations
readiness   [  37% ] 007/098 VUs  16m28.0s/45m0s  20.00 iters/s

running (16m29.0s), 006/098 VUs, 19712 complete and 0 interrupted iterations
readiness   [  37% ] 006/098 VUs  16m29.0s/45m0s  20.00 iters/s

running (16m30.0s), 006/098 VUs, 19732 complete and 0 interrupted iterations
readiness   [  37% ] 006/098 VUs  16m30.0s/45m0s  20.00 iters/s

running (16m31.0s), 006/098 VUs, 19752 complete and 0 interrupted iterations
readiness   [  37% ] 006/098 VUs  16m31.0s/45m0s  20.00 iters/s

running (16m32.0s), 007/098 VUs, 19771 complete and 0 interrupted iterations
readiness   [  37% ] 007/098 VUs  16m32.0s/45m0s  20.00 iters/s

running (16m33.0s), 006/098 VUs, 19792 complete and 0 interrupted iterations
readiness   [  37% ] 006/098 VUs  16m33.0s/45m0s  20.00 iters/s

running (16m34.0s), 007/098 VUs, 19811 complete and 0 interrupted iterations
readiness   [  37% ] 007/098 VUs  16m34.0s/45m0s  20.00 iters/s

running (16m35.0s), 007/098 VUs, 19831 complete and 0 interrupted iterations
readiness   [  37% ] 007/098 VUs  16m35.0s/45m0s  20.00 iters/s

running (16m36.0s), 006/098 VUs, 19852 complete and 0 interrupted iterations
readiness   [  37% ] 006/098 VUs  16m36.0s/45m0s  20.00 iters/s

running (16m37.0s), 006/098 VUs, 19872 complete and 0 interrupted iterations
readiness   [  37% ] 006/098 VUs  16m37.0s/45m0s  20.00 iters/s

running (16m38.0s), 006/098 VUs, 19892 complete and 0 interrupted iterations
readiness   [  37% ] 006/098 VUs  16m38.0s/45m0s  20.00 iters/s

running (16m39.0s), 006/098 VUs, 19912 complete and 0 interrupted iterations
readiness   [  37% ] 006/098 VUs  16m39.0s/45m0s  20.00 iters/s

running (16m40.0s), 006/098 VUs, 19932 complete and 0 interrupted iterations
readiness   [  37% ] 006/098 VUs  16m40.0s/45m0s  20.00 iters/s

running (16m41.0s), 006/098 VUs, 19952 complete and 0 interrupted iterations
readiness   [  37% ] 006/098 VUs  16m41.0s/45m0s  20.00 iters/s

running (16m42.0s), 006/098 VUs, 19972 complete and 0 interrupted iterations
readiness   [  37% ] 006/098 VUs  16m42.0s/45m0s  20.00 iters/s

running (16m43.0s), 006/098 VUs, 19992 complete and 0 interrupted iterations
readiness   [  37% ] 006/098 VUs  16m43.0s/45m0s  20.00 iters/s

running (16m44.0s), 006/098 VUs, 20012 complete and 0 interrupted iterations
readiness   [  37% ] 006/098 VUs  16m44.0s/45m0s  20.00 iters/s

running (16m45.0s), 006/098 VUs, 20032 complete and 0 interrupted iterations
readiness   [  37% ] 006/098 VUs  16m45.0s/45m0s  20.00 iters/s

running (16m46.0s), 006/098 VUs, 20052 complete and 0 interrupted iterations
readiness   [  37% ] 006/098 VUs  16m46.0s/45m0s  20.00 iters/s

running (16m47.0s), 006/098 VUs, 20072 complete and 0 interrupted iterations
readiness   [  37% ] 006/098 VUs  16m47.0s/45m0s  20.00 iters/s

running (16m48.0s), 006/098 VUs, 20092 complete and 0 interrupted iterations
readiness   [  37% ] 006/098 VUs  16m48.0s/45m0s  20.00 iters/s

running (16m49.0s), 007/098 VUs, 20111 complete and 0 interrupted iterations
readiness   [  37% ] 007/098 VUs  16m49.0s/45m0s  20.00 iters/s

running (16m50.0s), 006/098 VUs, 20132 complete and 0 interrupted iterations
readiness   [  37% ] 006/098 VUs  16m50.0s/45m0s  20.00 iters/s

running (16m51.0s), 006/098 VUs, 20152 complete and 0 interrupted iterations
readiness   [  37% ] 006/098 VUs  16m51.0s/45m0s  20.00 iters/s

running (16m52.0s), 009/098 VUs, 20169 complete and 0 interrupted iterations
readiness   [  37% ] 009/098 VUs  16m52.0s/45m0s  20.00 iters/s

running (16m53.0s), 006/098 VUs, 20192 complete and 0 interrupted iterations
readiness   [  38% ] 006/098 VUs  16m53.0s/45m0s  20.00 iters/s

running (16m54.0s), 014/098 VUs, 20204 complete and 0 interrupted iterations
readiness   [  38% ] 014/098 VUs  16m54.0s/45m0s  20.00 iters/s

running (16m55.0s), 007/098 VUs, 20231 complete and 0 interrupted iterations
readiness   [  38% ] 007/098 VUs  16m55.0s/45m0s  20.00 iters/s

running (16m56.0s), 007/098 VUs, 20251 complete and 0 interrupted iterations
readiness   [  38% ] 007/098 VUs  16m56.0s/45m0s  20.00 iters/s

running (16m57.0s), 006/098 VUs, 20272 complete and 0 interrupted iterations
readiness   [  38% ] 006/098 VUs  16m57.0s/45m0s  20.00 iters/s

running (16m58.0s), 006/098 VUs, 20292 complete and 0 interrupted iterations
readiness   [  38% ] 006/098 VUs  16m58.0s/45m0s  20.00 iters/s

running (16m59.0s), 006/098 VUs, 20312 complete and 0 interrupted iterations
readiness   [  38% ] 006/098 VUs  16m59.0s/45m0s  20.00 iters/s

running (17m00.0s), 006/098 VUs, 20332 complete and 0 interrupted iterations
readiness   [  38% ] 006/098 VUs  17m00.0s/45m0s  20.00 iters/s

running (17m01.0s), 006/098 VUs, 20352 complete and 0 interrupted iterations
readiness   [  38% ] 006/098 VUs  17m01.0s/45m0s  20.00 iters/s

running (17m02.0s), 007/098 VUs, 20371 complete and 0 interrupted iterations
readiness   [  38% ] 007/098 VUs  17m02.0s/45m0s  20.00 iters/s

running (17m03.0s), 006/098 VUs, 20392 complete and 0 interrupted iterations
readiness   [  38% ] 006/098 VUs  17m03.0s/45m0s  20.00 iters/s

running (17m04.0s), 006/098 VUs, 20412 complete and 0 interrupted iterations
readiness   [  38% ] 006/098 VUs  17m04.0s/45m0s  20.00 iters/s

running (17m05.0s), 006/098 VUs, 20432 complete and 0 interrupted iterations
readiness   [  38% ] 006/098 VUs  17m05.0s/45m0s  20.00 iters/s

running (17m06.0s), 006/098 VUs, 20452 complete and 0 interrupted iterations
readiness   [  38% ] 006/098 VUs  17m06.0s/45m0s  20.00 iters/s

running (17m07.0s), 006/098 VUs, 20472 complete and 0 interrupted iterations
readiness   [  38% ] 006/098 VUs  17m07.0s/45m0s  20.00 iters/s

running (17m08.0s), 006/098 VUs, 20492 complete and 0 interrupted iterations
readiness   [  38% ] 006/098 VUs  17m08.0s/45m0s  20.00 iters/s

running (17m09.0s), 006/098 VUs, 20512 complete and 0 interrupted iterations
readiness   [  38% ] 006/098 VUs  17m09.0s/45m0s  20.00 iters/s

running (17m10.0s), 006/098 VUs, 20532 complete and 0 interrupted iterations
readiness   [  38% ] 006/098 VUs  17m10.0s/45m0s  20.00 iters/s

running (17m11.0s), 006/098 VUs, 20552 complete and 0 interrupted iterations
readiness   [  38% ] 006/098 VUs  17m11.0s/45m0s  20.00 iters/s

running (17m12.0s), 006/098 VUs, 20572 complete and 0 interrupted iterations
readiness   [  38% ] 006/098 VUs  17m12.0s/45m0s  20.00 iters/s

running (17m13.0s), 006/098 VUs, 20592 complete and 0 interrupted iterations
readiness   [  38% ] 006/098 VUs  17m13.0s/45m0s  20.00 iters/s

running (17m14.0s), 006/098 VUs, 20612 complete and 0 interrupted iterations
readiness   [  38% ] 006/098 VUs  17m14.0s/45m0s  20.00 iters/s

running (17m15.0s), 006/098 VUs, 20632 complete and 0 interrupted iterations
readiness   [  38% ] 006/098 VUs  17m15.0s/45m0s  20.00 iters/s

running (17m16.0s), 006/098 VUs, 20652 complete and 0 interrupted iterations
readiness   [  38% ] 006/098 VUs  17m16.0s/45m0s  20.00 iters/s

running (17m17.0s), 007/098 VUs, 20671 complete and 0 interrupted iterations
readiness   [  38% ] 007/098 VUs  17m17.0s/45m0s  20.00 iters/s

running (17m18.0s), 006/098 VUs, 20692 complete and 0 interrupted iterations
readiness   [  38% ] 006/098 VUs  17m18.0s/45m0s  20.00 iters/s

running (17m19.0s), 007/098 VUs, 20711 complete and 0 interrupted iterations
readiness   [  38% ] 007/098 VUs  17m19.0s/45m0s  20.00 iters/s

running (17m20.0s), 007/098 VUs, 20731 complete and 0 interrupted iterations
readiness   [  39% ] 007/098 VUs  17m20.0s/45m0s  20.00 iters/s

running (17m21.0s), 007/098 VUs, 20751 complete and 0 interrupted iterations
readiness   [  39% ] 007/098 VUs  17m21.0s/45m0s  20.00 iters/s

running (17m22.0s), 006/098 VUs, 20772 complete and 0 interrupted iterations
readiness   [  39% ] 006/098 VUs  17m22.0s/45m0s  20.00 iters/s

running (17m23.0s), 006/098 VUs, 20792 complete and 0 interrupted iterations
readiness   [  39% ] 006/098 VUs  17m23.0s/45m0s  20.00 iters/s

running (17m24.0s), 006/098 VUs, 20812 complete and 0 interrupted iterations
readiness   [  39% ] 006/098 VUs  17m24.0s/45m0s  20.00 iters/s

running (17m25.0s), 006/098 VUs, 20832 complete and 0 interrupted iterations
readiness   [  39% ] 006/098 VUs  17m25.0s/45m0s  20.00 iters/s

running (17m26.0s), 006/098 VUs, 20852 complete and 0 interrupted iterations
readiness   [  39% ] 006/098 VUs  17m26.0s/45m0s  20.00 iters/s

running (17m27.0s), 006/098 VUs, 20872 complete and 0 interrupted iterations
readiness   [  39% ] 006/098 VUs  17m27.0s/45m0s  20.00 iters/s

running (17m28.0s), 006/098 VUs, 20892 complete and 0 interrupted iterations
readiness   [  39% ] 006/098 VUs  17m28.0s/45m0s  20.00 iters/s

running (17m29.0s), 006/098 VUs, 20912 complete and 0 interrupted iterations
readiness   [  39% ] 006/098 VUs  17m29.0s/45m0s  20.00 iters/s

running (17m30.0s), 006/098 VUs, 20932 complete and 0 interrupted iterations
readiness   [  39% ] 006/098 VUs  17m30.0s/45m0s  20.00 iters/s

running (17m31.0s), 007/098 VUs, 20951 complete and 0 interrupted iterations
readiness   [  39% ] 007/098 VUs  17m31.0s/45m0s  20.00 iters/s

running (17m32.0s), 006/098 VUs, 20972 complete and 0 interrupted iterations
readiness   [  39% ] 006/098 VUs  17m32.0s/45m0s  20.00 iters/s

running (17m33.0s), 006/098 VUs, 20992 complete and 0 interrupted iterations
readiness   [  39% ] 006/098 VUs  17m33.0s/45m0s  20.00 iters/s

running (17m34.0s), 006/098 VUs, 21012 complete and 0 interrupted iterations
readiness   [  39% ] 006/098 VUs  17m34.0s/45m0s  20.00 iters/s

running (17m35.0s), 007/098 VUs, 21031 complete and 0 interrupted iterations
readiness   [  39% ] 007/098 VUs  17m35.0s/45m0s  20.00 iters/s

running (17m36.0s), 006/098 VUs, 21052 complete and 0 interrupted iterations
readiness   [  39% ] 006/098 VUs  17m36.0s/45m0s  20.00 iters/s

running (17m37.0s), 007/098 VUs, 21071 complete and 0 interrupted iterations
readiness   [  39% ] 007/098 VUs  17m37.0s/45m0s  20.00 iters/s

running (17m38.0s), 006/098 VUs, 21092 complete and 0 interrupted iterations
readiness   [  39% ] 006/098 VUs  17m38.0s/45m0s  20.00 iters/s

running (17m39.0s), 006/098 VUs, 21112 complete and 0 interrupted iterations
readiness   [  39% ] 006/098 VUs  17m39.0s/45m0s  20.00 iters/s

running (17m40.0s), 007/098 VUs, 21131 complete and 0 interrupted iterations
readiness   [  39% ] 007/098 VUs  17m40.0s/45m0s  20.00 iters/s

running (17m41.0s), 006/098 VUs, 21152 complete and 0 interrupted iterations
readiness   [  39% ] 006/098 VUs  17m41.0s/45m0s  20.00 iters/s

running (17m42.0s), 006/098 VUs, 21172 complete and 0 interrupted iterations
readiness   [  39% ] 006/098 VUs  17m42.0s/45m0s  20.00 iters/s

running (17m43.0s), 006/098 VUs, 21192 complete and 0 interrupted iterations
readiness   [  39% ] 006/098 VUs  17m43.0s/45m0s  20.00 iters/s

running (17m44.0s), 006/098 VUs, 21212 complete and 0 interrupted iterations
readiness   [  39% ] 006/098 VUs  17m44.0s/45m0s  20.00 iters/s

running (17m45.0s), 006/098 VUs, 21232 complete and 0 interrupted iterations
readiness   [  39% ] 006/098 VUs  17m45.0s/45m0s  20.00 iters/s

running (17m46.0s), 006/098 VUs, 21252 complete and 0 interrupted iterations
readiness   [  39% ] 006/098 VUs  17m46.0s/45m0s  20.00 iters/s

running (17m47.0s), 006/098 VUs, 21272 complete and 0 interrupted iterations
readiness   [  40% ] 006/098 VUs  17m47.0s/45m0s  20.00 iters/s

running (17m48.0s), 006/098 VUs, 21292 complete and 0 interrupted iterations
readiness   [  40% ] 006/098 VUs  17m48.0s/45m0s  20.00 iters/s

running (17m49.0s), 007/098 VUs, 21311 complete and 0 interrupted iterations
readiness   [  40% ] 007/098 VUs  17m49.0s/45m0s  20.00 iters/s

running (17m50.0s), 006/098 VUs, 21332 complete and 0 interrupted iterations
readiness   [  40% ] 007/098 VUs  17m50.0s/45m0s  20.00 iters/s

running (17m51.0s), 007/098 VUs, 21351 complete and 0 interrupted iterations
readiness   [  40% ] 007/098 VUs  17m51.0s/45m0s  20.00 iters/s

running (17m52.0s), 009/098 VUs, 21369 complete and 0 interrupted iterations
readiness   [  40% ] 009/098 VUs  17m52.0s/45m0s  20.00 iters/s

running (17m53.0s), 006/098 VUs, 21392 complete and 0 interrupted iterations
readiness   [  40% ] 006/098 VUs  17m53.0s/45m0s  20.00 iters/s

running (17m54.0s), 009/098 VUs, 21409 complete and 0 interrupted iterations
readiness   [  40% ] 009/098 VUs  17m54.0s/45m0s  20.00 iters/s

running (17m55.0s), 006/098 VUs, 21432 complete and 0 interrupted iterations
readiness   [  40% ] 006/098 VUs  17m55.0s/45m0s  20.00 iters/s

running (17m56.0s), 006/098 VUs, 21452 complete and 0 interrupted iterations
readiness   [  40% ] 006/098 VUs  17m56.0s/45m0s  20.00 iters/s

running (17m57.0s), 006/098 VUs, 21472 complete and 0 interrupted iterations
readiness   [  40% ] 006/098 VUs  17m57.0s/45m0s  20.00 iters/s

running (17m58.0s), 006/098 VUs, 21492 complete and 0 interrupted iterations
readiness   [  40% ] 006/098 VUs  17m58.0s/45m0s  20.00 iters/s

running (17m59.0s), 006/098 VUs, 21512 complete and 0 interrupted iterations
readiness   [  40% ] 006/098 VUs  17m59.0s/45m0s  20.00 iters/s

running (18m00.0s), 006/098 VUs, 21532 complete and 0 interrupted iterations
readiness   [  40% ] 006/098 VUs  18m00.0s/45m0s  20.00 iters/s

running (18m01.0s), 006/098 VUs, 21552 complete and 0 interrupted iterations
readiness   [  40% ] 006/098 VUs  18m01.0s/45m0s  20.00 iters/s

running (18m02.0s), 006/098 VUs, 21572 complete and 0 interrupted iterations
readiness   [  40% ] 006/098 VUs  18m02.0s/45m0s  20.00 iters/s

running (18m03.0s), 006/098 VUs, 21592 complete and 0 interrupted iterations
readiness   [  40% ] 006/098 VUs  18m03.0s/45m0s  20.00 iters/s

running (18m04.0s), 006/098 VUs, 21612 complete and 0 interrupted iterations
readiness   [  40% ] 006/098 VUs  18m04.0s/45m0s  20.00 iters/s

running (18m05.0s), 006/098 VUs, 21632 complete and 0 interrupted iterations
readiness   [  40% ] 006/098 VUs  18m05.0s/45m0s  20.00 iters/s

running (18m06.0s), 007/098 VUs, 21651 complete and 0 interrupted iterations
readiness   [  40% ] 007/098 VUs  18m06.0s/45m0s  20.00 iters/s

running (18m07.0s), 006/098 VUs, 21672 complete and 0 interrupted iterations
readiness   [  40% ] 006/098 VUs  18m07.0s/45m0s  20.00 iters/s

running (18m08.0s), 006/098 VUs, 21692 complete and 0 interrupted iterations
readiness   [  40% ] 006/098 VUs  18m08.0s/45m0s  20.00 iters/s

running (18m09.0s), 007/098 VUs, 21711 complete and 0 interrupted iterations
readiness   [  40% ] 007/098 VUs  18m09.0s/45m0s  20.00 iters/s

running (18m10.0s), 007/098 VUs, 21731 complete and 0 interrupted iterations
readiness   [  40% ] 007/098 VUs  18m10.0s/45m0s  20.00 iters/s

running (18m11.0s), 006/098 VUs, 21752 complete and 0 interrupted iterations
readiness   [  40% ] 006/098 VUs  18m11.0s/45m0s  20.00 iters/s

running (18m12.0s), 006/098 VUs, 21772 complete and 0 interrupted iterations
readiness   [  40% ] 006/098 VUs  18m12.0s/45m0s  20.00 iters/s

running (18m13.0s), 006/098 VUs, 21792 complete and 0 interrupted iterations
readiness   [  40% ] 006/098 VUs  18m13.0s/45m0s  20.00 iters/s

running (18m14.0s), 006/098 VUs, 21812 complete and 0 interrupted iterations
readiness   [  41% ] 006/098 VUs  18m14.0s/45m0s  20.00 iters/s

running (18m15.0s), 007/098 VUs, 21831 complete and 0 interrupted iterations
readiness   [  41% ] 007/098 VUs  18m15.0s/45m0s  20.00 iters/s

running (18m16.0s), 006/098 VUs, 21852 complete and 0 interrupted iterations
readiness   [  41% ] 006/098 VUs  18m16.0s/45m0s  20.00 iters/s

running (18m17.0s), 006/098 VUs, 21872 complete and 0 interrupted iterations
readiness   [  41% ] 006/098 VUs  18m17.0s/45m0s  20.00 iters/s

running (18m18.0s), 006/098 VUs, 21892 complete and 0 interrupted iterations
readiness   [  41% ] 006/098 VUs  18m18.0s/45m0s  20.00 iters/s

running (18m19.0s), 006/098 VUs, 21912 complete and 0 interrupted iterations
readiness   [  41% ] 006/098 VUs  18m19.0s/45m0s  20.00 iters/s

running (18m20.0s), 007/098 VUs, 21931 complete and 0 interrupted iterations
readiness   [  41% ] 007/098 VUs  18m20.0s/45m0s  20.00 iters/s

running (18m21.0s), 006/098 VUs, 21952 complete and 0 interrupted iterations
readiness   [  41% ] 006/098 VUs  18m21.0s/45m0s  20.00 iters/s

running (18m22.0s), 006/098 VUs, 21972 complete and 0 interrupted iterations
readiness   [  41% ] 006/098 VUs  18m22.0s/45m0s  20.00 iters/s

running (18m23.0s), 006/098 VUs, 21992 complete and 0 interrupted iterations
readiness   [  41% ] 006/098 VUs  18m23.0s/45m0s  20.00 iters/s

running (18m24.0s), 006/098 VUs, 22012 complete and 0 interrupted iterations
readiness   [  41% ] 006/098 VUs  18m24.0s/45m0s  20.00 iters/s

running (18m25.0s), 006/098 VUs, 22032 complete and 0 interrupted iterations
readiness   [  41% ] 006/098 VUs  18m25.0s/45m0s  20.00 iters/s

running (18m26.0s), 007/098 VUs, 22051 complete and 0 interrupted iterations
readiness   [  41% ] 007/098 VUs  18m26.0s/45m0s  20.00 iters/s

running (18m27.0s), 006/098 VUs, 22072 complete and 0 interrupted iterations
readiness   [  41% ] 006/098 VUs  18m27.0s/45m0s  20.00 iters/s

running (18m28.0s), 006/098 VUs, 22092 complete and 0 interrupted iterations
readiness   [  41% ] 006/098 VUs  18m28.0s/45m0s  20.00 iters/s

running (18m29.0s), 007/098 VUs, 22111 complete and 0 interrupted iterations
readiness   [  41% ] 007/098 VUs  18m29.0s/45m0s  20.00 iters/s

running (18m30.0s), 006/098 VUs, 22132 complete and 0 interrupted iterations
readiness   [  41% ] 006/098 VUs  18m30.0s/45m0s  20.00 iters/s

running (18m31.0s), 006/098 VUs, 22152 complete and 0 interrupted iterations
readiness   [  41% ] 006/098 VUs  18m31.0s/45m0s  20.00 iters/s

running (18m32.0s), 006/098 VUs, 22172 complete and 0 interrupted iterations
readiness   [  41% ] 006/098 VUs  18m32.0s/45m0s  20.00 iters/s

running (18m33.0s), 006/098 VUs, 22192 complete and 0 interrupted iterations
readiness   [  41% ] 006/098 VUs  18m33.0s/45m0s  20.00 iters/s

running (18m34.0s), 007/098 VUs, 22211 complete and 0 interrupted iterations
readiness   [  41% ] 007/098 VUs  18m34.0s/45m0s  20.00 iters/s

running (18m35.0s), 006/098 VUs, 22232 complete and 0 interrupted iterations
readiness   [  41% ] 006/098 VUs  18m35.0s/45m0s  20.00 iters/s

running (18m36.0s), 006/098 VUs, 22252 complete and 0 interrupted iterations
readiness   [  41% ] 006/098 VUs  18m36.0s/45m0s  20.00 iters/s

running (18m37.0s), 007/098 VUs, 22271 complete and 0 interrupted iterations
readiness   [  41% ] 007/098 VUs  18m37.0s/45m0s  20.00 iters/s

running (18m38.0s), 006/098 VUs, 22292 complete and 0 interrupted iterations
readiness   [  41% ] 006/098 VUs  18m38.0s/45m0s  20.00 iters/s

running (18m39.0s), 006/098 VUs, 22312 complete and 0 interrupted iterations
readiness   [  41% ] 006/098 VUs  18m39.0s/45m0s  20.00 iters/s

running (18m40.0s), 007/098 VUs, 22331 complete and 0 interrupted iterations
readiness   [  41% ] 007/098 VUs  18m40.0s/45m0s  20.00 iters/s

running (18m41.0s), 006/098 VUs, 22352 complete and 0 interrupted iterations
readiness   [  42% ] 006/098 VUs  18m41.0s/45m0s  20.00 iters/s

running (18m42.0s), 006/098 VUs, 22372 complete and 0 interrupted iterations
readiness   [  42% ] 006/098 VUs  18m42.0s/45m0s  20.00 iters/s

running (18m43.0s), 006/098 VUs, 22392 complete and 0 interrupted iterations
readiness   [  42% ] 006/098 VUs  18m43.0s/45m0s  20.00 iters/s

running (18m44.0s), 006/098 VUs, 22412 complete and 0 interrupted iterations
readiness   [  42% ] 006/098 VUs  18m44.0s/45m0s  20.00 iters/s

running (18m45.0s), 006/098 VUs, 22432 complete and 0 interrupted iterations
readiness   [  42% ] 006/098 VUs  18m45.0s/45m0s  20.00 iters/s

running (18m46.0s), 006/098 VUs, 22452 complete and 0 interrupted iterations
readiness   [  42% ] 006/098 VUs  18m46.0s/45m0s  20.00 iters/s

running (18m47.0s), 006/098 VUs, 22472 complete and 0 interrupted iterations
readiness   [  42% ] 006/098 VUs  18m47.0s/45m0s  20.00 iters/s

running (18m48.0s), 006/098 VUs, 22492 complete and 0 interrupted iterations
readiness   [  42% ] 006/098 VUs  18m48.0s/45m0s  20.00 iters/s

running (18m49.0s), 006/098 VUs, 22512 complete and 0 interrupted iterations
readiness   [  42% ] 006/098 VUs  18m49.0s/45m0s  20.00 iters/s

running (18m50.0s), 006/098 VUs, 22532 complete and 0 interrupted iterations
readiness   [  42% ] 006/098 VUs  18m50.0s/45m0s  20.00 iters/s

running (18m51.0s), 006/098 VUs, 22552 complete and 0 interrupted iterations
readiness   [  42% ] 006/098 VUs  18m51.0s/45m0s  20.00 iters/s

running (18m52.0s), 009/098 VUs, 22569 complete and 0 interrupted iterations
readiness   [  42% ] 009/098 VUs  18m52.0s/45m0s  20.00 iters/s

running (18m53.0s), 007/098 VUs, 22591 complete and 0 interrupted iterations
readiness   [  42% ] 007/098 VUs  18m53.0s/45m0s  20.00 iters/s

running (18m54.0s), 010/098 VUs, 22608 complete and 0 interrupted iterations
readiness   [  42% ] 010/098 VUs  18m54.0s/45m0s  20.00 iters/s

running (18m55.0s), 007/098 VUs, 22631 complete and 0 interrupted iterations
readiness   [  42% ] 007/098 VUs  18m55.0s/45m0s  20.00 iters/s

running (18m56.0s), 006/098 VUs, 22652 complete and 0 interrupted iterations
readiness   [  42% ] 006/098 VUs  18m56.0s/45m0s  20.00 iters/s

running (18m57.0s), 006/098 VUs, 22672 complete and 0 interrupted iterations
readiness   [  42% ] 006/098 VUs  18m57.0s/45m0s  20.00 iters/s

running (18m58.0s), 006/098 VUs, 22692 complete and 0 interrupted iterations
readiness   [  42% ] 006/098 VUs  18m58.0s/45m0s  20.00 iters/s

running (18m59.0s), 006/098 VUs, 22712 complete and 0 interrupted iterations
readiness   [  42% ] 006/098 VUs  18m59.0s/45m0s  20.00 iters/s

running (19m00.0s), 006/098 VUs, 22732 complete and 0 interrupted iterations
readiness   [  42% ] 006/098 VUs  19m00.0s/45m0s  20.00 iters/s

running (19m01.0s), 006/098 VUs, 22752 complete and 0 interrupted iterations
readiness   [  42% ] 006/098 VUs  19m01.0s/45m0s  20.00 iters/s

running (19m02.0s), 007/098 VUs, 22771 complete and 0 interrupted iterations
readiness   [  42% ] 007/098 VUs  19m02.0s/45m0s  20.00 iters/s

running (19m03.0s), 006/098 VUs, 22792 complete and 0 interrupted iterations
readiness   [  42% ] 006/098 VUs  19m03.0s/45m0s  20.00 iters/s

running (19m04.0s), 007/098 VUs, 22811 complete and 0 interrupted iterations
readiness   [  42% ] 007/098 VUs  19m04.0s/45m0s  20.00 iters/s

running (19m05.0s), 006/098 VUs, 22832 complete and 0 interrupted iterations
readiness   [  42% ] 006/098 VUs  19m05.0s/45m0s  20.00 iters/s

running (19m06.0s), 006/098 VUs, 22852 complete and 0 interrupted iterations
readiness   [  42% ] 006/098 VUs  19m06.0s/45m0s  20.00 iters/s

running (19m07.0s), 006/098 VUs, 22872 complete and 0 interrupted iterations
readiness   [  42% ] 006/098 VUs  19m07.0s/45m0s  20.00 iters/s

running (19m08.0s), 006/098 VUs, 22892 complete and 0 interrupted iterations
readiness   [  43% ] 006/098 VUs  19m08.0s/45m0s  20.00 iters/s

running (19m09.0s), 006/098 VUs, 22912 complete and 0 interrupted iterations
readiness   [  43% ] 006/098 VUs  19m09.0s/45m0s  20.00 iters/s

running (19m10.0s), 006/098 VUs, 22932 complete and 0 interrupted iterations
readiness   [  43% ] 006/098 VUs  19m10.0s/45m0s  20.00 iters/s

running (19m11.0s), 006/098 VUs, 22952 complete and 0 interrupted iterations
readiness   [  43% ] 006/098 VUs  19m11.0s/45m0s  20.00 iters/s

running (19m12.0s), 006/098 VUs, 22972 complete and 0 interrupted iterations
readiness   [  43% ] 006/098 VUs  19m12.0s/45m0s  20.00 iters/s

running (19m13.0s), 006/098 VUs, 22992 complete and 0 interrupted iterations
readiness   [  43% ] 006/098 VUs  19m13.0s/45m0s  20.00 iters/s

running (19m14.0s), 006/098 VUs, 23012 complete and 0 interrupted iterations
readiness   [  43% ] 006/098 VUs  19m14.0s/45m0s  20.00 iters/s

running (19m15.0s), 006/098 VUs, 23032 complete and 0 interrupted iterations
readiness   [  43% ] 006/098 VUs  19m15.0s/45m0s  20.00 iters/s

running (19m16.0s), 006/098 VUs, 23052 complete and 0 interrupted iterations
readiness   [  43% ] 006/098 VUs  19m16.0s/45m0s  20.00 iters/s

running (19m17.0s), 006/098 VUs, 23072 complete and 0 interrupted iterations
readiness   [  43% ] 006/098 VUs  19m17.0s/45m0s  20.00 iters/s

running (19m18.0s), 007/098 VUs, 23091 complete and 0 interrupted iterations
readiness   [  43% ] 007/098 VUs  19m18.0s/45m0s  20.00 iters/s

running (19m19.0s), 006/098 VUs, 23112 complete and 0 interrupted iterations
readiness   [  43% ] 006/098 VUs  19m19.0s/45m0s  20.00 iters/s

running (19m20.0s), 006/098 VUs, 23132 complete and 0 interrupted iterations
readiness   [  43% ] 006/098 VUs  19m20.0s/45m0s  20.00 iters/s

running (19m21.0s), 006/098 VUs, 23152 complete and 0 interrupted iterations
readiness   [  43% ] 006/098 VUs  19m21.0s/45m0s  20.00 iters/s

running (19m22.0s), 006/098 VUs, 23172 complete and 0 interrupted iterations
readiness   [  43% ] 006/098 VUs  19m22.0s/45m0s  20.00 iters/s

running (19m23.0s), 006/098 VUs, 23192 complete and 0 interrupted iterations
readiness   [  43% ] 006/098 VUs  19m23.0s/45m0s  20.00 iters/s

running (19m24.0s), 006/098 VUs, 23212 complete and 0 interrupted iterations
readiness   [  43% ] 006/098 VUs  19m24.0s/45m0s  20.00 iters/s

running (19m25.0s), 006/098 VUs, 23232 complete and 0 interrupted iterations
readiness   [  43% ] 006/098 VUs  19m25.0s/45m0s  20.00 iters/s

running (19m26.0s), 006/098 VUs, 23252 complete and 0 interrupted iterations
readiness   [  43% ] 006/098 VUs  19m26.0s/45m0s  20.00 iters/s

running (19m27.0s), 006/098 VUs, 23272 complete and 0 interrupted iterations
readiness   [  43% ] 006/098 VUs  19m27.0s/45m0s  20.00 iters/s

running (19m28.0s), 006/098 VUs, 23292 complete and 0 interrupted iterations
readiness   [  43% ] 006/098 VUs  19m28.0s/45m0s  20.00 iters/s

running (19m29.0s), 007/098 VUs, 23311 complete and 0 interrupted iterations
readiness   [  43% ] 007/098 VUs  19m29.0s/45m0s  20.00 iters/s

running (19m30.0s), 006/098 VUs, 23332 complete and 0 interrupted iterations
readiness   [  43% ] 006/098 VUs  19m30.0s/45m0s  20.00 iters/s

running (19m31.0s), 006/098 VUs, 23352 complete and 0 interrupted iterations
readiness   [  43% ] 006/098 VUs  19m31.0s/45m0s  20.00 iters/s

running (19m32.0s), 006/098 VUs, 23372 complete and 0 interrupted iterations
readiness   [  43% ] 006/098 VUs  19m32.0s/45m0s  20.00 iters/s

running (19m33.0s), 006/098 VUs, 23392 complete and 0 interrupted iterations
readiness   [  43% ] 006/098 VUs  19m33.0s/45m0s  20.00 iters/s

running (19m34.0s), 006/098 VUs, 23412 complete and 0 interrupted iterations
readiness   [  43% ] 006/098 VUs  19m34.0s/45m0s  20.00 iters/s

running (19m35.0s), 006/098 VUs, 23432 complete and 0 interrupted iterations
readiness   [  44% ] 006/098 VUs  19m35.0s/45m0s  20.00 iters/s

running (19m36.0s), 006/098 VUs, 23452 complete and 0 interrupted iterations
readiness   [  44% ] 006/098 VUs  19m36.0s/45m0s  20.00 iters/s

running (19m37.0s), 006/098 VUs, 23472 complete and 0 interrupted iterations
readiness   [  44% ] 006/098 VUs  19m37.0s/45m0s  20.00 iters/s

running (19m38.0s), 006/098 VUs, 23492 complete and 0 interrupted iterations
readiness   [  44% ] 006/098 VUs  19m38.0s/45m0s  20.00 iters/s

running (19m39.0s), 006/098 VUs, 23512 complete and 0 interrupted iterations
readiness   [  44% ] 006/098 VUs  19m39.0s/45m0s  20.00 iters/s

running (19m40.0s), 006/098 VUs, 23532 complete and 0 interrupted iterations
readiness   [  44% ] 006/098 VUs  19m40.0s/45m0s  20.00 iters/s

running (19m41.0s), 006/098 VUs, 23552 complete and 0 interrupted iterations
readiness   [  44% ] 006/098 VUs  19m41.0s/45m0s  20.00 iters/s

running (19m42.0s), 006/098 VUs, 23572 complete and 0 interrupted iterations
readiness   [  44% ] 006/098 VUs  19m42.0s/45m0s  20.00 iters/s

running (19m43.0s), 006/098 VUs, 23592 complete and 0 interrupted iterations
readiness   [  44% ] 006/098 VUs  19m43.0s/45m0s  20.00 iters/s

running (19m44.0s), 007/098 VUs, 23611 complete and 0 interrupted iterations
readiness   [  44% ] 007/098 VUs  19m44.0s/45m0s  20.00 iters/s

running (19m45.0s), 006/098 VUs, 23632 complete and 0 interrupted iterations
readiness   [  44% ] 006/098 VUs  19m45.0s/45m0s  20.00 iters/s

running (19m46.0s), 006/098 VUs, 23652 complete and 0 interrupted iterations
readiness   [  44% ] 006/098 VUs  19m46.0s/45m0s  20.00 iters/s

running (19m47.0s), 006/098 VUs, 23672 complete and 0 interrupted iterations
readiness   [  44% ] 006/098 VUs  19m47.0s/45m0s  20.00 iters/s

running (19m48.0s), 006/098 VUs, 23692 complete and 0 interrupted iterations
readiness   [  44% ] 006/098 VUs  19m48.0s/45m0s  20.00 iters/s

running (19m49.0s), 006/098 VUs, 23712 complete and 0 interrupted iterations
readiness   [  44% ] 006/098 VUs  19m49.0s/45m0s  20.00 iters/s

running (19m50.0s), 006/098 VUs, 23732 complete and 0 interrupted iterations
readiness   [  44% ] 006/098 VUs  19m50.0s/45m0s  20.00 iters/s

running (19m51.0s), 006/098 VUs, 23752 complete and 0 interrupted iterations
readiness   [  44% ] 006/098 VUs  19m51.0s/45m0s  20.00 iters/s

running (19m52.0s), 009/098 VUs, 23769 complete and 0 interrupted iterations
readiness   [  44% ] 009/098 VUs  19m52.0s/45m0s  20.00 iters/s

running (19m53.0s), 007/098 VUs, 23791 complete and 0 interrupted iterations
readiness   [  44% ] 007/098 VUs  19m53.0s/45m0s  20.00 iters/s

running (19m54.0s), 012/098 VUs, 23806 complete and 0 interrupted iterations
readiness   [  44% ] 012/098 VUs  19m54.0s/45m0s  20.00 iters/s

running (19m55.0s), 007/098 VUs, 23831 complete and 0 interrupted iterations
readiness   [  44% ] 007/098 VUs  19m55.0s/45m0s  20.00 iters/s

running (19m56.0s), 006/098 VUs, 23852 complete and 0 interrupted iterations
readiness   [  44% ] 006/098 VUs  19m56.0s/45m0s  20.00 iters/s

running (19m57.0s), 006/098 VUs, 23872 complete and 0 interrupted iterations
readiness   [  44% ] 006/098 VUs  19m57.0s/45m0s  20.00 iters/s

running (19m58.0s), 006/098 VUs, 23892 complete and 0 interrupted iterations
readiness   [  44% ] 006/098 VUs  19m58.0s/45m0s  20.00 iters/s

running (19m59.0s), 006/098 VUs, 23912 complete and 0 interrupted iterations
readiness   [  44% ] 006/098 VUs  19m59.0s/45m0s  20.00 iters/s

running (20m00.0s), 006/098 VUs, 23932 complete and 0 interrupted iterations
readiness   [  44% ] 006/098 VUs  20m00.0s/45m0s  20.00 iters/s

running (20m01.0s), 006/098 VUs, 23952 complete and 0 interrupted iterations
readiness   [  44% ] 006/098 VUs  20m01.0s/45m0s  20.00 iters/s

running (20m02.0s), 006/098 VUs, 23972 complete and 0 interrupted iterations
readiness   [  45% ] 006/098 VUs  20m02.0s/45m0s  20.00 iters/s

running (20m03.0s), 006/098 VUs, 23992 complete and 0 interrupted iterations
readiness   [  45% ] 006/098 VUs  20m03.0s/45m0s  20.00 iters/s

running (20m04.0s), 006/098 VUs, 24012 complete and 0 interrupted iterations
readiness   [  45% ] 006/098 VUs  20m04.0s/45m0s  20.00 iters/s

running (20m05.0s), 006/098 VUs, 24032 complete and 0 interrupted iterations
readiness   [  45% ] 006/098 VUs  20m05.0s/45m0s  20.00 iters/s

running (20m06.0s), 006/098 VUs, 24052 complete and 0 interrupted iterations
readiness   [  45% ] 006/098 VUs  20m06.0s/45m0s  20.00 iters/s

running (20m07.0s), 007/098 VUs, 24071 complete and 0 interrupted iterations
readiness   [  45% ] 007/098 VUs  20m07.0s/45m0s  20.00 iters/s

running (20m08.0s), 006/098 VUs, 24092 complete and 0 interrupted iterations
readiness   [  45% ] 006/098 VUs  20m08.0s/45m0s  20.00 iters/s

running (20m09.0s), 006/098 VUs, 24112 complete and 0 interrupted iterations
readiness   [  45% ] 006/098 VUs  20m09.0s/45m0s  20.00 iters/s

running (20m10.0s), 006/098 VUs, 24132 complete and 0 interrupted iterations
readiness   [  45% ] 006/098 VUs  20m10.0s/45m0s  20.00 iters/s

running (20m11.0s), 006/098 VUs, 24152 complete and 0 interrupted iterations
readiness   [  45% ] 006/098 VUs  20m11.0s/45m0s  20.00 iters/s

running (20m12.0s), 007/098 VUs, 24171 complete and 0 interrupted iterations
readiness   [  45% ] 007/098 VUs  20m12.0s/45m0s  20.00 iters/s

running (20m13.0s), 006/098 VUs, 24192 complete and 0 interrupted iterations
readiness   [  45% ] 006/098 VUs  20m13.0s/45m0s  20.00 iters/s

running (20m14.0s), 006/098 VUs, 24212 complete and 0 interrupted iterations
readiness   [  45% ] 006/098 VUs  20m14.0s/45m0s  20.00 iters/s

running (20m15.0s), 006/098 VUs, 24232 complete and 0 interrupted iterations
readiness   [  45% ] 006/098 VUs  20m15.0s/45m0s  20.00 iters/s

running (20m16.0s), 006/098 VUs, 24252 complete and 0 interrupted iterations
readiness   [  45% ] 006/098 VUs  20m16.0s/45m0s  20.00 iters/s

running (20m17.0s), 006/098 VUs, 24272 complete and 0 interrupted iterations
readiness   [  45% ] 006/098 VUs  20m17.0s/45m0s  20.00 iters/s

running (20m18.0s), 006/098 VUs, 24292 complete and 0 interrupted iterations
readiness   [  45% ] 006/098 VUs  20m18.0s/45m0s  20.00 iters/s

running (20m19.0s), 006/098 VUs, 24312 complete and 0 interrupted iterations
readiness   [  45% ] 006/098 VUs  20m19.0s/45m0s  20.00 iters/s

running (20m20.0s), 006/098 VUs, 24332 complete and 0 interrupted iterations
readiness   [  45% ] 006/098 VUs  20m20.0s/45m0s  20.00 iters/s

running (20m21.0s), 006/098 VUs, 24352 complete and 0 interrupted iterations
readiness   [  45% ] 006/098 VUs  20m21.0s/45m0s  20.00 iters/s

running (20m22.0s), 006/098 VUs, 24372 complete and 0 interrupted iterations
readiness   [  45% ] 006/098 VUs  20m22.0s/45m0s  20.00 iters/s

running (20m23.0s), 006/098 VUs, 24392 complete and 0 interrupted iterations
readiness   [  45% ] 006/098 VUs  20m23.0s/45m0s  20.00 iters/s

running (20m24.0s), 007/098 VUs, 24411 complete and 0 interrupted iterations
readiness   [  45% ] 007/098 VUs  20m24.0s/45m0s  20.00 iters/s

running (20m25.0s), 006/098 VUs, 24432 complete and 0 interrupted iterations
readiness   [  45% ] 006/098 VUs  20m25.0s/45m0s  20.00 iters/s

running (20m26.0s), 007/098 VUs, 24451 complete and 0 interrupted iterations
readiness   [  45% ] 007/098 VUs  20m26.0s/45m0s  20.00 iters/s

running (20m27.0s), 006/098 VUs, 24472 complete and 0 interrupted iterations
readiness   [  45% ] 006/098 VUs  20m27.0s/45m0s  20.00 iters/s

running (20m28.0s), 007/098 VUs, 24491 complete and 0 interrupted iterations
readiness   [  45% ] 007/098 VUs  20m28.0s/45m0s  20.00 iters/s

running (20m29.0s), 006/098 VUs, 24512 complete and 0 interrupted iterations
readiness   [  46% ] 006/098 VUs  20m29.0s/45m0s  20.00 iters/s

running (20m30.0s), 006/098 VUs, 24532 complete and 0 interrupted iterations
readiness   [  46% ] 006/098 VUs  20m30.0s/45m0s  20.00 iters/s

running (20m31.0s), 006/098 VUs, 24552 complete and 0 interrupted iterations
readiness   [  46% ] 006/098 VUs  20m31.0s/45m0s  20.00 iters/s

running (20m32.0s), 006/098 VUs, 24572 complete and 0 interrupted iterations
readiness   [  46% ] 006/098 VUs  20m32.0s/45m0s  20.00 iters/s

running (20m33.0s), 006/098 VUs, 24592 complete and 0 interrupted iterations
readiness   [  46% ] 006/098 VUs  20m33.0s/45m0s  20.00 iters/s

running (20m34.0s), 006/098 VUs, 24612 complete and 0 interrupted iterations
readiness   [  46% ] 006/098 VUs  20m34.0s/45m0s  20.00 iters/s

running (20m35.0s), 006/098 VUs, 24632 complete and 0 interrupted iterations
readiness   [  46% ] 006/098 VUs  20m35.0s/45m0s  20.00 iters/s

running (20m36.0s), 006/098 VUs, 24652 complete and 0 interrupted iterations
readiness   [  46% ] 006/098 VUs  20m36.0s/45m0s  20.00 iters/s

running (20m37.0s), 007/098 VUs, 24671 complete and 0 interrupted iterations
readiness   [  46% ] 007/098 VUs  20m37.0s/45m0s  20.00 iters/s

running (20m38.0s), 006/098 VUs, 24692 complete and 0 interrupted iterations
readiness   [  46% ] 006/098 VUs  20m38.0s/45m0s  20.00 iters/s

running (20m39.0s), 006/098 VUs, 24712 complete and 0 interrupted iterations
readiness   [  46% ] 006/098 VUs  20m39.0s/45m0s  20.00 iters/s

running (20m40.0s), 006/098 VUs, 24732 complete and 0 interrupted iterations
readiness   [  46% ] 006/098 VUs  20m40.0s/45m0s  20.00 iters/s

running (20m41.0s), 006/098 VUs, 24752 complete and 0 interrupted iterations
readiness   [  46% ] 006/098 VUs  20m41.0s/45m0s  20.00 iters/s

running (20m42.0s), 007/098 VUs, 24771 complete and 0 interrupted iterations
readiness   [  46% ] 007/098 VUs  20m42.0s/45m0s  20.00 iters/s

running (20m43.0s), 007/098 VUs, 24791 complete and 0 interrupted iterations
readiness   [  46% ] 007/098 VUs  20m43.0s/45m0s  20.00 iters/s

running (20m44.0s), 006/098 VUs, 24812 complete and 0 interrupted iterations
readiness   [  46% ] 006/098 VUs  20m44.0s/45m0s  20.00 iters/s

running (20m45.0s), 006/098 VUs, 24832 complete and 0 interrupted iterations
readiness   [  46% ] 006/098 VUs  20m45.0s/45m0s  20.00 iters/s

running (20m46.0s), 006/098 VUs, 24852 complete and 0 interrupted iterations
readiness   [  46% ] 006/098 VUs  20m46.0s/45m0s  20.00 iters/s

running (20m47.0s), 006/098 VUs, 24872 complete and 0 interrupted iterations
readiness   [  46% ] 006/098 VUs  20m47.0s/45m0s  20.00 iters/s

running (20m48.0s), 006/098 VUs, 24892 complete and 0 interrupted iterations
readiness   [  46% ] 006/098 VUs  20m48.0s/45m0s  20.00 iters/s

running (20m49.0s), 006/098 VUs, 24912 complete and 0 interrupted iterations
readiness   [  46% ] 006/098 VUs  20m49.0s/45m0s  20.00 iters/s

running (20m50.0s), 006/098 VUs, 24932 complete and 0 interrupted iterations
readiness   [  46% ] 006/098 VUs  20m50.0s/45m0s  20.00 iters/s

running (20m51.0s), 006/098 VUs, 24952 complete and 0 interrupted iterations
readiness   [  46% ] 006/098 VUs  20m51.0s/45m0s  20.00 iters/s

running (20m52.0s), 009/098 VUs, 24969 complete and 0 interrupted iterations
readiness   [  46% ] 009/098 VUs  20m52.0s/45m0s  20.00 iters/s

running (20m53.0s), 007/098 VUs, 24991 complete and 0 interrupted iterations
readiness   [  46% ] 007/098 VUs  20m53.0s/45m0s  20.00 iters/s

running (20m54.0s), 008/098 VUs, 25010 complete and 0 interrupted iterations
readiness   [  46% ] 008/098 VUs  20m54.0s/45m0s  20.00 iters/s

running (20m55.0s), 007/098 VUs, 25031 complete and 0 interrupted iterations
readiness   [  46% ] 007/098 VUs  20m55.0s/45m0s  20.00 iters/s

running (20m56.0s), 007/098 VUs, 25051 complete and 0 interrupted iterations
readiness   [  47% ] 007/098 VUs  20m56.0s/45m0s  20.00 iters/s

running (20m57.0s), 006/098 VUs, 25072 complete and 0 interrupted iterations
readiness   [  47% ] 006/098 VUs  20m57.0s/45m0s  20.00 iters/s

running (20m58.0s), 007/098 VUs, 25091 complete and 0 interrupted iterations
readiness   [  47% ] 007/098 VUs  20m58.0s/45m0s  20.00 iters/s

running (20m59.0s), 006/098 VUs, 25112 complete and 0 interrupted iterations
readiness   [  47% ] 006/098 VUs  20m59.0s/45m0s  20.00 iters/s

running (21m00.0s), 006/098 VUs, 25132 complete and 0 interrupted iterations
readiness   [  47% ] 006/098 VUs  21m00.0s/45m0s  20.00 iters/s

running (21m01.0s), 007/098 VUs, 25151 complete and 0 interrupted iterations
readiness   [  47% ] 007/098 VUs  21m01.0s/45m0s  20.00 iters/s

running (21m02.0s), 006/098 VUs, 25172 complete and 0 interrupted iterations
readiness   [  47% ] 006/098 VUs  21m02.0s/45m0s  20.00 iters/s

running (21m03.0s), 006/098 VUs, 25192 complete and 0 interrupted iterations
readiness   [  47% ] 006/098 VUs  21m03.0s/45m0s  20.00 iters/s

running (21m04.0s), 006/098 VUs, 25212 complete and 0 interrupted iterations
readiness   [  47% ] 006/098 VUs  21m04.0s/45m0s  20.00 iters/s

running (21m05.0s), 006/098 VUs, 25232 complete and 0 interrupted iterations
readiness   [  47% ] 006/098 VUs  21m05.0s/45m0s  20.00 iters/s

running (21m06.0s), 006/098 VUs, 25252 complete and 0 interrupted iterations
readiness   [  47% ] 006/098 VUs  21m06.0s/45m0s  20.00 iters/s

running (21m07.0s), 006/098 VUs, 25272 complete and 0 interrupted iterations
readiness   [  47% ] 006/098 VUs  21m07.0s/45m0s  20.00 iters/s

running (21m08.0s), 006/098 VUs, 25292 complete and 0 interrupted iterations
readiness   [  47% ] 006/098 VUs  21m08.0s/45m0s  20.00 iters/s

running (21m09.0s), 006/098 VUs, 25312 complete and 0 interrupted iterations
readiness   [  47% ] 006/098 VUs  21m09.0s/45m0s  20.00 iters/s

running (21m10.0s), 006/098 VUs, 25332 complete and 0 interrupted iterations
readiness   [  47% ] 006/098 VUs  21m10.0s/45m0s  20.00 iters/s

running (21m11.0s), 006/098 VUs, 25352 complete and 0 interrupted iterations
readiness   [  47% ] 006/098 VUs  21m11.0s/45m0s  20.00 iters/s

running (21m12.0s), 006/098 VUs, 25372 complete and 0 interrupted iterations
readiness   [  47% ] 006/098 VUs  21m12.0s/45m0s  20.00 iters/s

running (21m13.0s), 007/098 VUs, 25391 complete and 0 interrupted iterations
readiness   [  47% ] 007/098 VUs  21m13.0s/45m0s  20.00 iters/s

running (21m14.0s), 006/098 VUs, 25412 complete and 0 interrupted iterations
readiness   [  47% ] 006/098 VUs  21m14.0s/45m0s  20.00 iters/s

running (21m15.0s), 007/098 VUs, 25431 complete and 0 interrupted iterations
readiness   [  47% ] 007/098 VUs  21m15.0s/45m0s  20.00 iters/s

running (21m16.0s), 006/098 VUs, 25452 complete and 0 interrupted iterations
readiness   [  47% ] 006/098 VUs  21m16.0s/45m0s  20.00 iters/s

running (21m17.0s), 007/098 VUs, 25471 complete and 0 interrupted iterations
readiness   [  47% ] 007/098 VUs  21m17.0s/45m0s  20.00 iters/s

running (21m18.0s), 006/098 VUs, 25492 complete and 0 interrupted iterations
readiness   [  47% ] 006/098 VUs  21m18.0s/45m0s  20.00 iters/s

running (21m19.0s), 006/098 VUs, 25512 complete and 0 interrupted iterations
readiness   [  47% ] 006/098 VUs  21m19.0s/45m0s  20.00 iters/s

running (21m20.0s), 006/098 VUs, 25532 complete and 0 interrupted iterations
readiness   [  47% ] 006/098 VUs  21m20.0s/45m0s  20.00 iters/s

running (21m21.0s), 006/098 VUs, 25552 complete and 0 interrupted iterations
readiness   [  47% ] 006/098 VUs  21m21.0s/45m0s  20.00 iters/s

running (21m22.0s), 006/098 VUs, 25572 complete and 0 interrupted iterations
readiness   [  47% ] 006/098 VUs  21m22.0s/45m0s  20.00 iters/s

running (21m23.0s), 006/098 VUs, 25592 complete and 0 interrupted iterations
readiness   [  48% ] 006/098 VUs  21m23.0s/45m0s  20.00 iters/s

running (21m24.0s), 006/098 VUs, 25612 complete and 0 interrupted iterations
readiness   [  48% ] 006/098 VUs  21m24.0s/45m0s  20.00 iters/s

running (21m25.0s), 007/098 VUs, 25631 complete and 0 interrupted iterations
readiness   [  48% ] 007/098 VUs  21m25.0s/45m0s  20.00 iters/s

running (21m26.0s), 007/098 VUs, 25651 complete and 0 interrupted iterations
readiness   [  48% ] 007/098 VUs  21m26.0s/45m0s  20.00 iters/s

running (21m27.0s), 007/098 VUs, 25671 complete and 0 interrupted iterations
readiness   [  48% ] 007/098 VUs  21m27.0s/45m0s  20.00 iters/s

running (21m28.0s), 006/098 VUs, 25692 complete and 0 interrupted iterations
readiness   [  48% ] 006/098 VUs  21m28.0s/45m0s  20.00 iters/s

running (21m29.0s), 006/098 VUs, 25712 complete and 0 interrupted iterations
readiness   [  48% ] 006/098 VUs  21m29.0s/45m0s  20.00 iters/s

running (21m30.0s), 006/098 VUs, 25732 complete and 0 interrupted iterations
readiness   [  48% ] 006/098 VUs  21m30.0s/45m0s  20.00 iters/s

running (21m31.0s), 007/098 VUs, 25751 complete and 0 interrupted iterations
readiness   [  48% ] 007/098 VUs  21m31.0s/45m0s  20.00 iters/s

running (21m32.0s), 006/098 VUs, 25772 complete and 0 interrupted iterations
readiness   [  48% ] 006/098 VUs  21m32.0s/45m0s  20.00 iters/s

running (21m33.0s), 006/098 VUs, 25792 complete and 0 interrupted iterations
readiness   [  48% ] 006/098 VUs  21m33.0s/45m0s  20.00 iters/s

running (21m34.0s), 007/098 VUs, 25811 complete and 0 interrupted iterations
readiness   [  48% ] 007/098 VUs  21m34.0s/45m0s  20.00 iters/s

running (21m35.0s), 006/098 VUs, 25832 complete and 0 interrupted iterations
readiness   [  48% ] 006/098 VUs  21m35.0s/45m0s  20.00 iters/s

running (21m36.0s), 006/098 VUs, 25852 complete and 0 interrupted iterations
readiness   [  48% ] 006/098 VUs  21m36.0s/45m0s  20.00 iters/s

running (21m37.0s), 006/098 VUs, 25872 complete and 0 interrupted iterations
readiness   [  48% ] 006/098 VUs  21m37.0s/45m0s  20.00 iters/s

running (21m38.0s), 006/098 VUs, 25892 complete and 0 interrupted iterations
readiness   [  48% ] 006/098 VUs  21m38.0s/45m0s  20.00 iters/s

running (21m39.0s), 006/098 VUs, 25912 complete and 0 interrupted iterations
readiness   [  48% ] 006/098 VUs  21m39.0s/45m0s  20.00 iters/s

running (21m40.0s), 006/098 VUs, 25932 complete and 0 interrupted iterations
readiness   [  48% ] 006/098 VUs  21m40.0s/45m0s  20.00 iters/s

running (21m41.0s), 006/098 VUs, 25952 complete and 0 interrupted iterations
readiness   [  48% ] 006/098 VUs  21m41.0s/45m0s  20.00 iters/s

running (21m42.0s), 006/098 VUs, 25972 complete and 0 interrupted iterations
readiness   [  48% ] 006/098 VUs  21m42.0s/45m0s  20.00 iters/s

running (21m43.0s), 006/098 VUs, 25992 complete and 0 interrupted iterations
readiness   [  48% ] 006/098 VUs  21m43.0s/45m0s  20.00 iters/s

running (21m44.0s), 006/098 VUs, 26012 complete and 0 interrupted iterations
readiness   [  48% ] 006/098 VUs  21m44.0s/45m0s  20.00 iters/s

running (21m45.0s), 006/098 VUs, 26032 complete and 0 interrupted iterations
readiness   [  48% ] 006/098 VUs  21m45.0s/45m0s  20.00 iters/s

running (21m46.0s), 006/098 VUs, 26052 complete and 0 interrupted iterations
readiness   [  48% ] 006/098 VUs  21m46.0s/45m0s  20.00 iters/s

running (21m47.0s), 007/098 VUs, 26071 complete and 0 interrupted iterations
readiness   [  48% ] 007/098 VUs  21m47.0s/45m0s  20.00 iters/s

running (21m48.0s), 006/098 VUs, 26092 complete and 0 interrupted iterations
readiness   [  48% ] 006/098 VUs  21m48.0s/45m0s  20.00 iters/s

running (21m49.0s), 006/098 VUs, 26112 complete and 0 interrupted iterations
readiness   [  48% ] 006/098 VUs  21m49.0s/45m0s  20.00 iters/s

running (21m50.0s), 006/098 VUs, 26132 complete and 0 interrupted iterations
readiness   [  49% ] 006/098 VUs  21m50.0s/45m0s  20.00 iters/s

running (21m51.0s), 006/098 VUs, 26152 complete and 0 interrupted iterations
readiness   [  49% ] 006/098 VUs  21m51.0s/45m0s  20.00 iters/s

running (21m52.0s), 009/098 VUs, 26169 complete and 0 interrupted iterations
readiness   [  49% ] 009/098 VUs  21m52.0s/45m0s  20.00 iters/s

running (21m53.0s), 007/098 VUs, 26191 complete and 0 interrupted iterations
readiness   [  49% ] 007/098 VUs  21m53.0s/45m0s  20.00 iters/s

running (21m54.0s), 009/098 VUs, 26209 complete and 0 interrupted iterations
readiness   [  49% ] 009/098 VUs  21m54.0s/45m0s  20.00 iters/s

running (21m55.0s), 007/098 VUs, 26231 complete and 0 interrupted iterations
readiness   [  49% ] 007/098 VUs  21m55.0s/45m0s  20.00 iters/s

running (21m56.0s), 006/098 VUs, 26252 complete and 0 interrupted iterations
readiness   [  49% ] 006/098 VUs  21m56.0s/45m0s  20.00 iters/s

running (21m57.0s), 006/098 VUs, 26272 complete and 0 interrupted iterations
readiness   [  49% ] 006/098 VUs  21m57.0s/45m0s  20.00 iters/s

running (21m58.0s), 006/098 VUs, 26292 complete and 0 interrupted iterations
readiness   [  49% ] 006/098 VUs  21m58.0s/45m0s  20.00 iters/s

running (21m59.0s), 007/098 VUs, 26311 complete and 0 interrupted iterations
readiness   [  49% ] 007/098 VUs  21m59.0s/45m0s  20.00 iters/s

running (22m00.0s), 006/098 VUs, 26332 complete and 0 interrupted iterations
readiness   [  49% ] 006/098 VUs  22m00.0s/45m0s  20.00 iters/s

running (22m01.0s), 006/098 VUs, 26352 complete and 0 interrupted iterations
readiness   [  49% ] 006/098 VUs  22m01.0s/45m0s  20.00 iters/s

running (22m02.0s), 007/098 VUs, 26371 complete and 0 interrupted iterations
readiness   [  49% ] 007/098 VUs  22m02.0s/45m0s  20.00 iters/s

running (22m03.0s), 006/098 VUs, 26392 complete and 0 interrupted iterations
readiness   [  49% ] 006/098 VUs  22m03.0s/45m0s  20.00 iters/s

running (22m04.0s), 007/098 VUs, 26411 complete and 0 interrupted iterations
readiness   [  49% ] 007/098 VUs  22m04.0s/45m0s  20.00 iters/s

running (22m05.0s), 006/098 VUs, 26432 complete and 0 interrupted iterations
readiness   [  49% ] 006/098 VUs  22m05.0s/45m0s  20.00 iters/s

running (22m06.0s), 007/098 VUs, 26451 complete and 0 interrupted iterations
readiness   [  49% ] 007/098 VUs  22m06.0s/45m0s  20.00 iters/s

running (22m07.0s), 006/098 VUs, 26472 complete and 0 interrupted iterations
readiness   [  49% ] 006/098 VUs  22m07.0s/45m0s  20.00 iters/s

running (22m08.0s), 006/098 VUs, 26492 complete and 0 interrupted iterations
readiness   [  49% ] 006/098 VUs  22m08.0s/45m0s  20.00 iters/s

running (22m09.0s), 006/098 VUs, 26512 complete and 0 interrupted iterations
readiness   [  49% ] 006/098 VUs  22m09.0s/45m0s  20.00 iters/s

running (22m10.0s), 006/098 VUs, 26532 complete and 0 interrupted iterations
readiness   [  49% ] 006/098 VUs  22m10.0s/45m0s  20.00 iters/s

running (22m11.0s), 006/098 VUs, 26552 complete and 0 interrupted iterations
readiness   [  49% ] 006/098 VUs  22m11.0s/45m0s  20.00 iters/s

running (22m12.0s), 006/098 VUs, 26572 complete and 0 interrupted iterations
readiness   [  49% ] 006/098 VUs  22m12.0s/45m0s  20.00 iters/s

running (22m13.0s), 006/098 VUs, 26592 complete and 0 interrupted iterations
readiness   [  49% ] 006/098 VUs  22m13.0s/45m0s  20.00 iters/s

running (22m14.0s), 006/098 VUs, 26612 complete and 0 interrupted iterations
readiness   [  49% ] 006/098 VUs  22m14.0s/45m0s  20.00 iters/s

running (22m15.0s), 007/098 VUs, 26631 complete and 0 interrupted iterations
readiness   [  49% ] 007/098 VUs  22m15.0s/45m0s  20.00 iters/s

running (22m16.0s), 007/098 VUs, 26651 complete and 0 interrupted iterations
readiness   [  49% ] 007/098 VUs  22m16.0s/45m0s  20.00 iters/s

running (22m17.0s), 006/098 VUs, 26672 complete and 0 interrupted iterations
readiness   [  50% ] 006/098 VUs  22m17.0s/45m0s  20.00 iters/s

running (22m18.0s), 007/098 VUs, 26691 complete and 0 interrupted iterations
readiness   [  50% ] 007/098 VUs  22m18.0s/45m0s  20.00 iters/s

running (22m19.0s), 006/098 VUs, 26712 complete and 0 interrupted iterations
readiness   [  50% ] 006/098 VUs  22m19.0s/45m0s  20.00 iters/s

running (22m20.0s), 007/098 VUs, 26731 complete and 0 interrupted iterations
readiness   [  50% ] 007/098 VUs  22m20.0s/45m0s  20.00 iters/s

running (22m21.0s), 006/098 VUs, 26752 complete and 0 interrupted iterations
readiness   [  50% ] 006/098 VUs  22m21.0s/45m0s  20.00 iters/s

running (22m22.0s), 006/098 VUs, 26772 complete and 0 interrupted iterations
readiness   [  50% ] 006/098 VUs  22m22.0s/45m0s  20.00 iters/s

running (22m23.0s), 006/098 VUs, 26792 complete and 0 interrupted iterations
readiness   [  50% ] 006/098 VUs  22m23.0s/45m0s  20.00 iters/s

running (22m24.0s), 006/098 VUs, 26812 complete and 0 interrupted iterations
readiness   [  50% ] 006/098 VUs  22m24.0s/45m0s  20.00 iters/s

running (22m25.0s), 007/098 VUs, 26831 complete and 0 interrupted iterations
readiness   [  50% ] 007/098 VUs  22m25.0s/45m0s  20.00 iters/s

running (22m26.0s), 006/098 VUs, 26852 complete and 0 interrupted iterations
readiness   [  50% ] 006/098 VUs  22m26.0s/45m0s  20.00 iters/s

running (22m27.0s), 006/098 VUs, 26872 complete and 0 interrupted iterations
readiness   [  50% ] 006/098 VUs  22m27.0s/45m0s  20.00 iters/s

running (22m28.0s), 006/098 VUs, 26892 complete and 0 interrupted iterations
readiness   [  50% ] 006/098 VUs  22m28.0s/45m0s  20.00 iters/s

running (22m29.0s), 006/098 VUs, 26912 complete and 0 interrupted iterations
readiness   [  50% ] 006/098 VUs  22m29.0s/45m0s  20.00 iters/s

running (22m30.0s), 006/098 VUs, 26932 complete and 0 interrupted iterations
readiness   [  50% ] 006/098 VUs  22m30.0s/45m0s  20.00 iters/s

running (22m31.0s), 006/098 VUs, 26952 complete and 0 interrupted iterations
readiness   [  50% ] 006/098 VUs  22m31.0s/45m0s  20.00 iters/s

running (22m32.0s), 006/098 VUs, 26972 complete and 0 interrupted iterations
readiness   [  50% ] 006/098 VUs  22m32.0s/45m0s  20.00 iters/s

running (22m33.0s), 006/098 VUs, 26992 complete and 0 interrupted iterations
readiness   [  50% ] 006/098 VUs  22m33.0s/45m0s  20.00 iters/s

running (22m34.0s), 006/098 VUs, 27012 complete and 0 interrupted iterations
readiness   [  50% ] 006/098 VUs  22m34.0s/45m0s  20.00 iters/s

running (22m35.0s), 006/098 VUs, 27032 complete and 0 interrupted iterations
readiness   [  50% ] 006/098 VUs  22m35.0s/45m0s  20.00 iters/s

running (22m36.0s), 006/098 VUs, 27052 complete and 0 interrupted iterations
readiness   [  50% ] 006/098 VUs  22m36.0s/45m0s  20.00 iters/s

running (22m37.0s), 006/098 VUs, 27072 complete and 0 interrupted iterations
readiness   [  50% ] 006/098 VUs  22m37.0s/45m0s  20.00 iters/s

running (22m38.0s), 006/098 VUs, 27092 complete and 0 interrupted iterations
readiness   [  50% ] 006/098 VUs  22m38.0s/45m0s  20.00 iters/s

running (22m39.0s), 006/098 VUs, 27112 complete and 0 interrupted iterations
readiness   [  50% ] 006/098 VUs  22m39.0s/45m0s  20.00 iters/s

running (22m40.0s), 006/098 VUs, 27132 complete and 0 interrupted iterations
readiness   [  50% ] 006/098 VUs  22m40.0s/45m0s  20.00 iters/s

running (22m41.0s), 006/098 VUs, 27152 complete and 0 interrupted iterations
readiness   [  50% ] 006/098 VUs  22m41.0s/45m0s  20.00 iters/s

running (22m42.0s), 006/098 VUs, 27172 complete and 0 interrupted iterations
readiness   [  50% ] 006/098 VUs  22m42.0s/45m0s  20.00 iters/s

running (22m43.0s), 007/098 VUs, 27191 complete and 0 interrupted iterations
readiness   [  50% ] 007/098 VUs  22m43.0s/45m0s  20.00 iters/s

running (22m44.0s), 006/098 VUs, 27212 complete and 0 interrupted iterations
readiness   [  51% ] 006/098 VUs  22m44.0s/45m0s  20.00 iters/s

running (22m45.0s), 006/098 VUs, 27232 complete and 0 interrupted iterations
readiness   [  51% ] 006/098 VUs  22m45.0s/45m0s  20.00 iters/s

running (22m46.0s), 006/098 VUs, 27252 complete and 0 interrupted iterations
readiness   [  51% ] 006/098 VUs  22m46.0s/45m0s  20.00 iters/s

running (22m47.0s), 006/098 VUs, 27272 complete and 0 interrupted iterations
readiness   [  51% ] 006/098 VUs  22m47.0s/45m0s  20.00 iters/s

running (22m48.0s), 007/098 VUs, 27291 complete and 0 interrupted iterations
readiness   [  51% ] 007/098 VUs  22m48.0s/45m0s  20.00 iters/s

running (22m49.0s), 006/098 VUs, 27312 complete and 0 interrupted iterations
readiness   [  51% ] 006/098 VUs  22m49.0s/45m0s  20.00 iters/s

running (22m50.0s), 006/098 VUs, 27332 complete and 0 interrupted iterations
readiness   [  51% ] 006/098 VUs  22m50.0s/45m0s  20.00 iters/s

running (22m51.0s), 007/098 VUs, 27351 complete and 0 interrupted iterations
readiness   [  51% ] 007/098 VUs  22m51.0s/45m0s  20.00 iters/s

running (22m52.0s), 008/098 VUs, 27370 complete and 0 interrupted iterations
readiness   [  51% ] 008/098 VUs  22m52.0s/45m0s  20.00 iters/s

running (22m53.0s), 007/098 VUs, 27391 complete and 0 interrupted iterations
readiness   [  51% ] 007/098 VUs  22m53.0s/45m0s  20.00 iters/s

running (22m54.0s), 009/098 VUs, 27409 complete and 0 interrupted iterations
readiness   [  51% ] 009/098 VUs  22m54.0s/45m0s  20.00 iters/s

running (22m55.0s), 007/098 VUs, 27431 complete and 0 interrupted iterations
readiness   [  51% ] 007/098 VUs  22m55.0s/45m0s  20.00 iters/s

running (22m56.0s), 006/098 VUs, 27452 complete and 0 interrupted iterations
readiness   [  51% ] 006/098 VUs  22m56.0s/45m0s  20.00 iters/s

running (22m57.0s), 006/098 VUs, 27472 complete and 0 interrupted iterations
readiness   [  51% ] 006/098 VUs  22m57.0s/45m0s  20.00 iters/s

running (22m58.0s), 006/098 VUs, 27492 complete and 0 interrupted iterations
readiness   [  51% ] 006/098 VUs  22m58.0s/45m0s  20.00 iters/s

running (22m59.0s), 006/098 VUs, 27512 complete and 0 interrupted iterations
readiness   [  51% ] 006/098 VUs  22m59.0s/45m0s  20.00 iters/s

running (23m00.0s), 006/098 VUs, 27532 complete and 0 interrupted iterations
readiness   [  51% ] 006/098 VUs  23m00.0s/45m0s  20.00 iters/s

running (23m01.0s), 006/098 VUs, 27552 complete and 0 interrupted iterations
readiness   [  51% ] 006/098 VUs  23m01.0s/45m0s  20.00 iters/s

running (23m02.0s), 006/098 VUs, 27572 complete and 0 interrupted iterations
readiness   [  51% ] 006/098 VUs  23m02.0s/45m0s  20.00 iters/s

running (23m03.0s), 006/098 VUs, 27592 complete and 0 interrupted iterations
readiness   [  51% ] 006/098 VUs  23m03.0s/45m0s  20.00 iters/s

running (23m04.0s), 007/098 VUs, 27611 complete and 0 interrupted iterations
readiness   [  51% ] 007/098 VUs  23m04.0s/45m0s  20.00 iters/s

running (23m05.0s), 007/098 VUs, 27631 complete and 0 interrupted iterations
readiness   [  51% ] 007/098 VUs  23m05.0s/45m0s  20.00 iters/s

running (23m06.0s), 006/098 VUs, 27652 complete and 0 interrupted iterations
readiness   [  51% ] 006/098 VUs  23m06.0s/45m0s  20.00 iters/s

running (23m07.0s), 006/098 VUs, 27672 complete and 0 interrupted iterations
readiness   [  51% ] 006/098 VUs  23m07.0s/45m0s  20.00 iters/s

running (23m08.0s), 006/098 VUs, 27692 complete and 0 interrupted iterations
readiness   [  51% ] 006/098 VUs  23m08.0s/45m0s  20.00 iters/s

running (23m09.0s), 007/098 VUs, 27711 complete and 0 interrupted iterations
readiness   [  51% ] 007/098 VUs  23m09.0s/45m0s  20.00 iters/s

running (23m10.0s), 006/098 VUs, 27732 complete and 0 interrupted iterations
readiness   [  51% ] 006/098 VUs  23m10.0s/45m0s  20.00 iters/s

running (23m11.0s), 006/098 VUs, 27752 complete and 0 interrupted iterations
readiness   [  52% ] 006/098 VUs  23m11.0s/45m0s  20.00 iters/s

running (23m12.0s), 007/098 VUs, 27771 complete and 0 interrupted iterations
readiness   [  52% ] 007/098 VUs  23m12.0s/45m0s  20.00 iters/s

running (23m13.0s), 008/098 VUs, 27790 complete and 0 interrupted iterations
readiness   [  52% ] 009/098 VUs  23m13.0s/45m0s  20.00 iters/s

running (23m14.0s), 007/098 VUs, 27811 complete and 0 interrupted iterations
readiness   [  52% ] 007/098 VUs  23m14.0s/45m0s  20.00 iters/s

running (23m15.0s), 014/098 VUs, 27825 complete and 0 interrupted iterations
readiness   [  52% ] 014/098 VUs  23m15.0s/45m0s  20.00 iters/s

running (23m16.0s), 007/098 VUs, 27851 complete and 0 interrupted iterations
readiness   [  52% ] 007/098 VUs  23m16.0s/45m0s  20.00 iters/s

running (23m17.0s), 007/098 VUs, 27871 complete and 0 interrupted iterations
readiness   [  52% ] 007/098 VUs  23m17.0s/45m0s  20.00 iters/s

running (23m18.0s), 007/098 VUs, 27891 complete and 0 interrupted iterations
readiness   [  52% ] 007/098 VUs  23m18.0s/45m0s  20.00 iters/s

running (23m19.0s), 007/098 VUs, 27911 complete and 0 interrupted iterations
readiness   [  52% ] 007/098 VUs  23m19.0s/45m0s  20.00 iters/s

running (23m20.0s), 012/098 VUs, 27921 complete and 0 interrupted iterations
readiness   [  52% ] 012/098 VUs  23m20.0s/45m0s  20.00 iters/s

running (23m21.0s), 009/098 VUs, 27949 complete and 0 interrupted iterations
readiness   [  52% ] 009/098 VUs  23m21.0s/45m0s  20.00 iters/s

running (23m22.0s), 007/098 VUs, 27971 complete and 0 interrupted iterations
readiness   [  52% ] 007/098 VUs  23m22.0s/45m0s  20.00 iters/s

running (23m23.0s), 006/098 VUs, 27992 complete and 0 interrupted iterations
readiness   [  52% ] 006/098 VUs  23m23.0s/45m0s  20.00 iters/s

running (23m24.1s), 009/098 VUs, 28011 complete and 0 interrupted iterations
readiness   [  52% ] 009/098 VUs  23m24.1s/45m0s  20.00 iters/s

running (23m25.0s), 006/098 VUs, 28032 complete and 0 interrupted iterations
readiness   [  52% ] 006/098 VUs  23m25.0s/45m0s  20.00 iters/s

running (23m26.0s), 006/098 VUs, 28052 complete and 0 interrupted iterations
readiness   [  52% ] 006/098 VUs  23m26.0s/45m0s  20.00 iters/s

running (23m27.0s), 007/098 VUs, 28071 complete and 0 interrupted iterations
readiness   [  52% ] 007/098 VUs  23m27.0s/45m0s  20.00 iters/s

running (23m28.0s), 006/098 VUs, 28092 complete and 0 interrupted iterations
readiness   [  52% ] 006/098 VUs  23m28.0s/45m0s  20.00 iters/s

running (23m29.0s), 006/098 VUs, 28112 complete and 0 interrupted iterations
readiness   [  52% ] 006/098 VUs  23m29.0s/45m0s  20.00 iters/s

running (23m30.0s), 006/098 VUs, 28132 complete and 0 interrupted iterations
readiness   [  52% ] 006/098 VUs  23m30.0s/45m0s  20.00 iters/s

running (23m31.0s), 006/098 VUs, 28152 complete and 0 interrupted iterations
readiness   [  52% ] 006/098 VUs  23m31.0s/45m0s  20.00 iters/s

running (23m32.0s), 006/098 VUs, 28172 complete and 0 interrupted iterations
readiness   [  52% ] 006/098 VUs  23m32.0s/45m0s  20.00 iters/s

running (23m33.0s), 007/098 VUs, 28191 complete and 0 interrupted iterations
readiness   [  52% ] 007/098 VUs  23m33.0s/45m0s  20.00 iters/s

running (23m34.0s), 007/098 VUs, 28211 complete and 0 interrupted iterations
readiness   [  52% ] 007/098 VUs  23m34.0s/45m0s  20.00 iters/s

running (23m35.0s), 006/098 VUs, 28232 complete and 0 interrupted iterations
readiness   [  52% ] 006/098 VUs  23m35.0s/45m0s  20.00 iters/s

running (23m36.0s), 006/098 VUs, 28252 complete and 0 interrupted iterations
readiness   [  52% ] 006/098 VUs  23m36.0s/45m0s  20.00 iters/s

running (23m37.0s), 007/098 VUs, 28271 complete and 0 interrupted iterations
readiness   [  52% ] 007/098 VUs  23m37.0s/45m0s  20.00 iters/s

running (23m38.0s), 006/098 VUs, 28292 complete and 0 interrupted iterations
readiness   [  53% ] 006/098 VUs  23m38.0s/45m0s  20.00 iters/s

running (23m39.0s), 006/098 VUs, 28312 complete and 0 interrupted iterations
readiness   [  53% ] 006/098 VUs  23m39.0s/45m0s  20.00 iters/s

running (23m40.0s), 006/098 VUs, 28332 complete and 0 interrupted iterations
readiness   [  53% ] 006/098 VUs  23m40.0s/45m0s  20.00 iters/s

running (23m41.0s), 006/098 VUs, 28352 complete and 0 interrupted iterations
readiness   [  53% ] 006/098 VUs  23m41.0s/45m0s  20.00 iters/s

running (23m42.0s), 006/098 VUs, 28372 complete and 0 interrupted iterations
readiness   [  53% ] 006/098 VUs  23m42.0s/45m0s  20.00 iters/s

running (23m43.0s), 006/098 VUs, 28392 complete and 0 interrupted iterations
readiness   [  53% ] 006/098 VUs  23m43.0s/45m0s  20.00 iters/s

running (23m44.0s), 007/098 VUs, 28411 complete and 0 interrupted iterations
readiness   [  53% ] 007/098 VUs  23m44.0s/45m0s  20.00 iters/s

running (23m45.0s), 006/098 VUs, 28432 complete and 0 interrupted iterations
readiness   [  53% ] 006/098 VUs  23m45.0s/45m0s  20.00 iters/s

running (23m46.0s), 006/098 VUs, 28452 complete and 0 interrupted iterations
readiness   [  53% ] 006/098 VUs  23m46.0s/45m0s  20.00 iters/s

running (23m47.0s), 007/098 VUs, 28471 complete and 0 interrupted iterations
readiness   [  53% ] 007/098 VUs  23m47.0s/45m0s  20.00 iters/s

running (23m48.0s), 007/098 VUs, 28491 complete and 0 interrupted iterations
readiness   [  53% ] 007/098 VUs  23m48.0s/45m0s  20.00 iters/s

running (23m49.0s), 007/098 VUs, 28511 complete and 0 interrupted iterations
readiness   [  53% ] 007/098 VUs  23m49.0s/45m0s  20.00 iters/s

running (23m50.0s), 006/098 VUs, 28532 complete and 0 interrupted iterations
readiness   [  53% ] 006/098 VUs  23m50.0s/45m0s  20.00 iters/s

running (23m51.0s), 006/098 VUs, 28552 complete and 0 interrupted iterations
readiness   [  53% ] 006/098 VUs  23m51.0s/45m0s  20.00 iters/s

running (23m52.0s), 009/098 VUs, 28569 complete and 0 interrupted iterations
readiness   [  53% ] 009/098 VUs  23m52.0s/45m0s  20.00 iters/s

running (23m53.0s), 006/098 VUs, 28592 complete and 0 interrupted iterations
readiness   [  53% ] 006/098 VUs  23m53.0s/45m0s  20.00 iters/s

running (23m54.0s), 007/098 VUs, 28611 complete and 0 interrupted iterations
readiness   [  53% ] 007/098 VUs  23m54.0s/45m0s  20.00 iters/s

running (23m55.0s), 006/098 VUs, 28632 complete and 0 interrupted iterations
readiness   [  53% ] 006/098 VUs  23m55.0s/45m0s  20.00 iters/s

running (23m56.0s), 007/098 VUs, 28651 complete and 0 interrupted iterations
readiness   [  53% ] 007/098 VUs  23m56.0s/45m0s  20.00 iters/s

running (23m57.0s), 006/098 VUs, 28672 complete and 0 interrupted iterations
readiness   [  53% ] 006/098 VUs  23m57.0s/45m0s  20.00 iters/s

running (23m58.0s), 006/098 VUs, 28692 complete and 0 interrupted iterations
readiness   [  53% ] 006/098 VUs  23m58.0s/45m0s  20.00 iters/s

running (23m59.0s), 006/098 VUs, 28712 complete and 0 interrupted iterations
readiness   [  53% ] 006/098 VUs  23m59.0s/45m0s  20.00 iters/s

running (24m00.0s), 006/098 VUs, 28732 complete and 0 interrupted iterations
readiness   [  53% ] 006/098 VUs  24m00.0s/45m0s  20.00 iters/s

running (24m01.0s), 006/098 VUs, 28752 complete and 0 interrupted iterations
readiness   [  53% ] 006/098 VUs  24m01.0s/45m0s  20.00 iters/s

running (24m02.0s), 006/098 VUs, 28772 complete and 0 interrupted iterations
readiness   [  53% ] 006/098 VUs  24m02.0s/45m0s  20.00 iters/s

running (24m03.0s), 006/098 VUs, 28792 complete and 0 interrupted iterations
readiness   [  53% ] 006/098 VUs  24m03.0s/45m0s  20.00 iters/s

running (24m04.0s), 008/098 VUs, 28810 complete and 0 interrupted iterations
readiness   [  53% ] 008/098 VUs  24m04.0s/45m0s  20.00 iters/s

running (24m05.0s), 006/098 VUs, 28832 complete and 0 interrupted iterations
readiness   [  54% ] 006/098 VUs  24m05.0s/45m0s  20.00 iters/s

running (24m06.0s), 007/098 VUs, 28851 complete and 0 interrupted iterations
readiness   [  54% ] 007/098 VUs  24m06.0s/45m0s  20.00 iters/s

running (24m07.0s), 006/098 VUs, 28872 complete and 0 interrupted iterations
readiness   [  54% ] 006/098 VUs  24m07.0s/45m0s  20.00 iters/s

running (24m08.0s), 006/098 VUs, 28892 complete and 0 interrupted iterations
readiness   [  54% ] 006/098 VUs  24m08.0s/45m0s  20.00 iters/s

running (24m09.0s), 006/098 VUs, 28912 complete and 0 interrupted iterations
readiness   [  54% ] 006/098 VUs  24m09.0s/45m0s  20.00 iters/s

running (24m10.0s), 006/098 VUs, 28932 complete and 0 interrupted iterations
readiness   [  54% ] 006/098 VUs  24m10.0s/45m0s  20.00 iters/s

running (24m11.0s), 006/098 VUs, 28952 complete and 0 interrupted iterations
readiness   [  54% ] 006/098 VUs  24m11.0s/45m0s  20.00 iters/s

running (24m12.0s), 006/098 VUs, 28972 complete and 0 interrupted iterations
readiness   [  54% ] 006/098 VUs  24m12.0s/45m0s  20.00 iters/s

running (24m13.0s), 006/098 VUs, 28992 complete and 0 interrupted iterations
readiness   [  54% ] 006/098 VUs  24m13.0s/45m0s  20.00 iters/s

running (24m14.0s), 006/098 VUs, 29012 complete and 0 interrupted iterations
readiness   [  54% ] 006/098 VUs  24m14.0s/45m0s  20.00 iters/s

running (24m15.0s), 006/098 VUs, 29032 complete and 0 interrupted iterations
readiness   [  54% ] 006/098 VUs  24m15.0s/45m0s  20.00 iters/s

running (24m16.0s), 007/098 VUs, 29051 complete and 0 interrupted iterations
readiness   [  54% ] 007/098 VUs  24m16.0s/45m0s  20.00 iters/s

running (24m17.0s), 007/098 VUs, 29071 complete and 0 interrupted iterations
readiness   [  54% ] 007/098 VUs  24m17.0s/45m0s  20.00 iters/s

running (24m18.0s), 006/098 VUs, 29092 complete and 0 interrupted iterations
readiness   [  54% ] 006/098 VUs  24m18.0s/45m0s  20.00 iters/s

running (24m19.0s), 006/098 VUs, 29112 complete and 0 interrupted iterations
readiness   [  54% ] 006/098 VUs  24m19.0s/45m0s  20.00 iters/s

running (24m20.0s), 006/098 VUs, 29132 complete and 0 interrupted iterations
readiness   [  54% ] 006/098 VUs  24m20.0s/45m0s  20.00 iters/s

running (24m21.0s), 006/098 VUs, 29152 complete and 0 interrupted iterations
readiness   [  54% ] 006/098 VUs  24m21.0s/45m0s  20.00 iters/s

running (24m22.0s), 007/098 VUs, 29171 complete and 0 interrupted iterations
readiness   [  54% ] 007/098 VUs  24m22.0s/45m0s  20.00 iters/s

running (24m23.0s), 006/098 VUs, 29192 complete and 0 interrupted iterations
readiness   [  54% ] 006/098 VUs  24m23.0s/45m0s  20.00 iters/s

running (24m24.0s), 006/098 VUs, 29212 complete and 0 interrupted iterations
readiness   [  54% ] 006/098 VUs  24m24.0s/45m0s  20.00 iters/s

running (24m25.0s), 006/098 VUs, 29232 complete and 0 interrupted iterations
readiness   [  54% ] 006/098 VUs  24m25.0s/45m0s  20.00 iters/s

running (24m26.0s), 006/098 VUs, 29252 complete and 0 interrupted iterations
readiness   [  54% ] 006/098 VUs  24m26.0s/45m0s  20.00 iters/s

running (24m27.0s), 006/098 VUs, 29272 complete and 0 interrupted iterations
readiness   [  54% ] 006/098 VUs  24m27.0s/45m0s  20.00 iters/s

running (24m28.0s), 006/098 VUs, 29292 complete and 0 interrupted iterations
readiness   [  54% ] 006/098 VUs  24m28.0s/45m0s  20.00 iters/s

running (24m29.0s), 006/098 VUs, 29312 complete and 0 interrupted iterations
readiness   [  54% ] 006/098 VUs  24m29.0s/45m0s  20.00 iters/s

running (24m30.0s), 006/098 VUs, 29332 complete and 0 interrupted iterations
readiness   [  54% ] 006/098 VUs  24m30.0s/45m0s  20.00 iters/s

running (24m31.0s), 006/098 VUs, 29352 complete and 0 interrupted iterations
readiness   [  54% ] 006/098 VUs  24m31.0s/45m0s  20.00 iters/s

running (24m32.0s), 006/098 VUs, 29372 complete and 0 interrupted iterations
readiness   [  55% ] 006/098 VUs  24m32.0s/45m0s  20.00 iters/s

running (24m33.0s), 007/098 VUs, 29391 complete and 0 interrupted iterations
readiness   [  55% ] 007/098 VUs  24m33.0s/45m0s  20.00 iters/s

running (24m34.0s), 007/098 VUs, 29411 complete and 0 interrupted iterations
readiness   [  55% ] 007/098 VUs  24m34.0s/45m0s  20.00 iters/s

running (24m35.0s), 006/098 VUs, 29432 complete and 0 interrupted iterations
readiness   [  55% ] 006/098 VUs  24m35.0s/45m0s  20.00 iters/s

running (24m36.0s), 007/098 VUs, 29451 complete and 0 interrupted iterations
readiness   [  55% ] 007/098 VUs  24m36.0s/45m0s  20.00 iters/s

running (24m37.0s), 007/098 VUs, 29471 complete and 0 interrupted iterations
readiness   [  55% ] 007/098 VUs  24m37.0s/45m0s  20.00 iters/s

running (24m38.0s), 007/098 VUs, 29491 complete and 0 interrupted iterations
readiness   [  55% ] 007/098 VUs  24m38.0s/45m0s  20.00 iters/s

running (24m39.0s), 006/098 VUs, 29512 complete and 0 interrupted iterations
readiness   [  55% ] 006/098 VUs  24m39.0s/45m0s  20.00 iters/s

running (24m40.0s), 006/098 VUs, 29532 complete and 0 interrupted iterations
readiness   [  55% ] 006/098 VUs  24m40.0s/45m0s  20.00 iters/s

running (24m41.0s), 006/098 VUs, 29552 complete and 0 interrupted iterations
readiness   [  55% ] 006/098 VUs  24m41.0s/45m0s  20.00 iters/s

running (24m42.0s), 006/098 VUs, 29572 complete and 0 interrupted iterations
readiness   [  55% ] 006/098 VUs  24m42.0s/45m0s  20.00 iters/s

running (24m43.0s), 006/098 VUs, 29592 complete and 0 interrupted iterations
readiness   [  55% ] 006/098 VUs  24m43.0s/45m0s  20.00 iters/s

running (24m44.0s), 006/098 VUs, 29612 complete and 0 interrupted iterations
readiness   [  55% ] 006/098 VUs  24m44.0s/45m0s  20.00 iters/s

running (24m45.0s), 007/098 VUs, 29631 complete and 0 interrupted iterations
readiness   [  55% ] 007/098 VUs  24m45.0s/45m0s  20.00 iters/s

running (24m46.0s), 006/098 VUs, 29652 complete and 0 interrupted iterations
readiness   [  55% ] 006/098 VUs  24m46.0s/45m0s  20.00 iters/s

running (24m47.0s), 006/098 VUs, 29672 complete and 0 interrupted iterations
readiness   [  55% ] 006/098 VUs  24m47.0s/45m0s  20.00 iters/s

running (24m48.0s), 006/098 VUs, 29692 complete and 0 interrupted iterations
readiness   [  55% ] 006/098 VUs  24m48.0s/45m0s  20.00 iters/s

running (24m49.0s), 006/098 VUs, 29712 complete and 0 interrupted iterations
readiness   [  55% ] 006/098 VUs  24m49.0s/45m0s  20.00 iters/s

running (24m50.0s), 006/098 VUs, 29732 complete and 0 interrupted iterations
readiness   [  55% ] 006/098 VUs  24m50.0s/45m0s  20.00 iters/s

running (24m51.0s), 006/098 VUs, 29752 complete and 0 interrupted iterations
readiness   [  55% ] 006/098 VUs  24m51.0s/45m0s  20.00 iters/s

running (24m52.0s), 009/098 VUs, 29769 complete and 0 interrupted iterations
readiness   [  55% ] 009/098 VUs  24m52.0s/45m0s  20.00 iters/s

running (24m53.0s), 007/098 VUs, 29791 complete and 0 interrupted iterations
readiness   [  55% ] 007/098 VUs  24m53.0s/45m0s  20.00 iters/s

running (24m54.0s), 006/098 VUs, 29812 complete and 0 interrupted iterations
readiness   [  55% ] 006/098 VUs  24m54.0s/45m0s  20.00 iters/s

running (24m55.0s), 006/098 VUs, 29832 complete and 0 interrupted iterations
readiness   [  55% ] 006/098 VUs  24m55.0s/45m0s  20.00 iters/s

running (24m56.0s), 006/098 VUs, 29852 complete and 0 interrupted iterations
readiness   [  55% ] 006/098 VUs  24m56.0s/45m0s  20.00 iters/s

running (24m57.0s), 007/098 VUs, 29871 complete and 0 interrupted iterations
readiness   [  55% ] 007/098 VUs  24m57.0s/45m0s  20.00 iters/s

running (24m58.0s), 006/098 VUs, 29892 complete and 0 interrupted iterations
readiness   [  55% ] 006/098 VUs  24m58.0s/45m0s  20.00 iters/s

running (24m59.0s), 006/098 VUs, 29912 complete and 0 interrupted iterations
readiness   [  56% ] 006/098 VUs  24m59.0s/45m0s  20.00 iters/s

running (25m00.0s), 006/098 VUs, 29932 complete and 0 interrupted iterations
readiness   [  56% ] 006/098 VUs  25m00.0s/45m0s  20.00 iters/s

running (25m01.0s), 006/098 VUs, 29952 complete and 0 interrupted iterations
readiness   [  56% ] 006/098 VUs  25m01.0s/45m0s  20.00 iters/s

running (25m02.0s), 006/098 VUs, 29972 complete and 0 interrupted iterations
readiness   [  56% ] 006/098 VUs  25m02.0s/45m0s  20.00 iters/s

running (25m03.0s), 007/098 VUs, 29991 complete and 0 interrupted iterations
readiness   [  56% ] 007/098 VUs  25m03.0s/45m0s  20.00 iters/s

running (25m04.0s), 006/098 VUs, 30012 complete and 0 interrupted iterations
readiness   [  56% ] 006/098 VUs  25m04.0s/45m0s  20.00 iters/s

running (25m05.0s), 006/098 VUs, 30032 complete and 0 interrupted iterations
readiness   [  56% ] 006/098 VUs  25m05.0s/45m0s  20.00 iters/s

running (25m06.0s), 007/098 VUs, 30051 complete and 0 interrupted iterations
readiness   [  56% ] 007/098 VUs  25m06.0s/45m0s  20.00 iters/s

running (25m07.0s), 006/098 VUs, 30072 complete and 0 interrupted iterations
readiness   [  56% ] 006/098 VUs  25m07.0s/45m0s  20.00 iters/s

running (25m08.0s), 006/098 VUs, 30092 complete and 0 interrupted iterations
readiness   [  56% ] 006/098 VUs  25m08.0s/45m0s  20.00 iters/s

running (25m09.0s), 006/098 VUs, 30112 complete and 0 interrupted iterations
readiness   [  56% ] 006/098 VUs  25m09.0s/45m0s  20.00 iters/s

running (25m10.0s), 006/098 VUs, 30132 complete and 0 interrupted iterations
readiness   [  56% ] 006/098 VUs  25m10.0s/45m0s  20.00 iters/s

running (25m11.0s), 007/098 VUs, 30151 complete and 0 interrupted iterations
readiness   [  56% ] 007/098 VUs  25m11.0s/45m0s  20.00 iters/s

running (25m12.0s), 006/098 VUs, 30172 complete and 0 interrupted iterations
readiness   [  56% ] 006/098 VUs  25m12.0s/45m0s  20.00 iters/s

running (25m13.0s), 006/098 VUs, 30192 complete and 0 interrupted iterations
readiness   [  56% ] 006/098 VUs  25m13.0s/45m0s  20.00 iters/s

running (25m14.0s), 006/098 VUs, 30212 complete and 0 interrupted iterations
readiness   [  56% ] 006/098 VUs  25m14.0s/45m0s  20.00 iters/s

running (25m15.0s), 006/098 VUs, 30232 complete and 0 interrupted iterations
readiness   [  56% ] 006/098 VUs  25m15.0s/45m0s  20.00 iters/s

running (25m16.0s), 006/098 VUs, 30252 complete and 0 interrupted iterations
readiness   [  56% ] 006/098 VUs  25m16.0s/45m0s  20.00 iters/s

running (25m17.0s), 006/098 VUs, 30272 complete and 0 interrupted iterations
readiness   [  56% ] 006/098 VUs  25m17.0s/45m0s  20.00 iters/s

running (25m18.0s), 006/098 VUs, 30292 complete and 0 interrupted iterations
readiness   [  56% ] 006/098 VUs  25m18.0s/45m0s  20.00 iters/s

running (25m19.0s), 006/098 VUs, 30312 complete and 0 interrupted iterations
readiness   [  56% ] 006/098 VUs  25m19.0s/45m0s  20.00 iters/s

running (25m20.0s), 007/098 VUs, 30331 complete and 0 interrupted iterations
readiness   [  56% ] 007/098 VUs  25m20.0s/45m0s  20.00 iters/s

running (25m21.0s), 006/098 VUs, 30352 complete and 0 interrupted iterations
readiness   [  56% ] 006/098 VUs  25m21.0s/45m0s  20.00 iters/s

running (25m22.0s), 007/098 VUs, 30371 complete and 0 interrupted iterations
readiness   [  56% ] 007/098 VUs  25m22.0s/45m0s  20.00 iters/s

running (25m23.0s), 006/098 VUs, 30392 complete and 0 interrupted iterations
readiness   [  56% ] 006/098 VUs  25m23.0s/45m0s  20.00 iters/s

running (25m24.0s), 006/098 VUs, 30412 complete and 0 interrupted iterations
readiness   [  56% ] 006/098 VUs  25m24.0s/45m0s  20.00 iters/s

running (25m25.0s), 007/098 VUs, 30431 complete and 0 interrupted iterations
readiness   [  56% ] 007/098 VUs  25m25.0s/45m0s  20.00 iters/s

running (25m26.0s), 006/098 VUs, 30452 complete and 0 interrupted iterations
readiness   [  57% ] 006/098 VUs  25m26.0s/45m0s  20.00 iters/s

running (25m27.0s), 007/098 VUs, 30471 complete and 0 interrupted iterations
readiness   [  57% ] 007/098 VUs  25m27.0s/45m0s  20.00 iters/s

running (25m28.0s), 006/098 VUs, 30492 complete and 0 interrupted iterations
readiness   [  57% ] 006/098 VUs  25m28.0s/45m0s  20.00 iters/s

running (25m29.0s), 006/098 VUs, 30512 complete and 0 interrupted iterations
readiness   [  57% ] 006/098 VUs  25m29.0s/45m0s  20.00 iters/s

running (25m30.0s), 006/098 VUs, 30532 complete and 0 interrupted iterations
readiness   [  57% ] 006/098 VUs  25m30.0s/45m0s  20.00 iters/s

running (25m31.0s), 006/098 VUs, 30552 complete and 0 interrupted iterations
readiness   [  57% ] 006/098 VUs  25m31.0s/45m0s  20.00 iters/s

running (25m32.0s), 006/098 VUs, 30572 complete and 0 interrupted iterations
readiness   [  57% ] 006/098 VUs  25m32.0s/45m0s  20.00 iters/s

running (25m33.0s), 006/098 VUs, 30592 complete and 0 interrupted iterations
readiness   [  57% ] 006/098 VUs  25m33.0s/45m0s  20.00 iters/s

running (25m34.0s), 007/098 VUs, 30611 complete and 0 interrupted iterations
readiness   [  57% ] 007/098 VUs  25m34.0s/45m0s  20.00 iters/s

running (25m35.0s), 006/098 VUs, 30632 complete and 0 interrupted iterations
readiness   [  57% ] 006/098 VUs  25m35.0s/45m0s  20.00 iters/s

running (25m36.0s), 006/098 VUs, 30652 complete and 0 interrupted iterations
readiness   [  57% ] 006/098 VUs  25m36.0s/45m0s  20.00 iters/s

running (25m37.0s), 006/098 VUs, 30672 complete and 0 interrupted iterations
readiness   [  57% ] 006/098 VUs  25m37.0s/45m0s  20.00 iters/s

running (25m38.0s), 006/098 VUs, 30692 complete and 0 interrupted iterations
readiness   [  57% ] 006/098 VUs  25m38.0s/45m0s  20.00 iters/s

running (25m39.0s), 006/098 VUs, 30712 complete and 0 interrupted iterations
readiness   [  57% ] 006/098 VUs  25m39.0s/45m0s  20.00 iters/s

running (25m40.0s), 006/098 VUs, 30732 complete and 0 interrupted iterations
readiness   [  57% ] 006/098 VUs  25m40.0s/45m0s  20.00 iters/s

running (25m41.0s), 007/098 VUs, 30751 complete and 0 interrupted iterations
readiness   [  57% ] 007/098 VUs  25m41.0s/45m0s  20.00 iters/s

running (25m42.0s), 006/098 VUs, 30772 complete and 0 interrupted iterations
readiness   [  57% ] 006/098 VUs  25m42.0s/45m0s  20.00 iters/s

running (25m43.0s), 006/098 VUs, 30792 complete and 0 interrupted iterations
readiness   [  57% ] 006/098 VUs  25m43.0s/45m0s  20.00 iters/s

running (25m44.0s), 006/098 VUs, 30812 complete and 0 interrupted iterations
readiness   [  57% ] 006/098 VUs  25m44.0s/45m0s  20.00 iters/s

running (25m45.0s), 006/098 VUs, 30832 complete and 0 interrupted iterations
readiness   [  57% ] 006/098 VUs  25m45.0s/45m0s  20.00 iters/s

running (25m46.0s), 007/098 VUs, 30851 complete and 0 interrupted iterations
readiness   [  57% ] 007/098 VUs  25m46.0s/45m0s  20.00 iters/s

running (25m47.0s), 006/098 VUs, 30872 complete and 0 interrupted iterations
readiness   [  57% ] 006/098 VUs  25m47.0s/45m0s  20.00 iters/s

running (25m48.0s), 006/098 VUs, 30892 complete and 0 interrupted iterations
readiness   [  57% ] 006/098 VUs  25m48.0s/45m0s  20.00 iters/s

running (25m49.0s), 006/098 VUs, 30912 complete and 0 interrupted iterations
readiness   [  57% ] 006/098 VUs  25m49.0s/45m0s  20.00 iters/s

running (25m50.0s), 006/098 VUs, 30932 complete and 0 interrupted iterations
readiness   [  57% ] 006/098 VUs  25m50.0s/45m0s  20.00 iters/s

running (25m51.0s), 006/098 VUs, 30952 complete and 0 interrupted iterations
readiness   [  57% ] 006/098 VUs  25m51.0s/45m0s  20.00 iters/s

running (25m52.0s), 009/098 VUs, 30969 complete and 0 interrupted iterations
readiness   [  57% ] 009/098 VUs  25m52.0s/45m0s  20.00 iters/s

running (25m53.0s), 007/098 VUs, 30991 complete and 0 interrupted iterations
readiness   [  58% ] 007/098 VUs  25m53.0s/45m0s  20.00 iters/s

running (25m54.0s), 009/098 VUs, 31009 complete and 0 interrupted iterations
readiness   [  58% ] 009/098 VUs  25m54.0s/45m0s  20.00 iters/s

running (25m55.0s), 007/098 VUs, 31031 complete and 0 interrupted iterations
readiness   [  58% ] 007/098 VUs  25m55.0s/45m0s  20.00 iters/s

running (25m56.0s), 006/098 VUs, 31052 complete and 0 interrupted iterations
readiness   [  58% ] 006/098 VUs  25m56.0s/45m0s  20.00 iters/s

running (25m57.0s), 006/098 VUs, 31072 complete and 0 interrupted iterations
readiness   [  58% ] 006/098 VUs  25m57.0s/45m0s  20.00 iters/s

running (25m58.0s), 007/098 VUs, 31091 complete and 0 interrupted iterations
readiness   [  58% ] 007/098 VUs  25m58.0s/45m0s  20.00 iters/s

running (25m59.0s), 007/098 VUs, 31111 complete and 0 interrupted iterations
readiness   [  58% ] 007/098 VUs  25m59.0s/45m0s  20.00 iters/s

running (26m00.0s), 006/098 VUs, 31132 complete and 0 interrupted iterations
readiness   [  58% ] 006/098 VUs  26m00.0s/45m0s  20.00 iters/s

running (26m01.0s), 006/098 VUs, 31152 complete and 0 interrupted iterations
readiness   [  58% ] 006/098 VUs  26m01.0s/45m0s  20.00 iters/s

running (26m02.0s), 006/098 VUs, 31172 complete and 0 interrupted iterations
readiness   [  58% ] 006/098 VUs  26m02.0s/45m0s  20.00 iters/s

running (26m03.0s), 006/098 VUs, 31192 complete and 0 interrupted iterations
readiness   [  58% ] 006/098 VUs  26m03.0s/45m0s  20.00 iters/s

running (26m04.0s), 006/098 VUs, 31212 complete and 0 interrupted iterations
readiness   [  58% ] 006/098 VUs  26m04.0s/45m0s  20.00 iters/s

running (26m05.0s), 015/098 VUs, 31225 complete and 0 interrupted iterations
readiness   [  58% ] 015/098 VUs  26m05.1s/45m0s  20.00 iters/s

running (26m06.1s), 007/098 VUs, 31254 complete and 0 interrupted iterations
readiness   [  58% ] 007/098 VUs  26m06.1s/45m0s  20.00 iters/s

running (26m07.0s), 007/098 VUs, 31271 complete and 0 interrupted iterations
readiness   [  58% ] 007/098 VUs  26m07.0s/45m0s  20.00 iters/s

running (26m08.0s), 006/098 VUs, 31292 complete and 0 interrupted iterations
readiness   [  58% ] 006/098 VUs  26m08.0s/45m0s  20.00 iters/s

running (26m09.0s), 006/098 VUs, 31312 complete and 0 interrupted iterations
readiness   [  58% ] 006/098 VUs  26m09.0s/45m0s  20.00 iters/s

running (26m10.0s), 006/098 VUs, 31332 complete and 0 interrupted iterations
readiness   [  58% ] 006/098 VUs  26m10.0s/45m0s  20.00 iters/s

running (26m11.0s), 007/098 VUs, 31351 complete and 0 interrupted iterations
readiness   [  58% ] 007/098 VUs  26m11.0s/45m0s  20.00 iters/s

running (26m12.0s), 006/098 VUs, 31372 complete and 0 interrupted iterations
readiness   [  58% ] 006/098 VUs  26m12.0s/45m0s  20.00 iters/s

running (26m13.0s), 006/098 VUs, 31392 complete and 0 interrupted iterations
readiness   [  58% ] 006/098 VUs  26m13.0s/45m0s  20.00 iters/s

running (26m14.0s), 007/098 VUs, 31411 complete and 0 interrupted iterations
readiness   [  58% ] 007/098 VUs  26m14.0s/45m0s  20.00 iters/s

running (26m15.0s), 007/098 VUs, 31431 complete and 0 interrupted iterations
readiness   [  58% ] 007/098 VUs  26m15.0s/45m0s  20.00 iters/s

running (26m16.0s), 007/098 VUs, 31451 complete and 0 interrupted iterations
readiness   [  58% ] 007/098 VUs  26m16.0s/45m0s  20.00 iters/s

running (26m17.0s), 006/098 VUs, 31472 complete and 0 interrupted iterations
readiness   [  58% ] 006/098 VUs  26m17.0s/45m0s  20.00 iters/s

running (26m18.0s), 006/098 VUs, 31492 complete and 0 interrupted iterations
readiness   [  58% ] 006/098 VUs  26m18.0s/45m0s  20.00 iters/s

running (26m19.0s), 006/098 VUs, 31512 complete and 0 interrupted iterations
readiness   [  58% ] 006/098 VUs  26m19.0s/45m0s  20.00 iters/s

running (26m20.0s), 006/098 VUs, 31532 complete and 0 interrupted iterations
readiness   [  59% ] 006/098 VUs  26m20.0s/45m0s  20.00 iters/s

running (26m21.0s), 007/098 VUs, 31551 complete and 0 interrupted iterations
readiness   [  59% ] 007/098 VUs  26m21.0s/45m0s  20.00 iters/s

running (26m22.0s), 006/098 VUs, 31572 complete and 0 interrupted iterations
readiness   [  59% ] 006/098 VUs  26m22.0s/45m0s  20.00 iters/s

running (26m23.0s), 006/098 VUs, 31592 complete and 0 interrupted iterations
readiness   [  59% ] 006/098 VUs  26m23.0s/45m0s  20.00 iters/s

running (26m24.0s), 006/098 VUs, 31612 complete and 0 interrupted iterations
readiness   [  59% ] 006/098 VUs  26m24.0s/45m0s  20.00 iters/s

running (26m25.0s), 006/098 VUs, 31632 complete and 0 interrupted iterations
readiness   [  59% ] 006/098 VUs  26m25.0s/45m0s  20.00 iters/s

running (26m26.0s), 006/098 VUs, 31652 complete and 0 interrupted iterations
readiness   [  59% ] 006/098 VUs  26m26.0s/45m0s  20.00 iters/s

running (26m27.0s), 006/098 VUs, 31672 complete and 0 interrupted iterations
readiness   [  59% ] 006/098 VUs  26m27.0s/45m0s  20.00 iters/s

running (26m28.0s), 006/098 VUs, 31692 complete and 0 interrupted iterations
readiness   [  59% ] 006/098 VUs  26m28.0s/45m0s  20.00 iters/s

running (26m29.0s), 006/098 VUs, 31712 complete and 0 interrupted iterations
readiness   [  59% ] 006/098 VUs  26m29.0s/45m0s  20.00 iters/s

running (26m30.0s), 006/098 VUs, 31732 complete and 0 interrupted iterations
readiness   [  59% ] 006/098 VUs  26m30.0s/45m0s  20.00 iters/s

running (26m31.0s), 006/098 VUs, 31752 complete and 0 interrupted iterations
readiness   [  59% ] 006/098 VUs  26m31.0s/45m0s  20.00 iters/s

running (26m32.0s), 006/098 VUs, 31772 complete and 0 interrupted iterations
readiness   [  59% ] 006/098 VUs  26m32.0s/45m0s  20.00 iters/s

running (26m33.0s), 006/098 VUs, 31792 complete and 0 interrupted iterations
readiness   [  59% ] 006/098 VUs  26m33.0s/45m0s  20.00 iters/s

running (26m34.0s), 006/098 VUs, 31812 complete and 0 interrupted iterations
readiness   [  59% ] 006/098 VUs  26m34.0s/45m0s  20.00 iters/s

running (26m35.0s), 008/098 VUs, 31830 complete and 0 interrupted iterations
readiness   [  59% ] 008/098 VUs  26m35.0s/45m0s  20.00 iters/s

running (26m36.0s), 006/098 VUs, 31852 complete and 0 interrupted iterations
readiness   [  59% ] 006/098 VUs  26m36.0s/45m0s  20.00 iters/s

running (26m37.0s), 007/098 VUs, 31871 complete and 0 interrupted iterations
readiness   [  59% ] 007/098 VUs  26m37.0s/45m0s  20.00 iters/s

running (26m38.0s), 007/098 VUs, 31891 complete and 0 interrupted iterations
readiness   [  59% ] 007/098 VUs  26m38.0s/45m0s  20.00 iters/s

running (26m39.0s), 006/098 VUs, 31912 complete and 0 interrupted iterations
readiness   [  59% ] 006/098 VUs  26m39.0s/45m0s  20.00 iters/s

running (26m40.0s), 006/098 VUs, 31932 complete and 0 interrupted iterations
readiness   [  59% ] 006/098 VUs  26m40.0s/45m0s  20.00 iters/s

running (26m41.0s), 006/098 VUs, 31952 complete and 0 interrupted iterations
readiness   [  59% ] 006/098 VUs  26m41.0s/45m0s  20.00 iters/s

running (26m42.0s), 006/098 VUs, 31972 complete and 0 interrupted iterations
readiness   [  59% ] 006/098 VUs  26m42.0s/45m0s  20.00 iters/s

running (26m43.0s), 006/098 VUs, 31992 complete and 0 interrupted iterations
readiness   [  59% ] 006/098 VUs  26m43.0s/45m0s  20.00 iters/s

running (26m44.0s), 006/098 VUs, 32012 complete and 0 interrupted iterations
readiness   [  59% ] 006/098 VUs  26m44.0s/45m0s  20.00 iters/s

running (26m45.0s), 006/098 VUs, 32032 complete and 0 interrupted iterations
readiness   [  59% ] 006/098 VUs  26m45.0s/45m0s  20.00 iters/s

running (26m46.0s), 006/098 VUs, 32052 complete and 0 interrupted iterations
readiness   [  59% ] 006/098 VUs  26m46.0s/45m0s  20.00 iters/s

running (26m47.0s), 006/098 VUs, 32072 complete and 0 interrupted iterations
readiness   [  60% ] 006/098 VUs  26m47.0s/45m0s  20.00 iters/s

running (26m48.0s), 006/098 VUs, 32092 complete and 0 interrupted iterations
readiness   [  60% ] 006/098 VUs  26m48.0s/45m0s  20.00 iters/s

running (26m49.0s), 006/098 VUs, 32112 complete and 0 interrupted iterations
readiness   [  60% ] 006/098 VUs  26m49.0s/45m0s  20.00 iters/s

running (26m50.0s), 006/098 VUs, 32132 complete and 0 interrupted iterations
readiness   [  60% ] 006/098 VUs  26m50.0s/45m0s  20.00 iters/s

running (26m51.0s), 006/098 VUs, 32152 complete and 0 interrupted iterations
readiness   [  60% ] 006/098 VUs  26m51.0s/45m0s  20.00 iters/s

running (26m52.0s), 009/098 VUs, 32169 complete and 0 interrupted iterations
readiness   [  60% ] 009/098 VUs  26m52.0s/45m0s  20.00 iters/s

running (26m53.0s), 007/098 VUs, 32191 complete and 0 interrupted iterations
readiness   [  60% ] 007/098 VUs  26m53.0s/45m0s  20.00 iters/s

running (26m54.0s), 009/098 VUs, 32209 complete and 0 interrupted iterations
readiness   [  60% ] 009/098 VUs  26m54.0s/45m0s  20.00 iters/s

running (26m55.0s), 006/098 VUs, 32232 complete and 0 interrupted iterations
readiness   [  60% ] 006/098 VUs  26m55.0s/45m0s  20.00 iters/s

running (26m56.0s), 007/098 VUs, 32251 complete and 0 interrupted iterations
readiness   [  60% ] 007/098 VUs  26m56.0s/45m0s  20.00 iters/s

running (26m57.0s), 007/098 VUs, 32271 complete and 0 interrupted iterations
readiness   [  60% ] 007/098 VUs  26m57.0s/45m0s  20.00 iters/s

running (26m58.0s), 006/098 VUs, 32292 complete and 0 interrupted iterations
readiness   [  60% ] 006/098 VUs  26m58.0s/45m0s  20.00 iters/s

running (26m59.0s), 007/098 VUs, 32311 complete and 0 interrupted iterations
readiness   [  60% ] 007/098 VUs  26m59.0s/45m0s  20.00 iters/s

running (27m00.0s), 006/098 VUs, 32332 complete and 0 interrupted iterations
readiness   [  60% ] 006/098 VUs  27m00.0s/45m0s  20.00 iters/s

running (27m01.0s), 006/098 VUs, 32352 complete and 0 interrupted iterations
readiness   [  60% ] 006/098 VUs  27m01.0s/45m0s  20.00 iters/s

running (27m02.0s), 007/098 VUs, 32371 complete and 0 interrupted iterations
readiness   [  60% ] 007/098 VUs  27m02.0s/45m0s  20.00 iters/s

running (27m03.0s), 007/098 VUs, 32391 complete and 0 interrupted iterations
readiness   [  60% ] 007/098 VUs  27m03.0s/45m0s  20.00 iters/s

running (27m04.0s), 006/098 VUs, 32412 complete and 0 interrupted iterations
readiness   [  60% ] 006/098 VUs  27m04.0s/45m0s  20.00 iters/s

running (27m05.0s), 006/098 VUs, 32432 complete and 0 interrupted iterations
readiness   [  60% ] 006/098 VUs  27m05.0s/45m0s  20.00 iters/s

running (27m06.0s), 006/098 VUs, 32452 complete and 0 interrupted iterations
readiness   [  60% ] 006/098 VUs  27m06.0s/45m0s  20.00 iters/s

running (27m07.0s), 006/098 VUs, 32472 complete and 0 interrupted iterations
readiness   [  60% ] 006/098 VUs  27m07.0s/45m0s  20.00 iters/s

running (27m08.0s), 006/098 VUs, 32492 complete and 0 interrupted iterations
readiness   [  60% ] 006/098 VUs  27m08.0s/45m0s  20.00 iters/s

running (27m09.0s), 006/098 VUs, 32512 complete and 0 interrupted iterations
readiness   [  60% ] 006/098 VUs  27m09.0s/45m0s  20.00 iters/s

running (27m10.0s), 006/098 VUs, 32532 complete and 0 interrupted iterations
readiness   [  60% ] 006/098 VUs  27m10.0s/45m0s  20.00 iters/s

running (27m11.0s), 006/098 VUs, 32552 complete and 0 interrupted iterations
readiness   [  60% ] 006/098 VUs  27m11.0s/45m0s  20.00 iters/s

running (27m12.0s), 006/098 VUs, 32572 complete and 0 interrupted iterations
readiness   [  60% ] 006/098 VUs  27m12.0s/45m0s  20.00 iters/s

running (27m13.0s), 006/098 VUs, 32592 complete and 0 interrupted iterations
readiness   [  60% ] 006/098 VUs  27m13.0s/45m0s  20.00 iters/s

running (27m14.0s), 006/098 VUs, 32612 complete and 0 interrupted iterations
readiness   [  61% ] 006/098 VUs  27m14.0s/45m0s  20.00 iters/s

running (27m15.0s), 006/098 VUs, 32632 complete and 0 interrupted iterations
readiness   [  61% ] 006/098 VUs  27m15.0s/45m0s  20.00 iters/s

running (27m16.0s), 006/098 VUs, 32652 complete and 0 interrupted iterations
readiness   [  61% ] 006/098 VUs  27m16.0s/45m0s  20.00 iters/s

running (27m17.0s), 007/098 VUs, 32671 complete and 0 interrupted iterations
readiness   [  61% ] 007/098 VUs  27m17.0s/45m0s  20.00 iters/s

running (27m18.0s), 007/098 VUs, 32691 complete and 0 interrupted iterations
readiness   [  61% ] 007/098 VUs  27m18.0s/45m0s  20.00 iters/s

running (27m19.0s), 006/098 VUs, 32712 complete and 0 interrupted iterations
readiness   [  61% ] 006/098 VUs  27m19.0s/45m0s  20.00 iters/s

running (27m20.0s), 006/098 VUs, 32732 complete and 0 interrupted iterations
readiness   [  61% ] 006/098 VUs  27m20.0s/45m0s  20.00 iters/s

running (27m21.0s), 006/098 VUs, 32752 complete and 0 interrupted iterations
readiness   [  61% ] 006/098 VUs  27m21.0s/45m0s  20.00 iters/s

running (27m22.0s), 006/098 VUs, 32772 complete and 0 interrupted iterations
readiness   [  61% ] 006/098 VUs  27m22.0s/45m0s  20.00 iters/s

running (27m23.0s), 006/098 VUs, 32792 complete and 0 interrupted iterations
readiness   [  61% ] 006/098 VUs  27m23.0s/45m0s  20.00 iters/s

running (27m24.0s), 006/098 VUs, 32812 complete and 0 interrupted iterations
readiness   [  61% ] 006/098 VUs  27m24.0s/45m0s  20.00 iters/s

running (27m25.0s), 006/098 VUs, 32832 complete and 0 interrupted iterations
readiness   [  61% ] 006/098 VUs  27m25.0s/45m0s  20.00 iters/s

running (27m26.0s), 006/098 VUs, 32852 complete and 0 interrupted iterations
readiness   [  61% ] 006/098 VUs  27m26.0s/45m0s  20.00 iters/s

running (27m27.0s), 006/098 VUs, 32872 complete and 0 interrupted iterations
readiness   [  61% ] 006/098 VUs  27m27.0s/45m0s  20.00 iters/s

running (27m28.0s), 006/098 VUs, 32892 complete and 0 interrupted iterations
readiness   [  61% ] 006/098 VUs  27m28.0s/45m0s  20.00 iters/s

running (27m29.0s), 006/098 VUs, 32912 complete and 0 interrupted iterations
readiness   [  61% ] 006/098 VUs  27m29.0s/45m0s  20.00 iters/s

running (27m30.0s), 007/098 VUs, 32931 complete and 0 interrupted iterations
readiness   [  61% ] 007/098 VUs  27m30.0s/45m0s  20.00 iters/s

running (27m31.0s), 006/098 VUs, 32952 complete and 0 interrupted iterations
readiness   [  61% ] 006/098 VUs  27m31.0s/45m0s  20.00 iters/s

running (27m32.0s), 006/098 VUs, 32972 complete and 0 interrupted iterations
readiness   [  61% ] 006/098 VUs  27m32.0s/45m0s  20.00 iters/s

running (27m33.0s), 006/098 VUs, 32992 complete and 0 interrupted iterations
readiness   [  61% ] 006/098 VUs  27m33.0s/45m0s  20.00 iters/s

running (27m34.0s), 006/098 VUs, 33012 complete and 0 interrupted iterations
readiness   [  61% ] 006/098 VUs  27m34.0s/45m0s  20.00 iters/s

running (27m35.0s), 006/098 VUs, 33032 complete and 0 interrupted iterations
readiness   [  61% ] 006/098 VUs  27m35.0s/45m0s  20.00 iters/s

running (27m36.0s), 006/098 VUs, 33052 complete and 0 interrupted iterations
readiness   [  61% ] 006/098 VUs  27m36.0s/45m0s  20.00 iters/s

running (27m37.0s), 006/098 VUs, 33072 complete and 0 interrupted iterations
readiness   [  61% ] 006/098 VUs  27m37.0s/45m0s  20.00 iters/s

running (27m38.0s), 006/098 VUs, 33092 complete and 0 interrupted iterations
readiness   [  61% ] 006/098 VUs  27m38.0s/45m0s  20.00 iters/s

running (27m39.0s), 006/098 VUs, 33112 complete and 0 interrupted iterations
readiness   [  61% ] 006/098 VUs  27m39.0s/45m0s  20.00 iters/s

running (27m40.0s), 006/098 VUs, 33132 complete and 0 interrupted iterations
readiness   [  61% ] 006/098 VUs  27m40.0s/45m0s  20.00 iters/s

running (27m41.0s), 006/098 VUs, 33152 complete and 0 interrupted iterations
readiness   [  62% ] 006/098 VUs  27m41.0s/45m0s  20.00 iters/s

running (27m42.0s), 006/098 VUs, 33172 complete and 0 interrupted iterations
readiness   [  62% ] 006/098 VUs  27m42.0s/45m0s  20.00 iters/s

running (27m43.0s), 006/098 VUs, 33192 complete and 0 interrupted iterations
readiness   [  62% ] 006/098 VUs  27m43.0s/45m0s  20.00 iters/s

running (27m44.0s), 006/098 VUs, 33212 complete and 0 interrupted iterations
readiness   [  62% ] 006/098 VUs  27m44.0s/45m0s  20.00 iters/s

running (27m45.0s), 006/098 VUs, 33232 complete and 0 interrupted iterations
readiness   [  62% ] 006/098 VUs  27m45.0s/45m0s  20.00 iters/s

running (27m46.0s), 006/098 VUs, 33252 complete and 0 interrupted iterations
readiness   [  62% ] 006/098 VUs  27m46.0s/45m0s  20.00 iters/s

running (27m47.0s), 006/098 VUs, 33272 complete and 0 interrupted iterations
readiness   [  62% ] 006/098 VUs  27m47.0s/45m0s  20.00 iters/s

running (27m48.0s), 007/098 VUs, 33291 complete and 0 interrupted iterations
readiness   [  62% ] 007/098 VUs  27m48.0s/45m0s  20.00 iters/s

running (27m49.0s), 006/098 VUs, 33312 complete and 0 interrupted iterations
readiness   [  62% ] 006/098 VUs  27m49.0s/45m0s  20.00 iters/s

running (27m50.0s), 006/098 VUs, 33332 complete and 0 interrupted iterations
readiness   [  62% ] 006/098 VUs  27m50.0s/45m0s  20.00 iters/s

running (27m51.0s), 006/098 VUs, 33352 complete and 0 interrupted iterations
readiness   [  62% ] 006/098 VUs  27m51.0s/45m0s  20.00 iters/s

running (27m52.0s), 009/098 VUs, 33369 complete and 0 interrupted iterations
readiness   [  62% ] 009/098 VUs  27m52.0s/45m0s  20.00 iters/s

running (27m53.0s), 007/098 VUs, 33391 complete and 0 interrupted iterations
readiness   [  62% ] 007/098 VUs  27m53.0s/45m0s  20.00 iters/s

running (27m54.0s), 008/098 VUs, 33410 complete and 0 interrupted iterations
readiness   [  62% ] 008/098 VUs  27m54.0s/45m0s  20.00 iters/s

running (27m55.0s), 006/098 VUs, 33432 complete and 0 interrupted iterations
readiness   [  62% ] 006/098 VUs  27m55.0s/45m0s  20.00 iters/s

running (27m56.0s), 006/098 VUs, 33452 complete and 0 interrupted iterations
readiness   [  62% ] 006/098 VUs  27m56.0s/45m0s  20.00 iters/s

running (27m57.0s), 007/098 VUs, 33471 complete and 0 interrupted iterations
readiness   [  62% ] 007/098 VUs  27m57.0s/45m0s  20.00 iters/s

running (27m58.0s), 006/098 VUs, 33492 complete and 0 interrupted iterations
readiness   [  62% ] 006/098 VUs  27m58.0s/45m0s  20.00 iters/s

running (27m59.0s), 006/098 VUs, 33512 complete and 0 interrupted iterations
readiness   [  62% ] 006/098 VUs  27m59.0s/45m0s  20.00 iters/s

running (28m00.0s), 006/098 VUs, 33532 complete and 0 interrupted iterations
readiness   [  62% ] 006/098 VUs  28m00.0s/45m0s  20.00 iters/s

running (28m01.0s), 007/098 VUs, 33551 complete and 0 interrupted iterations
readiness   [  62% ] 007/098 VUs  28m01.0s/45m0s  20.00 iters/s

running (28m02.0s), 006/098 VUs, 33572 complete and 0 interrupted iterations
readiness   [  62% ] 006/098 VUs  28m02.0s/45m0s  20.00 iters/s

running (28m03.0s), 006/098 VUs, 33592 complete and 0 interrupted iterations
readiness   [  62% ] 006/098 VUs  28m03.0s/45m0s  20.00 iters/s

running (28m04.0s), 006/098 VUs, 33612 complete and 0 interrupted iterations
readiness   [  62% ] 006/098 VUs  28m04.0s/45m0s  20.00 iters/s

running (28m05.0s), 006/098 VUs, 33632 complete and 0 interrupted iterations
readiness   [  62% ] 006/098 VUs  28m05.0s/45m0s  20.00 iters/s

running (28m06.0s), 007/098 VUs, 33651 complete and 0 interrupted iterations
readiness   [  62% ] 007/098 VUs  28m06.0s/45m0s  20.00 iters/s

running (28m07.0s), 006/098 VUs, 33672 complete and 0 interrupted iterations
readiness   [  62% ] 006/098 VUs  28m07.0s/45m0s  20.00 iters/s

running (28m08.0s), 006/098 VUs, 33692 complete and 0 interrupted iterations
readiness   [  63% ] 006/098 VUs  28m08.0s/45m0s  20.00 iters/s

running (28m09.0s), 007/098 VUs, 33711 complete and 0 interrupted iterations
readiness   [  63% ] 007/098 VUs  28m09.0s/45m0s  20.00 iters/s

running (28m10.0s), 006/098 VUs, 33732 complete and 0 interrupted iterations
readiness   [  63% ] 006/098 VUs  28m10.0s/45m0s  20.00 iters/s

running (28m11.0s), 006/098 VUs, 33752 complete and 0 interrupted iterations
readiness   [  63% ] 006/098 VUs  28m11.0s/45m0s  20.00 iters/s

running (28m12.0s), 006/098 VUs, 33772 complete and 0 interrupted iterations
readiness   [  63% ] 006/098 VUs  28m12.0s/45m0s  20.00 iters/s

running (28m13.0s), 006/098 VUs, 33792 complete and 0 interrupted iterations
readiness   [  63% ] 006/098 VUs  28m13.0s/45m0s  20.00 iters/s

running (28m14.0s), 006/098 VUs, 33812 complete and 0 interrupted iterations
readiness   [  63% ] 006/098 VUs  28m14.0s/45m0s  20.00 iters/s

running (28m15.0s), 006/098 VUs, 33832 complete and 0 interrupted iterations
readiness   [  63% ] 006/098 VUs  28m15.0s/45m0s  20.00 iters/s

running (28m16.0s), 006/098 VUs, 33852 complete and 0 interrupted iterations
readiness   [  63% ] 006/098 VUs  28m16.0s/45m0s  20.00 iters/s

running (28m17.0s), 006/098 VUs, 33872 complete and 0 interrupted iterations
readiness   [  63% ] 006/098 VUs  28m17.0s/45m0s  20.00 iters/s

running (28m18.0s), 006/098 VUs, 33892 complete and 0 interrupted iterations
readiness   [  63% ] 006/098 VUs  28m18.0s/45m0s  20.00 iters/s

running (28m19.0s), 007/098 VUs, 33911 complete and 0 interrupted iterations
readiness   [  63% ] 007/098 VUs  28m19.0s/45m0s  20.00 iters/s

running (28m20.0s), 006/098 VUs, 33932 complete and 0 interrupted iterations
readiness   [  63% ] 006/098 VUs  28m20.0s/45m0s  20.00 iters/s

running (28m21.0s), 006/098 VUs, 33952 complete and 0 interrupted iterations
readiness   [  63% ] 006/098 VUs  28m21.0s/45m0s  20.00 iters/s

running (28m22.0s), 006/098 VUs, 33972 complete and 0 interrupted iterations
readiness   [  63% ] 006/098 VUs  28m22.0s/45m0s  20.00 iters/s

running (28m23.0s), 006/098 VUs, 33992 complete and 0 interrupted iterations
readiness   [  63% ] 006/098 VUs  28m23.0s/45m0s  20.00 iters/s

running (28m24.0s), 006/098 VUs, 34012 complete and 0 interrupted iterations
readiness   [  63% ] 006/098 VUs  28m24.0s/45m0s  20.00 iters/s

running (28m25.0s), 007/098 VUs, 34031 complete and 0 interrupted iterations
readiness   [  63% ] 007/098 VUs  28m25.0s/45m0s  20.00 iters/s

running (28m26.0s), 006/098 VUs, 34052 complete and 0 interrupted iterations
readiness   [  63% ] 006/098 VUs  28m26.0s/45m0s  20.00 iters/s

running (28m27.0s), 006/098 VUs, 34072 complete and 0 interrupted iterations
readiness   [  63% ] 006/098 VUs  28m27.0s/45m0s  20.00 iters/s

running (28m28.0s), 006/098 VUs, 34092 complete and 0 interrupted iterations
readiness   [  63% ] 006/098 VUs  28m28.0s/45m0s  20.00 iters/s

running (28m29.0s), 006/098 VUs, 34112 complete and 0 interrupted iterations
readiness   [  63% ] 006/098 VUs  28m29.0s/45m0s  20.00 iters/s

running (28m30.0s), 006/098 VUs, 34132 complete and 0 interrupted iterations
readiness   [  63% ] 006/098 VUs  28m30.0s/45m0s  20.00 iters/s

running (28m31.0s), 006/098 VUs, 34152 complete and 0 interrupted iterations
readiness   [  63% ] 006/098 VUs  28m31.0s/45m0s  20.00 iters/s

running (28m32.0s), 008/098 VUs, 34170 complete and 0 interrupted iterations
readiness   [  63% ] 008/098 VUs  28m32.0s/45m0s  20.00 iters/s

running (28m33.0s), 006/098 VUs, 34192 complete and 0 interrupted iterations
readiness   [  63% ] 006/098 VUs  28m33.0s/45m0s  20.00 iters/s

running (28m34.0s), 006/098 VUs, 34212 complete and 0 interrupted iterations
readiness   [  63% ] 006/098 VUs  28m34.0s/45m0s  20.00 iters/s

running (28m35.0s), 007/098 VUs, 34231 complete and 0 interrupted iterations
readiness   [  64% ] 007/098 VUs  28m35.0s/45m0s  20.00 iters/s

running (28m36.0s), 006/098 VUs, 34252 complete and 0 interrupted iterations
readiness   [  64% ] 006/098 VUs  28m36.0s/45m0s  20.00 iters/s

running (28m37.0s), 007/098 VUs, 34271 complete and 0 interrupted iterations
readiness   [  64% ] 007/098 VUs  28m37.0s/45m0s  20.00 iters/s

running (28m38.0s), 006/098 VUs, 34292 complete and 0 interrupted iterations
readiness   [  64% ] 006/098 VUs  28m38.0s/45m0s  20.00 iters/s

running (28m39.0s), 006/098 VUs, 34312 complete and 0 interrupted iterations
readiness   [  64% ] 006/098 VUs  28m39.0s/45m0s  20.00 iters/s

running (28m40.0s), 006/098 VUs, 34332 complete and 0 interrupted iterations
readiness   [  64% ] 006/098 VUs  28m40.0s/45m0s  20.00 iters/s

running (28m41.0s), 006/098 VUs, 34352 complete and 0 interrupted iterations
readiness   [  64% ] 006/098 VUs  28m41.0s/45m0s  20.00 iters/s

running (28m42.0s), 006/098 VUs, 34372 complete and 0 interrupted iterations
readiness   [  64% ] 006/098 VUs  28m42.0s/45m0s  20.00 iters/s

running (28m43.0s), 007/098 VUs, 34391 complete and 0 interrupted iterations
readiness   [  64% ] 007/098 VUs  28m43.0s/45m0s  20.00 iters/s

running (28m44.0s), 006/098 VUs, 34412 complete and 0 interrupted iterations
readiness   [  64% ] 006/098 VUs  28m44.0s/45m0s  20.00 iters/s

running (28m45.0s), 006/098 VUs, 34432 complete and 0 interrupted iterations
readiness   [  64% ] 006/098 VUs  28m45.0s/45m0s  20.00 iters/s

running (28m46.0s), 006/098 VUs, 34452 complete and 0 interrupted iterations
readiness   [  64% ] 006/098 VUs  28m46.0s/45m0s  20.00 iters/s

running (28m47.0s), 006/098 VUs, 34472 complete and 0 interrupted iterations
readiness   [  64% ] 006/098 VUs  28m47.0s/45m0s  20.00 iters/s

running (28m48.0s), 006/098 VUs, 34492 complete and 0 interrupted iterations
readiness   [  64% ] 006/098 VUs  28m48.0s/45m0s  20.00 iters/s

running (28m49.0s), 006/098 VUs, 34512 complete and 0 interrupted iterations
readiness   [  64% ] 006/098 VUs  28m49.0s/45m0s  20.00 iters/s

running (28m50.0s), 006/098 VUs, 34532 complete and 0 interrupted iterations
readiness   [  64% ] 006/098 VUs  28m50.0s/45m0s  20.00 iters/s

running (28m51.0s), 006/098 VUs, 34552 complete and 0 interrupted iterations
readiness   [  64% ] 006/098 VUs  28m51.0s/45m0s  20.00 iters/s

running (28m52.0s), 009/098 VUs, 34569 complete and 0 interrupted iterations
readiness   [  64% ] 009/098 VUs  28m52.0s/45m0s  20.00 iters/s

running (28m53.0s), 007/098 VUs, 34591 complete and 0 interrupted iterations
readiness   [  64% ] 007/098 VUs  28m53.0s/45m0s  20.00 iters/s

running (28m54.0s), 007/098 VUs, 34611 complete and 0 interrupted iterations
readiness   [  64% ] 007/098 VUs  28m54.0s/45m0s  20.00 iters/s

running (28m55.0s), 006/098 VUs, 34632 complete and 0 interrupted iterations
readiness   [  64% ] 006/098 VUs  28m55.0s/45m0s  20.00 iters/s

running (28m56.0s), 006/098 VUs, 34652 complete and 0 interrupted iterations
readiness   [  64% ] 006/098 VUs  28m56.0s/45m0s  20.00 iters/s

running (28m57.0s), 007/098 VUs, 34671 complete and 0 interrupted iterations
readiness   [  64% ] 007/098 VUs  28m57.0s/45m0s  20.00 iters/s

running (28m58.0s), 006/098 VUs, 34692 complete and 0 interrupted iterations
readiness   [  64% ] 006/098 VUs  28m58.0s/45m0s  20.00 iters/s

running (28m59.0s), 006/098 VUs, 34712 complete and 0 interrupted iterations
readiness   [  64% ] 006/098 VUs  28m59.0s/45m0s  20.00 iters/s

running (29m00.0s), 006/098 VUs, 34732 complete and 0 interrupted iterations
readiness   [  64% ] 006/098 VUs  29m00.0s/45m0s  20.00 iters/s

running (29m01.0s), 006/098 VUs, 34752 complete and 0 interrupted iterations
readiness   [  64% ] 006/098 VUs  29m01.0s/45m0s  20.00 iters/s

running (29m02.0s), 006/098 VUs, 34772 complete and 0 interrupted iterations
readiness   [  65% ] 006/098 VUs  29m02.0s/45m0s  20.00 iters/s

running (29m03.0s), 006/098 VUs, 34792 complete and 0 interrupted iterations
readiness   [  65% ] 006/098 VUs  29m03.0s/45m0s  20.00 iters/s

running (29m04.0s), 006/098 VUs, 34812 complete and 0 interrupted iterations
readiness   [  65% ] 006/098 VUs  29m04.0s/45m0s  20.00 iters/s

running (29m05.0s), 006/098 VUs, 34832 complete and 0 interrupted iterations
readiness   [  65% ] 006/098 VUs  29m05.0s/45m0s  20.00 iters/s

running (29m06.0s), 007/098 VUs, 34851 complete and 0 interrupted iterations
readiness   [  65% ] 007/098 VUs  29m06.0s/45m0s  20.00 iters/s

running (29m07.0s), 007/098 VUs, 34871 complete and 0 interrupted iterations
readiness   [  65% ] 007/098 VUs  29m07.0s/45m0s  20.00 iters/s

running (29m08.0s), 007/098 VUs, 34891 complete and 0 interrupted iterations
readiness   [  65% ] 007/098 VUs  29m08.0s/45m0s  20.00 iters/s

running (29m09.0s), 006/098 VUs, 34912 complete and 0 interrupted iterations
readiness   [  65% ] 006/098 VUs  29m09.0s/45m0s  20.00 iters/s

running (29m10.0s), 006/098 VUs, 34932 complete and 0 interrupted iterations
readiness   [  65% ] 006/098 VUs  29m10.0s/45m0s  20.00 iters/s

running (29m11.0s), 006/098 VUs, 34952 complete and 0 interrupted iterations
readiness   [  65% ] 006/098 VUs  29m11.0s/45m0s  20.00 iters/s

running (29m12.0s), 006/098 VUs, 34972 complete and 0 interrupted iterations
readiness   [  65% ] 006/098 VUs  29m12.0s/45m0s  20.00 iters/s

running (29m13.0s), 006/098 VUs, 34992 complete and 0 interrupted iterations
readiness   [  65% ] 006/098 VUs  29m13.0s/45m0s  20.00 iters/s

running (29m14.0s), 006/098 VUs, 35012 complete and 0 interrupted iterations
readiness   [  65% ] 006/098 VUs  29m14.0s/45m0s  20.00 iters/s

running (29m15.0s), 007/098 VUs, 35031 complete and 0 interrupted iterations
readiness   [  65% ] 007/098 VUs  29m15.0s/45m0s  20.00 iters/s

running (29m16.0s), 007/098 VUs, 35051 complete and 0 interrupted iterations
readiness   [  65% ] 007/098 VUs  29m16.0s/45m0s  20.00 iters/s

running (29m17.0s), 006/098 VUs, 35072 complete and 0 interrupted iterations
readiness   [  65% ] 006/098 VUs  29m17.0s/45m0s  20.00 iters/s

running (29m18.0s), 006/098 VUs, 35092 complete and 0 interrupted iterations
readiness   [  65% ] 006/098 VUs  29m18.0s/45m0s  20.00 iters/s

running (29m19.0s), 006/098 VUs, 35112 complete and 0 interrupted iterations
readiness   [  65% ] 006/098 VUs  29m19.0s/45m0s  20.00 iters/s

running (29m20.0s), 006/098 VUs, 35132 complete and 0 interrupted iterations
readiness   [  65% ] 006/098 VUs  29m20.0s/45m0s  20.00 iters/s

running (29m21.0s), 006/098 VUs, 35152 complete and 0 interrupted iterations
readiness   [  65% ] 006/098 VUs  29m21.0s/45m0s  20.00 iters/s

running (29m22.0s), 006/098 VUs, 35172 complete and 0 interrupted iterations
readiness   [  65% ] 006/098 VUs  29m22.0s/45m0s  20.00 iters/s

running (29m23.0s), 006/098 VUs, 35192 complete and 0 interrupted iterations
readiness   [  65% ] 006/098 VUs  29m23.0s/45m0s  20.00 iters/s

running (29m24.0s), 006/098 VUs, 35212 complete and 0 interrupted iterations
readiness   [  65% ] 006/098 VUs  29m24.0s/45m0s  20.00 iters/s

running (29m25.0s), 006/098 VUs, 35232 complete and 0 interrupted iterations
readiness   [  65% ] 006/098 VUs  29m25.0s/45m0s  20.00 iters/s

running (29m26.0s), 007/098 VUs, 35251 complete and 0 interrupted iterations
readiness   [  65% ] 007/098 VUs  29m26.0s/45m0s  20.00 iters/s

running (29m27.0s), 006/098 VUs, 35272 complete and 0 interrupted iterations
readiness   [  65% ] 006/098 VUs  29m27.0s/45m0s  20.00 iters/s

running (29m28.0s), 006/098 VUs, 35292 complete and 0 interrupted iterations
readiness   [  65% ] 006/098 VUs  29m28.0s/45m0s  20.00 iters/s

running (29m29.0s), 006/098 VUs, 35312 complete and 0 interrupted iterations
readiness   [  66% ] 006/098 VUs  29m29.0s/45m0s  20.00 iters/s

running (29m30.0s), 006/098 VUs, 35332 complete and 0 interrupted iterations
readiness   [  66% ] 006/098 VUs  29m30.0s/45m0s  20.00 iters/s

running (29m31.0s), 006/098 VUs, 35352 complete and 0 interrupted iterations
readiness   [  66% ] 006/098 VUs  29m31.0s/45m0s  20.00 iters/s

running (29m32.0s), 007/098 VUs, 35371 complete and 0 interrupted iterations
readiness   [  66% ] 007/098 VUs  29m32.0s/45m0s  20.00 iters/s

running (29m33.0s), 006/098 VUs, 35392 complete and 0 interrupted iterations
readiness   [  66% ] 006/098 VUs  29m33.0s/45m0s  20.00 iters/s

running (29m34.0s), 006/098 VUs, 35412 complete and 0 interrupted iterations
readiness   [  66% ] 006/098 VUs  29m34.0s/45m0s  20.00 iters/s

running (29m35.0s), 006/098 VUs, 35432 complete and 0 interrupted iterations
readiness   [  66% ] 006/098 VUs  29m35.0s/45m0s  20.00 iters/s

running (29m36.0s), 006/098 VUs, 35452 complete and 0 interrupted iterations
readiness   [  66% ] 006/098 VUs  29m36.0s/45m0s  20.00 iters/s

running (29m37.0s), 007/098 VUs, 35471 complete and 0 interrupted iterations
readiness   [  66% ] 007/098 VUs  29m37.0s/45m0s  20.00 iters/s

running (29m38.0s), 006/098 VUs, 35492 complete and 0 interrupted iterations
readiness   [  66% ] 006/098 VUs  29m38.0s/45m0s  20.00 iters/s

running (29m39.0s), 006/098 VUs, 35512 complete and 0 interrupted iterations
readiness   [  66% ] 006/098 VUs  29m39.0s/45m0s  20.00 iters/s

running (29m40.0s), 007/098 VUs, 35531 complete and 0 interrupted iterations
readiness   [  66% ] 007/098 VUs  29m40.0s/45m0s  20.00 iters/s

running (29m41.0s), 006/098 VUs, 35552 complete and 0 interrupted iterations
readiness   [  66% ] 006/098 VUs  29m41.0s/45m0s  20.00 iters/s

running (29m42.0s), 007/098 VUs, 35571 complete and 0 interrupted iterations
readiness   [  66% ] 007/098 VUs  29m42.0s/45m0s  20.00 iters/s

running (29m43.0s), 006/098 VUs, 35592 complete and 0 interrupted iterations
readiness   [  66% ] 006/098 VUs  29m43.0s/45m0s  20.00 iters/s

running (29m44.0s), 006/098 VUs, 35612 complete and 0 interrupted iterations
readiness   [  66% ] 006/098 VUs  29m44.0s/45m0s  20.00 iters/s

running (29m45.0s), 006/098 VUs, 35632 complete and 0 interrupted iterations
readiness   [  66% ] 006/098 VUs  29m45.0s/45m0s  20.00 iters/s

running (29m46.0s), 006/098 VUs, 35652 complete and 0 interrupted iterations
readiness   [  66% ] 006/098 VUs  29m46.0s/45m0s  20.00 iters/s

running (29m47.0s), 006/098 VUs, 35672 complete and 0 interrupted iterations
readiness   [  66% ] 006/098 VUs  29m47.0s/45m0s  20.00 iters/s

running (29m48.0s), 006/098 VUs, 35692 complete and 0 interrupted iterations
readiness   [  66% ] 006/098 VUs  29m48.0s/45m0s  20.00 iters/s

running (29m49.0s), 006/098 VUs, 35712 complete and 0 interrupted iterations
readiness   [  66% ] 006/098 VUs  29m49.0s/45m0s  20.00 iters/s

running (29m50.0s), 006/098 VUs, 35732 complete and 0 interrupted iterations
readiness   [  66% ] 006/098 VUs  29m50.0s/45m0s  20.00 iters/s

running (29m51.0s), 006/098 VUs, 35752 complete and 0 interrupted iterations
readiness   [  66% ] 006/098 VUs  29m51.0s/45m0s  20.00 iters/s

running (29m52.0s), 009/098 VUs, 35769 complete and 0 interrupted iterations
readiness   [  66% ] 009/098 VUs  29m52.0s/45m0s  20.00 iters/s

running (29m53.0s), 007/098 VUs, 35791 complete and 0 interrupted iterations
readiness   [  66% ] 007/098 VUs  29m53.0s/45m0s  20.00 iters/s

running (29m54.0s), 007/098 VUs, 35811 complete and 0 interrupted iterations
readiness   [  66% ] 007/098 VUs  29m54.0s/45m0s  20.00 iters/s

running (29m55.0s), 006/098 VUs, 35832 complete and 0 interrupted iterations
readiness   [  66% ] 006/098 VUs  29m55.0s/45m0s  20.00 iters/s

running (29m56.0s), 008/098 VUs, 35850 complete and 0 interrupted iterations
readiness   [  67% ] 008/098 VUs  29m56.0s/45m0s  20.00 iters/s

running (29m57.0s), 006/098 VUs, 35872 complete and 0 interrupted iterations
readiness   [  67% ] 006/098 VUs  29m57.0s/45m0s  20.00 iters/s

running (29m58.0s), 006/098 VUs, 35892 complete and 0 interrupted iterations
readiness   [  67% ] 006/098 VUs  29m58.0s/45m0s  20.00 iters/s

running (29m59.0s), 006/098 VUs, 35912 complete and 0 interrupted iterations
readiness   [  67% ] 006/098 VUs  29m59.0s/45m0s  20.00 iters/s

running (30m00.0s), 006/098 VUs, 35932 complete and 0 interrupted iterations
readiness   [  67% ] 006/098 VUs  30m00.0s/45m0s  20.00 iters/s

running (30m01.0s), 006/098 VUs, 35952 complete and 0 interrupted iterations
readiness   [  67% ] 006/098 VUs  30m01.0s/45m0s  20.00 iters/s

running (30m02.0s), 006/098 VUs, 35972 complete and 0 interrupted iterations
readiness   [  67% ] 006/098 VUs  30m02.0s/45m0s  20.00 iters/s

running (30m03.0s), 006/098 VUs, 35992 complete and 0 interrupted iterations
readiness   [  67% ] 006/098 VUs  30m03.0s/45m0s  20.00 iters/s

running (30m04.0s), 007/098 VUs, 36011 complete and 0 interrupted iterations
readiness   [  67% ] 007/098 VUs  30m04.0s/45m0s  20.00 iters/s

running (30m05.0s), 007/098 VUs, 36031 complete and 0 interrupted iterations
readiness   [  67% ] 007/098 VUs  30m05.0s/45m0s  20.00 iters/s

running (30m06.0s), 006/098 VUs, 36052 complete and 0 interrupted iterations
readiness   [  67% ] 006/098 VUs  30m06.0s/45m0s  20.00 iters/s

running (30m07.0s), 006/098 VUs, 36072 complete and 0 interrupted iterations
readiness   [  67% ] 006/098 VUs  30m07.0s/45m0s  20.00 iters/s

running (30m08.0s), 006/098 VUs, 36092 complete and 0 interrupted iterations
readiness   [  67% ] 006/098 VUs  30m08.0s/45m0s  20.00 iters/s

running (30m09.0s), 006/098 VUs, 36112 complete and 0 interrupted iterations
readiness   [  67% ] 006/098 VUs  30m09.0s/45m0s  20.00 iters/s

running (30m10.0s), 006/098 VUs, 36132 complete and 0 interrupted iterations
readiness   [  67% ] 006/098 VUs  30m10.0s/45m0s  20.00 iters/s

running (30m11.0s), 006/098 VUs, 36152 complete and 0 interrupted iterations
readiness   [  67% ] 006/098 VUs  30m11.0s/45m0s  20.00 iters/s

running (30m12.0s), 006/098 VUs, 36172 complete and 0 interrupted iterations
readiness   [  67% ] 006/098 VUs  30m12.0s/45m0s  20.00 iters/s

running (30m13.0s), 007/098 VUs, 36191 complete and 0 interrupted iterations
readiness   [  67% ] 007/098 VUs  30m13.0s/45m0s  20.00 iters/s

running (30m14.0s), 006/098 VUs, 36212 complete and 0 interrupted iterations
readiness   [  67% ] 006/098 VUs  30m14.0s/45m0s  20.00 iters/s

running (30m15.0s), 007/098 VUs, 36231 complete and 0 interrupted iterations
readiness   [  67% ] 007/098 VUs  30m15.0s/45m0s  20.00 iters/s

running (30m16.0s), 006/098 VUs, 36252 complete and 0 interrupted iterations
readiness   [  67% ] 006/098 VUs  30m16.0s/45m0s  20.00 iters/s

running (30m17.1s), 010/098 VUs, 36269 complete and 0 interrupted iterations
readiness   [  67% ] 010/098 VUs  30m17.1s/45m0s  20.00 iters/s

running (30m18.0s), 006/098 VUs, 36292 complete and 0 interrupted iterations
readiness   [  67% ] 006/098 VUs  30m18.0s/45m0s  20.00 iters/s

running (30m19.0s), 006/098 VUs, 36312 complete and 0 interrupted iterations
readiness   [  67% ] 006/098 VUs  30m19.0s/45m0s  20.00 iters/s

running (30m20.0s), 006/098 VUs, 36332 complete and 0 interrupted iterations
readiness   [  67% ] 006/098 VUs  30m20.0s/45m0s  20.00 iters/s

running (30m21.0s), 007/098 VUs, 36351 complete and 0 interrupted iterations
readiness   [  67% ] 007/098 VUs  30m21.0s/45m0s  20.00 iters/s

running (30m22.0s), 006/098 VUs, 36372 complete and 0 interrupted iterations
readiness   [  67% ] 006/098 VUs  30m22.0s/45m0s  20.00 iters/s

running (30m23.0s), 006/098 VUs, 36392 complete and 0 interrupted iterations
readiness   [  68% ] 006/098 VUs  30m23.0s/45m0s  20.00 iters/s

running (30m24.0s), 006/098 VUs, 36412 complete and 0 interrupted iterations
readiness   [  68% ] 006/098 VUs  30m24.0s/45m0s  20.00 iters/s

running (30m25.0s), 006/098 VUs, 36432 complete and 0 interrupted iterations
readiness   [  68% ] 006/098 VUs  30m25.0s/45m0s  20.00 iters/s

running (30m26.0s), 006/098 VUs, 36452 complete and 0 interrupted iterations
readiness   [  68% ] 006/098 VUs  30m26.0s/45m0s  20.00 iters/s

running (30m27.0s), 006/098 VUs, 36472 complete and 0 interrupted iterations
readiness   [  68% ] 006/098 VUs  30m27.0s/45m0s  20.00 iters/s

running (30m28.0s), 006/098 VUs, 36492 complete and 0 interrupted iterations
readiness   [  68% ] 006/098 VUs  30m28.0s/45m0s  20.00 iters/s

running (30m29.0s), 007/098 VUs, 36511 complete and 0 interrupted iterations
readiness   [  68% ] 007/098 VUs  30m29.0s/45m0s  20.00 iters/s

running (30m30.0s), 006/098 VUs, 36532 complete and 0 interrupted iterations
readiness   [  68% ] 006/098 VUs  30m30.0s/45m0s  20.00 iters/s

running (30m31.0s), 006/098 VUs, 36552 complete and 0 interrupted iterations
readiness   [  68% ] 006/098 VUs  30m31.0s/45m0s  20.00 iters/s

running (30m32.0s), 006/098 VUs, 36572 complete and 0 interrupted iterations
readiness   [  68% ] 006/098 VUs  30m32.0s/45m0s  20.00 iters/s

running (30m33.0s), 006/098 VUs, 36592 complete and 0 interrupted iterations
readiness   [  68% ] 006/098 VUs  30m33.0s/45m0s  20.00 iters/s

running (30m34.0s), 006/098 VUs, 36612 complete and 0 interrupted iterations
readiness   [  68% ] 006/098 VUs  30m34.0s/45m0s  20.00 iters/s

running (30m35.0s), 007/098 VUs, 36631 complete and 0 interrupted iterations
readiness   [  68% ] 007/098 VUs  30m35.0s/45m0s  20.00 iters/s

running (30m36.0s), 006/098 VUs, 36652 complete and 0 interrupted iterations
readiness   [  68% ] 006/098 VUs  30m36.0s/45m0s  20.00 iters/s

running (30m37.0s), 006/098 VUs, 36672 complete and 0 interrupted iterations
readiness   [  68% ] 006/098 VUs  30m37.0s/45m0s  20.00 iters/s

running (30m38.0s), 006/098 VUs, 36692 complete and 0 interrupted iterations
readiness   [  68% ] 006/098 VUs  30m38.0s/45m0s  20.00 iters/s

running (30m39.0s), 006/098 VUs, 36712 complete and 0 interrupted iterations
readiness   [  68% ] 006/098 VUs  30m39.0s/45m0s  20.00 iters/s

running (30m40.0s), 006/098 VUs, 36732 complete and 0 interrupted iterations
readiness   [  68% ] 006/098 VUs  30m40.0s/45m0s  20.00 iters/s

running (30m41.0s), 006/098 VUs, 36752 complete and 0 interrupted iterations
readiness   [  68% ] 006/098 VUs  30m41.0s/45m0s  20.00 iters/s

running (30m42.0s), 006/098 VUs, 36772 complete and 0 interrupted iterations
readiness   [  68% ] 006/098 VUs  30m42.0s/45m0s  20.00 iters/s

running (30m43.0s), 006/098 VUs, 36792 complete and 0 interrupted iterations
readiness   [  68% ] 006/098 VUs  30m43.0s/45m0s  20.00 iters/s

running (30m44.0s), 006/098 VUs, 36812 complete and 0 interrupted iterations
readiness   [  68% ] 006/098 VUs  30m44.0s/45m0s  20.00 iters/s

running (30m45.0s), 006/098 VUs, 36832 complete and 0 interrupted iterations
readiness   [  68% ] 006/098 VUs  30m45.0s/45m0s  20.00 iters/s

running (30m46.0s), 007/098 VUs, 36851 complete and 0 interrupted iterations
readiness   [  68% ] 007/098 VUs  30m46.0s/45m0s  20.00 iters/s

running (30m47.0s), 006/098 VUs, 36872 complete and 0 interrupted iterations
readiness   [  68% ] 006/098 VUs  30m47.0s/45m0s  20.00 iters/s

running (30m48.0s), 006/098 VUs, 36892 complete and 0 interrupted iterations
readiness   [  68% ] 006/098 VUs  30m48.0s/45m0s  20.00 iters/s

running (30m49.0s), 006/098 VUs, 36912 complete and 0 interrupted iterations
readiness   [  68% ] 006/098 VUs  30m49.0s/45m0s  20.00 iters/s

running (30m50.0s), 006/098 VUs, 36932 complete and 0 interrupted iterations
readiness   [  69% ] 006/098 VUs  30m50.0s/45m0s  20.00 iters/s

running (30m51.0s), 006/098 VUs, 36952 complete and 0 interrupted iterations
readiness   [  69% ] 006/098 VUs  30m51.0s/45m0s  20.00 iters/s

running (30m52.0s), 009/098 VUs, 36969 complete and 0 interrupted iterations
readiness   [  69% ] 009/098 VUs  30m52.0s/45m0s  20.00 iters/s

running (30m53.0s), 007/098 VUs, 36991 complete and 0 interrupted iterations
readiness   [  69% ] 007/098 VUs  30m53.0s/45m0s  20.00 iters/s

running (30m54.0s), 008/098 VUs, 37010 complete and 0 interrupted iterations
readiness   [  69% ] 008/098 VUs  30m54.0s/45m0s  20.00 iters/s

running (30m55.0s), 007/098 VUs, 37031 complete and 0 interrupted iterations
readiness   [  69% ] 007/098 VUs  30m55.0s/45m0s  20.00 iters/s

running (30m56.0s), 007/098 VUs, 37051 complete and 0 interrupted iterations
readiness   [  69% ] 007/098 VUs  30m56.0s/45m0s  20.00 iters/s

running (30m57.0s), 006/098 VUs, 37072 complete and 0 interrupted iterations
readiness   [  69% ] 006/098 VUs  30m57.0s/45m0s  20.00 iters/s

running (30m58.0s), 006/098 VUs, 37092 complete and 0 interrupted iterations
readiness   [  69% ] 006/098 VUs  30m58.0s/45m0s  20.00 iters/s

running (30m59.0s), 006/098 VUs, 37112 complete and 0 interrupted iterations
readiness   [  69% ] 006/098 VUs  30m59.0s/45m0s  20.00 iters/s

running (31m00.0s), 006/098 VUs, 37132 complete and 0 interrupted iterations
readiness   [  69% ] 006/098 VUs  31m00.0s/45m0s  20.00 iters/s

running (31m01.0s), 006/098 VUs, 37152 complete and 0 interrupted iterations
readiness   [  69% ] 006/098 VUs  31m01.0s/45m0s  20.00 iters/s

running (31m02.0s), 007/098 VUs, 37171 complete and 0 interrupted iterations
readiness   [  69% ] 007/098 VUs  31m02.0s/45m0s  20.00 iters/s

running (31m03.0s), 006/098 VUs, 37192 complete and 0 interrupted iterations
readiness   [  69% ] 006/098 VUs  31m03.0s/45m0s  20.00 iters/s

running (31m04.0s), 007/098 VUs, 37211 complete and 0 interrupted iterations
readiness   [  69% ] 007/098 VUs  31m04.0s/45m0s  20.00 iters/s

running (31m05.0s), 006/098 VUs, 37232 complete and 0 interrupted iterations
readiness   [  69% ] 006/098 VUs  31m05.0s/45m0s  20.00 iters/s

running (31m06.0s), 007/098 VUs, 37251 complete and 0 interrupted iterations
readiness   [  69% ] 007/098 VUs  31m06.0s/45m0s  20.00 iters/s

running (31m07.0s), 006/098 VUs, 37272 complete and 0 interrupted iterations
readiness   [  69% ] 006/098 VUs  31m07.0s/45m0s  20.00 iters/s

running (31m08.0s), 006/098 VUs, 37292 complete and 0 interrupted iterations
readiness   [  69% ] 006/098 VUs  31m08.0s/45m0s  20.00 iters/s

running (31m09.0s), 006/098 VUs, 37312 complete and 0 interrupted iterations
readiness   [  69% ] 006/098 VUs  31m09.0s/45m0s  20.00 iters/s

running (31m10.0s), 007/098 VUs, 37331 complete and 0 interrupted iterations
readiness   [  69% ] 007/098 VUs  31m10.0s/45m0s  20.00 iters/s

running (31m11.0s), 006/098 VUs, 37352 complete and 0 interrupted iterations
readiness   [  69% ] 006/098 VUs  31m11.0s/45m0s  20.00 iters/s

running (31m12.0s), 006/098 VUs, 37372 complete and 0 interrupted iterations
readiness   [  69% ] 006/098 VUs  31m12.0s/45m0s  20.00 iters/s

running (31m13.0s), 006/098 VUs, 37392 complete and 0 interrupted iterations
readiness   [  69% ] 006/098 VUs  31m13.0s/45m0s  20.00 iters/s

running (31m14.0s), 006/098 VUs, 37412 complete and 0 interrupted iterations
readiness   [  69% ] 006/098 VUs  31m14.0s/45m0s  20.00 iters/s

running (31m15.0s), 006/098 VUs, 37432 complete and 0 interrupted iterations
readiness   [  69% ] 006/098 VUs  31m15.0s/45m0s  20.00 iters/s

running (31m16.0s), 006/098 VUs, 37452 complete and 0 interrupted iterations
readiness   [  69% ] 006/098 VUs  31m16.0s/45m0s  20.00 iters/s

running (31m17.0s), 006/098 VUs, 37472 complete and 0 interrupted iterations
readiness   [  70% ] 006/098 VUs  31m17.0s/45m0s  20.00 iters/s

running (31m18.0s), 007/098 VUs, 37491 complete and 0 interrupted iterations
readiness   [  70% ] 007/098 VUs  31m18.0s/45m0s  20.00 iters/s

running (31m19.0s), 006/098 VUs, 37512 complete and 0 interrupted iterations
readiness   [  70% ] 006/098 VUs  31m19.0s/45m0s  20.00 iters/s

running (31m20.0s), 006/098 VUs, 37532 complete and 0 interrupted iterations
readiness   [  70% ] 006/098 VUs  31m20.0s/45m0s  20.00 iters/s

running (31m21.0s), 006/098 VUs, 37552 complete and 0 interrupted iterations
readiness   [  70% ] 006/098 VUs  31m21.0s/45m0s  20.00 iters/s

running (31m22.0s), 006/098 VUs, 37572 complete and 0 interrupted iterations
readiness   [  70% ] 006/098 VUs  31m22.0s/45m0s  20.00 iters/s

running (31m23.0s), 007/098 VUs, 37591 complete and 0 interrupted iterations
readiness   [  70% ] 007/098 VUs  31m23.0s/45m0s  20.00 iters/s

running (31m24.0s), 006/098 VUs, 37612 complete and 0 interrupted iterations
readiness   [  70% ] 006/098 VUs  31m24.0s/45m0s  20.00 iters/s

running (31m25.0s), 006/098 VUs, 37632 complete and 0 interrupted iterations
readiness   [  70% ] 006/098 VUs  31m25.0s/45m0s  20.00 iters/s

running (31m26.0s), 006/098 VUs, 37652 complete and 0 interrupted iterations
readiness   [  70% ] 006/098 VUs  31m26.0s/45m0s  20.00 iters/s

running (31m27.0s), 007/098 VUs, 37671 complete and 0 interrupted iterations
readiness   [  70% ] 007/098 VUs  31m27.0s/45m0s  20.00 iters/s

running (31m28.0s), 006/098 VUs, 37692 complete and 0 interrupted iterations
readiness   [  70% ] 006/098 VUs  31m28.0s/45m0s  20.00 iters/s

running (31m29.0s), 006/098 VUs, 37712 complete and 0 interrupted iterations
readiness   [  70% ] 006/098 VUs  31m29.0s/45m0s  20.00 iters/s

running (31m30.0s), 006/098 VUs, 37732 complete and 0 interrupted iterations
readiness   [  70% ] 006/098 VUs  31m30.0s/45m0s  20.00 iters/s

running (31m31.0s), 006/098 VUs, 37752 complete and 0 interrupted iterations
readiness   [  70% ] 006/098 VUs  31m31.0s/45m0s  20.00 iters/s

running (31m32.0s), 007/098 VUs, 37771 complete and 0 interrupted iterations
readiness   [  70% ] 007/098 VUs  31m32.0s/45m0s  20.00 iters/s

running (31m33.0s), 006/098 VUs, 37792 complete and 0 interrupted iterations
readiness   [  70% ] 006/098 VUs  31m33.0s/45m0s  20.00 iters/s

running (31m34.0s), 006/098 VUs, 37812 complete and 0 interrupted iterations
readiness   [  70% ] 006/098 VUs  31m34.0s/45m0s  20.00 iters/s

running (31m35.0s), 007/098 VUs, 37831 complete and 0 interrupted iterations
readiness   [  70% ] 007/098 VUs  31m35.0s/45m0s  20.00 iters/s

running (31m36.0s), 006/098 VUs, 37852 complete and 0 interrupted iterations
readiness   [  70% ] 006/098 VUs  31m36.0s/45m0s  20.00 iters/s

running (31m37.0s), 006/098 VUs, 37872 complete and 0 interrupted iterations
readiness   [  70% ] 006/098 VUs  31m37.0s/45m0s  20.00 iters/s

running (31m38.0s), 006/098 VUs, 37892 complete and 0 interrupted iterations
readiness   [  70% ] 006/098 VUs  31m38.0s/45m0s  20.00 iters/s

running (31m39.0s), 006/098 VUs, 37912 complete and 0 interrupted iterations
readiness   [  70% ] 006/098 VUs  31m39.0s/45m0s  20.00 iters/s

running (31m40.0s), 006/098 VUs, 37932 complete and 0 interrupted iterations
readiness   [  70% ] 006/098 VUs  31m40.0s/45m0s  20.00 iters/s

running (31m41.0s), 006/098 VUs, 37952 complete and 0 interrupted iterations
readiness   [  70% ] 006/098 VUs  31m41.0s/45m0s  20.00 iters/s

running (31m42.0s), 007/098 VUs, 37971 complete and 0 interrupted iterations
readiness   [  70% ] 007/098 VUs  31m42.0s/45m0s  20.00 iters/s

running (31m43.0s), 006/098 VUs, 37992 complete and 0 interrupted iterations
readiness   [  70% ] 006/098 VUs  31m43.0s/45m0s  20.00 iters/s

running (31m44.0s), 006/098 VUs, 38012 complete and 0 interrupted iterations
readiness   [  71% ] 006/098 VUs  31m44.0s/45m0s  20.00 iters/s

running (31m45.0s), 006/098 VUs, 38032 complete and 0 interrupted iterations
readiness   [  71% ] 006/098 VUs  31m45.0s/45m0s  20.00 iters/s

running (31m46.0s), 006/098 VUs, 38052 complete and 0 interrupted iterations
readiness   [  71% ] 006/098 VUs  31m46.0s/45m0s  20.00 iters/s

running (31m47.0s), 006/098 VUs, 38072 complete and 0 interrupted iterations
readiness   [  71% ] 006/098 VUs  31m47.0s/45m0s  20.00 iters/s

running (31m48.0s), 006/098 VUs, 38092 complete and 0 interrupted iterations
readiness   [  71% ] 006/098 VUs  31m48.0s/45m0s  20.00 iters/s

running (31m49.0s), 008/098 VUs, 38110 complete and 0 interrupted iterations
readiness   [  71% ] 008/098 VUs  31m49.0s/45m0s  20.00 iters/s

running (31m50.0s), 006/098 VUs, 38132 complete and 0 interrupted iterations
readiness   [  71% ] 006/098 VUs  31m50.0s/45m0s  20.00 iters/s

running (31m51.0s), 011/098 VUs, 38147 complete and 0 interrupted iterations
readiness   [  71% ] 011/098 VUs  31m51.0s/45m0s  20.00 iters/s

running (31m52.0s), 010/098 VUs, 38169 complete and 0 interrupted iterations
readiness   [  71% ] 010/098 VUs  31m52.0s/45m0s  20.00 iters/s

running (31m53.0s), 007/098 VUs, 38191 complete and 0 interrupted iterations
readiness   [  71% ] 007/098 VUs  31m53.0s/45m0s  20.00 iters/s

running (31m54.0s), 013/098 VUs, 38205 complete and 0 interrupted iterations
readiness   [  71% ] 013/098 VUs  31m54.0s/45m0s  20.00 iters/s

running (31m55.0s), 009/098 VUs, 38229 complete and 0 interrupted iterations
readiness   [  71% ] 009/098 VUs  31m55.0s/45m0s  20.00 iters/s

running (31m56.0s), 008/098 VUs, 38250 complete and 0 interrupted iterations
readiness   [  71% ] 008/098 VUs  31m56.0s/45m0s  20.00 iters/s

running (31m57.0s), 007/098 VUs, 38271 complete and 0 interrupted iterations
readiness   [  71% ] 007/098 VUs  31m57.0s/45m0s  20.00 iters/s

running (31m58.0s), 006/098 VUs, 38293 complete and 0 interrupted iterations
readiness   [  71% ] 006/098 VUs  31m58.0s/45m0s  20.00 iters/s

running (31m59.0s), 008/098 VUs, 38310 complete and 0 interrupted iterations
readiness   [  71% ] 008/098 VUs  31m59.0s/45m0s  20.00 iters/s

running (32m00.0s), 009/098 VUs, 38329 complete and 0 interrupted iterations
readiness   [  71% ] 009/098 VUs  32m00.0s/45m0s  20.00 iters/s

running (32m01.0s), 009/098 VUs, 38349 complete and 0 interrupted iterations
readiness   [  71% ] 009/098 VUs  32m01.0s/45m0s  20.00 iters/s

running (32m02.0s), 006/098 VUs, 38372 complete and 0 interrupted iterations
readiness   [  71% ] 006/098 VUs  32m02.0s/45m0s  20.00 iters/s

running (32m03.0s), 006/098 VUs, 38392 complete and 0 interrupted iterations
readiness   [  71% ] 006/098 VUs  32m03.0s/45m0s  20.00 iters/s

running (32m04.0s), 006/098 VUs, 38412 complete and 0 interrupted iterations
readiness   [  71% ] 006/098 VUs  32m04.0s/45m0s  20.00 iters/s

running (32m05.0s), 006/098 VUs, 38432 complete and 0 interrupted iterations
readiness   [  71% ] 006/098 VUs  32m05.0s/45m0s  20.00 iters/s

running (32m06.0s), 006/098 VUs, 38452 complete and 0 interrupted iterations
readiness   [  71% ] 006/098 VUs  32m06.0s/45m0s  20.00 iters/s

running (32m07.0s), 006/098 VUs, 38472 complete and 0 interrupted iterations
readiness   [  71% ] 006/098 VUs  32m07.0s/45m0s  20.00 iters/s

running (32m08.0s), 006/098 VUs, 38492 complete and 0 interrupted iterations
readiness   [  71% ] 006/098 VUs  32m08.0s/45m0s  20.00 iters/s

running (32m09.0s), 006/098 VUs, 38512 complete and 0 interrupted iterations
readiness   [  71% ] 006/098 VUs  32m09.0s/45m0s  20.00 iters/s

running (32m10.0s), 006/098 VUs, 38532 complete and 0 interrupted iterations
readiness   [  71% ] 006/098 VUs  32m10.0s/45m0s  20.00 iters/s

running (32m11.0s), 006/098 VUs, 38552 complete and 0 interrupted iterations
readiness   [  72% ] 006/098 VUs  32m11.0s/45m0s  20.00 iters/s

running (32m12.0s), 006/098 VUs, 38572 complete and 0 interrupted iterations
readiness   [  72% ] 006/098 VUs  32m12.0s/45m0s  20.00 iters/s

running (32m13.0s), 007/098 VUs, 38591 complete and 0 interrupted iterations
readiness   [  72% ] 007/098 VUs  32m13.0s/45m0s  20.00 iters/s

running (32m14.0s), 006/098 VUs, 38612 complete and 0 interrupted iterations
readiness   [  72% ] 006/098 VUs  32m14.0s/45m0s  20.00 iters/s

running (32m15.0s), 006/098 VUs, 38632 complete and 0 interrupted iterations
readiness   [  72% ] 006/098 VUs  32m15.0s/45m0s  20.00 iters/s

running (32m16.0s), 006/098 VUs, 38652 complete and 0 interrupted iterations
readiness   [  72% ] 006/098 VUs  32m16.0s/45m0s  20.00 iters/s

running (32m17.0s), 006/098 VUs, 38672 complete and 0 interrupted iterations
readiness   [  72% ] 006/098 VUs  32m17.0s/45m0s  20.00 iters/s

running (32m18.0s), 006/098 VUs, 38692 complete and 0 interrupted iterations
readiness   [  72% ] 006/098 VUs  32m18.0s/45m0s  20.00 iters/s

running (32m19.0s), 006/098 VUs, 38712 complete and 0 interrupted iterations
readiness   [  72% ] 006/098 VUs  32m19.0s/45m0s  20.00 iters/s

running (32m20.0s), 006/098 VUs, 38732 complete and 0 interrupted iterations
readiness   [  72% ] 006/098 VUs  32m20.0s/45m0s  20.00 iters/s

running (32m21.0s), 006/098 VUs, 38752 complete and 0 interrupted iterations
readiness   [  72% ] 006/098 VUs  32m21.0s/45m0s  20.00 iters/s

running (32m22.0s), 006/098 VUs, 38772 complete and 0 interrupted iterations
readiness   [  72% ] 006/098 VUs  32m22.0s/45m0s  20.00 iters/s

running (32m23.0s), 007/098 VUs, 38791 complete and 0 interrupted iterations
readiness   [  72% ] 007/098 VUs  32m23.0s/45m0s  20.00 iters/s

running (32m24.0s), 006/098 VUs, 38812 complete and 0 interrupted iterations
readiness   [  72% ] 006/098 VUs  32m24.0s/45m0s  20.00 iters/s

running (32m25.0s), 014/098 VUs, 38825 complete and 0 interrupted iterations
readiness   [  72% ] 014/098 VUs  32m25.0s/45m0s  20.00 iters/s

running (32m26.0s), 023/098 VUs, 38835 complete and 0 interrupted iterations
readiness   [  72% ] 023/098 VUs  32m26.0s/45m0s  20.00 iters/s

running (32m27.0s), 042/098 VUs, 38835 complete and 0 interrupted iterations
readiness   [  72% ] 046/098 VUs  32m27.2s/45m0s  20.00 iters/s

running (32m28.3s), 054/098 VUs, 38839 complete and 0 interrupted iterations
readiness   [  72% ] 055/098 VUs  32m28.6s/45m0s  20.00 iters/s

running (32m31.2s), 098/098 VUs, 38846 complete and 0 interrupted iterations
readiness   [  72% ] 098/098 VUs  32m31.9s/45m0s  20.00 iters/s

running (32m32.6s), 098/098 VUs, 38847 complete and 0 interrupted iterations
readiness   [  72% ] 098/098 VUs  32m32.9s/45m0s  20.00 iters/s

running (32m32.9s), 098/098 VUs, 38848 complete and 0 interrupted iterations
readiness   [  72% ] 098/098 VUs  32m33.3s/45m0s  20.00 iters/s

running (32m33.9s), 098/098 VUs, 38850 complete and 0 interrupted iterations
readiness   [  72% ] 098/098 VUs  32m34.3s/45m0s  20.00 iters/s

running (32m35.5s), 098/098 VUs, 38850 complete and 0 interrupted iterations
readiness   [  72% ] 097/098 VUs  32m36.0s/45m0s  20.00 iters/s

running (32m35.8s), 097/098 VUs, 38851 complete and 0 interrupted iterations
readiness   [  72% ] 097/098 VUs  32m36.0s/45m0s  20.00 iters/s

running (32m36.8s), 007/099 VUs, 38965 complete and 0 interrupted iterations
readiness   [  72% ] 007/099 VUs  32m37.0s/45m0s  20.00 iters/s

running (32m37.8s), 006/099 VUs, 38986 complete and 0 interrupted iterations
readiness   [  73% ] 006/099 VUs  32m38.0s/45m0s  20.00 iters/s

running (32m38.8s), 006/099 VUs, 39006 complete and 0 interrupted iterations
readiness   [  73% ] 006/099 VUs  32m39.0s/45m0s  20.00 iters/s

running (32m39.8s), 006/099 VUs, 39026 complete and 0 interrupted iterations
readiness   [  73% ] 006/099 VUs  32m40.0s/45m0s  20.00 iters/s

running (32m40.8s), 007/099 VUs, 39045 complete and 0 interrupted iterations
readiness   [  73% ] 007/099 VUs  32m41.0s/45m0s  20.00 iters/s

running (32m41.8s), 007/099 VUs, 39065 complete and 0 interrupted iterations
readiness   [  73% ] 007/099 VUs  32m42.0s/45m0s  20.00 iters/s

running (32m42.8s), 006/099 VUs, 39086 complete and 0 interrupted iterations
readiness   [  73% ] 006/099 VUs  32m43.0s/45m0s  20.00 iters/s

running (32m43.8s), 006/099 VUs, 39106 complete and 0 interrupted iterations
readiness   [  73% ] 006/099 VUs  32m44.0s/45m0s  20.00 iters/s

running (32m44.8s), 007/099 VUs, 39125 complete and 0 interrupted iterations
readiness   [  73% ] 007/099 VUs  32m45.0s/45m0s  20.00 iters/s

running (32m45.8s), 006/099 VUs, 39146 complete and 0 interrupted iterations
readiness   [  73% ] 006/099 VUs  32m46.0s/45m0s  20.00 iters/s

running (32m46.8s), 006/099 VUs, 39166 complete and 0 interrupted iterations
readiness   [  73% ] 006/099 VUs  32m47.0s/45m0s  20.00 iters/s

running (32m47.8s), 007/099 VUs, 39185 complete and 0 interrupted iterations
readiness   [  73% ] 007/099 VUs  32m48.0s/45m0s  20.00 iters/s

running (32m48.8s), 006/099 VUs, 39206 complete and 0 interrupted iterations
readiness   [  73% ] 006/099 VUs  32m49.0s/45m0s  20.00 iters/s

running (32m49.8s), 006/099 VUs, 39226 complete and 0 interrupted iterations
readiness   [  73% ] 006/099 VUs  32m50.0s/45m0s  20.00 iters/s

running (32m50.8s), 006/099 VUs, 39246 complete and 0 interrupted iterations
readiness   [  73% ] 006/099 VUs  32m51.0s/45m0s  20.00 iters/s

running (32m51.8s), 009/099 VUs, 39263 complete and 0 interrupted iterations
readiness   [  73% ] 009/099 VUs  32m52.0s/45m0s  20.00 iters/s

running (32m52.8s), 006/099 VUs, 39286 complete and 0 interrupted iterations
readiness   [  73% ] 006/099 VUs  32m53.0s/45m0s  20.00 iters/s

running (32m53.8s), 008/099 VUs, 39304 complete and 0 interrupted iterations
readiness   [  73% ] 008/099 VUs  32m54.0s/45m0s  20.00 iters/s

running (32m54.8s), 006/099 VUs, 39326 complete and 0 interrupted iterations
readiness   [  73% ] 006/099 VUs  32m55.0s/45m0s  20.00 iters/s

running (32m55.8s), 006/099 VUs, 39346 complete and 0 interrupted iterations
readiness   [  73% ] 006/099 VUs  32m56.0s/45m0s  20.00 iters/s

running (32m56.8s), 007/099 VUs, 39365 complete and 0 interrupted iterations
readiness   [  73% ] 007/099 VUs  32m57.0s/45m0s  20.00 iters/s

running (32m57.8s), 006/099 VUs, 39386 complete and 0 interrupted iterations
readiness   [  73% ] 006/099 VUs  32m58.0s/45m0s  20.00 iters/s

running (32m58.8s), 006/099 VUs, 39406 complete and 0 interrupted iterations
readiness   [  73% ] 006/099 VUs  32m59.0s/45m0s  20.00 iters/s

running (32m59.8s), 006/099 VUs, 39426 complete and 0 interrupted iterations
readiness   [  73% ] 006/099 VUs  33m00.0s/45m0s  20.00 iters/s

running (33m01.0s), 006/099 VUs, 39446 complete and 0 interrupted iterations
readiness   [  73% ] 006/099 VUs  33m01.0s/45m0s  20.00 iters/s

running (33m02.0s), 006/099 VUs, 39466 complete and 0 interrupted iterations
readiness   [  73% ] 006/099 VUs  33m02.0s/45m0s  20.00 iters/s

running (33m03.0s), 006/099 VUs, 39486 complete and 0 interrupted iterations
readiness   [  73% ] 006/099 VUs  33m03.0s/45m0s  20.00 iters/s

running (33m04.0s), 006/099 VUs, 39506 complete and 0 interrupted iterations
readiness   [  73% ] 006/099 VUs  33m04.0s/45m0s  20.00 iters/s

running (33m05.0s), 006/099 VUs, 39526 complete and 0 interrupted iterations
readiness   [  74% ] 006/099 VUs  33m05.0s/45m0s  20.00 iters/s

running (33m06.0s), 006/099 VUs, 39546 complete and 0 interrupted iterations
readiness   [  74% ] 006/099 VUs  33m06.0s/45m0s  20.00 iters/s

running (33m07.0s), 006/099 VUs, 39566 complete and 0 interrupted iterations
readiness   [  74% ] 006/099 VUs  33m07.0s/45m0s  20.00 iters/s

running (33m08.0s), 006/099 VUs, 39586 complete and 0 interrupted iterations
readiness   [  74% ] 006/099 VUs  33m08.0s/45m0s  20.00 iters/s

running (33m09.0s), 006/099 VUs, 39606 complete and 0 interrupted iterations
readiness   [  74% ] 006/099 VUs  33m09.0s/45m0s  20.00 iters/s

running (33m10.0s), 006/099 VUs, 39626 complete and 0 interrupted iterations
readiness   [  74% ] 006/099 VUs  33m10.0s/45m0s  20.00 iters/s

running (33m11.0s), 006/099 VUs, 39646 complete and 0 interrupted iterations
readiness   [  74% ] 006/099 VUs  33m11.0s/45m0s  20.00 iters/s

running (33m12.0s), 007/099 VUs, 39665 complete and 0 interrupted iterations
readiness   [  74% ] 007/099 VUs  33m12.0s/45m0s  20.00 iters/s

running (33m13.0s), 006/099 VUs, 39686 complete and 0 interrupted iterations
readiness   [  74% ] 006/099 VUs  33m13.0s/45m0s  20.00 iters/s

running (33m14.0s), 006/099 VUs, 39706 complete and 0 interrupted iterations
readiness   [  74% ] 006/099 VUs  33m14.0s/45m0s  20.00 iters/s

running (33m15.0s), 006/099 VUs, 39726 complete and 0 interrupted iterations
readiness   [  74% ] 006/099 VUs  33m15.0s/45m0s  20.00 iters/s

running (33m16.0s), 006/099 VUs, 39746 complete and 0 interrupted iterations
readiness   [  74% ] 006/099 VUs  33m16.0s/45m0s  20.00 iters/s

running (33m17.0s), 007/099 VUs, 39765 complete and 0 interrupted iterations
readiness   [  74% ] 007/099 VUs  33m17.0s/45m0s  20.00 iters/s

running (33m18.0s), 007/099 VUs, 39785 complete and 0 interrupted iterations
readiness   [  74% ] 007/099 VUs  33m18.0s/45m0s  20.00 iters/s

running (33m19.0s), 007/099 VUs, 39805 complete and 0 interrupted iterations
readiness   [  74% ] 007/099 VUs  33m19.0s/45m0s  20.00 iters/s

running (33m20.0s), 006/099 VUs, 39826 complete and 0 interrupted iterations
readiness   [  74% ] 006/099 VUs  33m20.0s/45m0s  20.00 iters/s

running (33m21.0s), 006/099 VUs, 39846 complete and 0 interrupted iterations
readiness   [  74% ] 006/099 VUs  33m21.0s/45m0s  20.00 iters/s

running (33m22.0s), 006/099 VUs, 39866 complete and 0 interrupted iterations
readiness   [  74% ] 006/099 VUs  33m22.0s/45m0s  20.00 iters/s

running (33m23.0s), 006/099 VUs, 39886 complete and 0 interrupted iterations
readiness   [  74% ] 006/099 VUs  33m23.0s/45m0s  20.00 iters/s

running (33m24.0s), 006/099 VUs, 39906 complete and 0 interrupted iterations
readiness   [  74% ] 006/099 VUs  33m24.0s/45m0s  20.00 iters/s

running (33m25.0s), 006/099 VUs, 39926 complete and 0 interrupted iterations
readiness   [  74% ] 006/099 VUs  33m25.0s/45m0s  20.00 iters/s

running (33m26.0s), 006/099 VUs, 39946 complete and 0 interrupted iterations
readiness   [  74% ] 006/099 VUs  33m26.0s/45m0s  20.00 iters/s

running (33m27.0s), 006/099 VUs, 39966 complete and 0 interrupted iterations
readiness   [  74% ] 006/099 VUs  33m27.0s/45m0s  20.00 iters/s

running (33m28.0s), 006/099 VUs, 39986 complete and 0 interrupted iterations
readiness   [  74% ] 006/099 VUs  33m28.0s/45m0s  20.00 iters/s

running (33m29.0s), 006/099 VUs, 40006 complete and 0 interrupted iterations
readiness   [  74% ] 006/099 VUs  33m29.0s/45m0s  20.00 iters/s

running (33m30.0s), 006/099 VUs, 40026 complete and 0 interrupted iterations
readiness   [  74% ] 006/099 VUs  33m30.0s/45m0s  20.00 iters/s

running (33m31.0s), 006/099 VUs, 40046 complete and 0 interrupted iterations
readiness   [  74% ] 006/099 VUs  33m31.0s/45m0s  20.00 iters/s

running (33m32.0s), 006/099 VUs, 40066 complete and 0 interrupted iterations
readiness   [  75% ] 006/099 VUs  33m32.0s/45m0s  20.00 iters/s

running (33m33.0s), 006/099 VUs, 40086 complete and 0 interrupted iterations
readiness   [  75% ] 006/099 VUs  33m33.0s/45m0s  20.00 iters/s

running (33m34.0s), 006/099 VUs, 40106 complete and 0 interrupted iterations
readiness   [  75% ] 006/099 VUs  33m34.0s/45m0s  20.00 iters/s

running (33m35.0s), 006/099 VUs, 40126 complete and 0 interrupted iterations
readiness   [  75% ] 006/099 VUs  33m35.0s/45m0s  20.00 iters/s

running (33m36.0s), 006/099 VUs, 40146 complete and 0 interrupted iterations
readiness   [  75% ] 006/099 VUs  33m36.0s/45m0s  20.00 iters/s

running (33m37.0s), 006/099 VUs, 40166 complete and 0 interrupted iterations
readiness   [  75% ] 006/099 VUs  33m37.0s/45m0s  20.00 iters/s

running (33m38.0s), 006/099 VUs, 40186 complete and 0 interrupted iterations
readiness   [  75% ] 006/099 VUs  33m38.0s/45m0s  20.00 iters/s

running (33m39.0s), 006/099 VUs, 40206 complete and 0 interrupted iterations
readiness   [  75% ] 006/099 VUs  33m39.0s/45m0s  20.00 iters/s

running (33m40.0s), 006/099 VUs, 40226 complete and 0 interrupted iterations
readiness   [  75% ] 006/099 VUs  33m40.0s/45m0s  20.00 iters/s

running (33m41.0s), 006/099 VUs, 40246 complete and 0 interrupted iterations
readiness   [  75% ] 006/099 VUs  33m41.0s/45m0s  20.00 iters/s

running (33m42.0s), 006/099 VUs, 40266 complete and 0 interrupted iterations
readiness   [  75% ] 006/099 VUs  33m42.0s/45m0s  20.00 iters/s

running (33m43.0s), 006/099 VUs, 40286 complete and 0 interrupted iterations
readiness   [  75% ] 006/099 VUs  33m43.0s/45m0s  20.00 iters/s

running (33m44.0s), 006/099 VUs, 40306 complete and 0 interrupted iterations
readiness   [  75% ] 006/099 VUs  33m44.0s/45m0s  20.00 iters/s

running (33m45.0s), 008/099 VUs, 40324 complete and 0 interrupted iterations
readiness   [  75% ] 008/099 VUs  33m45.0s/45m0s  20.00 iters/s

running (33m46.0s), 006/099 VUs, 40346 complete and 0 interrupted iterations
readiness   [  75% ] 006/099 VUs  33m46.0s/45m0s  20.00 iters/s

running (33m47.0s), 007/099 VUs, 40365 complete and 0 interrupted iterations
readiness   [  75% ] 007/099 VUs  33m47.0s/45m0s  20.00 iters/s

running (33m48.0s), 006/099 VUs, 40386 complete and 0 interrupted iterations
readiness   [  75% ] 006/099 VUs  33m48.0s/45m0s  20.00 iters/s

running (33m49.0s), 006/099 VUs, 40406 complete and 0 interrupted iterations
readiness   [  75% ] 006/099 VUs  33m49.0s/45m0s  20.00 iters/s

running (33m50.0s), 009/099 VUs, 40423 complete and 0 interrupted iterations
readiness   [  75% ] 009/099 VUs  33m50.0s/45m0s  20.00 iters/s

running (33m51.0s), 006/099 VUs, 40446 complete and 0 interrupted iterations
readiness   [  75% ] 006/099 VUs  33m51.0s/45m0s  20.00 iters/s

running (33m52.0s), 009/099 VUs, 40463 complete and 0 interrupted iterations
readiness   [  75% ] 009/099 VUs  33m52.0s/45m0s  20.00 iters/s

running (33m53.0s), 006/099 VUs, 40486 complete and 0 interrupted iterations
readiness   [  75% ] 006/099 VUs  33m53.0s/45m0s  20.00 iters/s

running (33m54.0s), 007/099 VUs, 40505 complete and 0 interrupted iterations
readiness   [  75% ] 007/099 VUs  33m54.0s/45m0s  20.00 iters/s

running (33m55.0s), 006/099 VUs, 40526 complete and 0 interrupted iterations
readiness   [  75% ] 006/099 VUs  33m55.0s/45m0s  20.00 iters/s

running (33m56.0s), 007/099 VUs, 40545 complete and 0 interrupted iterations
readiness   [  75% ] 007/099 VUs  33m56.0s/45m0s  20.00 iters/s

running (33m57.0s), 006/099 VUs, 40566 complete and 0 interrupted iterations
readiness   [  75% ] 006/099 VUs  33m57.0s/45m0s  20.00 iters/s

running (33m58.0s), 006/099 VUs, 40586 complete and 0 interrupted iterations
readiness   [  75% ] 006/099 VUs  33m58.0s/45m0s  20.00 iters/s

running (33m59.0s), 006/099 VUs, 40606 complete and 0 interrupted iterations
readiness   [  76% ] 006/099 VUs  33m59.0s/45m0s  20.00 iters/s

running (34m00.0s), 006/099 VUs, 40626 complete and 0 interrupted iterations
readiness   [  76% ] 006/099 VUs  34m00.0s/45m0s  20.00 iters/s

running (34m01.0s), 006/099 VUs, 40646 complete and 0 interrupted iterations
readiness   [  76% ] 006/099 VUs  34m01.0s/45m0s  20.00 iters/s

running (34m02.0s), 006/099 VUs, 40666 complete and 0 interrupted iterations
readiness   [  76% ] 006/099 VUs  34m02.0s/45m0s  20.00 iters/s

running (34m03.0s), 006/099 VUs, 40686 complete and 0 interrupted iterations
readiness   [  76% ] 006/099 VUs  34m03.0s/45m0s  20.00 iters/s

running (34m04.0s), 006/099 VUs, 40706 complete and 0 interrupted iterations
readiness   [  76% ] 006/099 VUs  34m04.0s/45m0s  20.00 iters/s

running (34m05.0s), 006/099 VUs, 40726 complete and 0 interrupted iterations
readiness   [  76% ] 006/099 VUs  34m05.0s/45m0s  20.00 iters/s

running (34m06.0s), 006/099 VUs, 40746 complete and 0 interrupted iterations
readiness   [  76% ] 006/099 VUs  34m06.0s/45m0s  20.00 iters/s

running (34m07.0s), 006/099 VUs, 40766 complete and 0 interrupted iterations
readiness   [  76% ] 006/099 VUs  34m07.0s/45m0s  20.00 iters/s

running (34m08.0s), 006/099 VUs, 40786 complete and 0 interrupted iterations
readiness   [  76% ] 006/099 VUs  34m08.0s/45m0s  20.00 iters/s

running (34m09.0s), 006/099 VUs, 40806 complete and 0 interrupted iterations
readiness   [  76% ] 006/099 VUs  34m09.0s/45m0s  20.00 iters/s

running (34m10.0s), 006/099 VUs, 40826 complete and 0 interrupted iterations
readiness   [  76% ] 006/099 VUs  34m10.0s/45m0s  20.00 iters/s

running (34m11.0s), 006/099 VUs, 40846 complete and 0 interrupted iterations
readiness   [  76% ] 006/099 VUs  34m11.0s/45m0s  20.00 iters/s

running (34m12.0s), 006/099 VUs, 40866 complete and 0 interrupted iterations
readiness   [  76% ] 006/099 VUs  34m12.0s/45m0s  20.00 iters/s

running (34m13.0s), 006/099 VUs, 40886 complete and 0 interrupted iterations
readiness   [  76% ] 006/099 VUs  34m13.0s/45m0s  20.00 iters/s

running (34m14.0s), 006/099 VUs, 40906 complete and 0 interrupted iterations
readiness   [  76% ] 006/099 VUs  34m14.0s/45m0s  20.00 iters/s

running (34m15.0s), 006/099 VUs, 40926 complete and 0 interrupted iterations
readiness   [  76% ] 006/099 VUs  34m15.0s/45m0s  20.00 iters/s

running (34m16.0s), 006/099 VUs, 40946 complete and 0 interrupted iterations
readiness   [  76% ] 006/099 VUs  34m16.0s/45m0s  20.00 iters/s

running (34m17.0s), 006/099 VUs, 40966 complete and 0 interrupted iterations
readiness   [  76% ] 006/099 VUs  34m17.0s/45m0s  20.00 iters/s

running (34m18.0s), 006/099 VUs, 40986 complete and 0 interrupted iterations
readiness   [  76% ] 006/099 VUs  34m18.0s/45m0s  20.00 iters/s

running (34m19.0s), 006/099 VUs, 41006 complete and 0 interrupted iterations
readiness   [  76% ] 006/099 VUs  34m19.0s/45m0s  20.00 iters/s

running (34m20.0s), 006/099 VUs, 41026 complete and 0 interrupted iterations
readiness   [  76% ] 006/099 VUs  34m20.0s/45m0s  20.00 iters/s

running (34m21.0s), 006/099 VUs, 41046 complete and 0 interrupted iterations
readiness   [  76% ] 006/099 VUs  34m21.0s/45m0s  20.00 iters/s

running (34m22.0s), 006/099 VUs, 41066 complete and 0 interrupted iterations
readiness   [  76% ] 006/099 VUs  34m22.0s/45m0s  20.00 iters/s

running (34m23.0s), 006/099 VUs, 41086 complete and 0 interrupted iterations
readiness   [  76% ] 006/099 VUs  34m23.0s/45m0s  20.00 iters/s

running (34m24.0s), 007/099 VUs, 41105 complete and 0 interrupted iterations
readiness   [  76% ] 007/099 VUs  34m24.0s/45m0s  20.00 iters/s

running (34m25.0s), 006/099 VUs, 41126 complete and 0 interrupted iterations
readiness   [  76% ] 006/099 VUs  34m25.0s/45m0s  20.00 iters/s

running (34m26.0s), 006/099 VUs, 41146 complete and 0 interrupted iterations
readiness   [  77% ] 006/099 VUs  34m26.0s/45m0s  20.00 iters/s

running (34m27.0s), 007/099 VUs, 41165 complete and 0 interrupted iterations
readiness   [  77% ] 007/099 VUs  34m27.0s/45m0s  20.00 iters/s

running (34m28.0s), 006/099 VUs, 41186 complete and 0 interrupted iterations
readiness   [  77% ] 006/099 VUs  34m28.0s/45m0s  20.00 iters/s

running (34m29.0s), 006/099 VUs, 41206 complete and 0 interrupted iterations
readiness   [  77% ] 006/099 VUs  34m29.0s/45m0s  20.00 iters/s

running (34m30.0s), 007/099 VUs, 41225 complete and 0 interrupted iterations
readiness   [  77% ] 007/099 VUs  34m30.0s/45m0s  20.00 iters/s

running (34m31.0s), 006/099 VUs, 41246 complete and 0 interrupted iterations
readiness   [  77% ] 006/099 VUs  34m31.0s/45m0s  20.00 iters/s

running (34m32.0s), 006/099 VUs, 41266 complete and 0 interrupted iterations
readiness   [  77% ] 006/099 VUs  34m32.0s/45m0s  20.00 iters/s

running (34m33.0s), 006/099 VUs, 41286 complete and 0 interrupted iterations
readiness   [  77% ] 006/099 VUs  34m33.0s/45m0s  20.00 iters/s

running (34m34.0s), 006/099 VUs, 41306 complete and 0 interrupted iterations
readiness   [  77% ] 006/099 VUs  34m34.0s/45m0s  20.00 iters/s

running (34m35.0s), 006/099 VUs, 41326 complete and 0 interrupted iterations
readiness   [  77% ] 006/099 VUs  34m35.0s/45m0s  20.00 iters/s

running (34m36.0s), 006/099 VUs, 41346 complete and 0 interrupted iterations
readiness   [  77% ] 006/099 VUs  34m36.0s/45m0s  20.00 iters/s

running (34m37.0s), 007/099 VUs, 41365 complete and 0 interrupted iterations
readiness   [  77% ] 007/099 VUs  34m37.0s/45m0s  20.00 iters/s

running (34m38.0s), 006/099 VUs, 41386 complete and 0 interrupted iterations
readiness   [  77% ] 006/099 VUs  34m38.0s/45m0s  20.00 iters/s

running (34m39.0s), 007/099 VUs, 41405 complete and 0 interrupted iterations
readiness   [  77% ] 007/099 VUs  34m39.0s/45m0s  20.00 iters/s

running (34m40.0s), 006/099 VUs, 41426 complete and 0 interrupted iterations
readiness   [  77% ] 006/099 VUs  34m40.0s/45m0s  20.00 iters/s

running (34m41.0s), 006/099 VUs, 41446 complete and 0 interrupted iterations
readiness   [  77% ] 006/099 VUs  34m41.0s/45m0s  20.00 iters/s

running (34m42.0s), 006/099 VUs, 41466 complete and 0 interrupted iterations
readiness   [  77% ] 006/099 VUs  34m42.0s/45m0s  20.00 iters/s

running (34m43.0s), 006/099 VUs, 41486 complete and 0 interrupted iterations
readiness   [  77% ] 006/099 VUs  34m43.0s/45m0s  20.00 iters/s

running (34m44.0s), 007/099 VUs, 41505 complete and 0 interrupted iterations
readiness   [  77% ] 007/099 VUs  34m44.0s/45m0s  20.00 iters/s

running (34m45.0s), 006/099 VUs, 41526 complete and 0 interrupted iterations
readiness   [  77% ] 006/099 VUs  34m45.0s/45m0s  20.00 iters/s

running (34m46.0s), 007/099 VUs, 41545 complete and 0 interrupted iterations
readiness   [  77% ] 007/099 VUs  34m46.0s/45m0s  20.00 iters/s

running (34m47.0s), 006/099 VUs, 41566 complete and 0 interrupted iterations
readiness   [  77% ] 006/099 VUs  34m47.0s/45m0s  20.00 iters/s

running (34m48.0s), 006/099 VUs, 41586 complete and 0 interrupted iterations
readiness   [  77% ] 006/099 VUs  34m48.0s/45m0s  20.00 iters/s

running (34m49.0s), 006/099 VUs, 41606 complete and 0 interrupted iterations
readiness   [  77% ] 006/099 VUs  34m49.0s/45m0s  20.00 iters/s

running (34m50.0s), 006/099 VUs, 41626 complete and 0 interrupted iterations
readiness   [  77% ] 006/099 VUs  34m50.0s/45m0s  20.00 iters/s

running (34m51.0s), 007/099 VUs, 41645 complete and 0 interrupted iterations
readiness   [  77% ] 007/099 VUs  34m51.0s/45m0s  20.00 iters/s

running (34m52.0s), 009/099 VUs, 41663 complete and 0 interrupted iterations
readiness   [  77% ] 009/099 VUs  34m52.0s/45m0s  20.00 iters/s

running (34m53.0s), 007/099 VUs, 41685 complete and 0 interrupted iterations
readiness   [  78% ] 007/099 VUs  34m53.0s/45m0s  20.00 iters/s

running (34m54.0s), 008/099 VUs, 41704 complete and 0 interrupted iterations
readiness   [  78% ] 008/099 VUs  34m54.0s/45m0s  20.00 iters/s

running (34m55.0s), 006/099 VUs, 41726 complete and 0 interrupted iterations
readiness   [  78% ] 006/099 VUs  34m55.0s/45m0s  20.00 iters/s

running (34m56.0s), 007/099 VUs, 41745 complete and 0 interrupted iterations
readiness   [  78% ] 007/099 VUs  34m56.0s/45m0s  20.00 iters/s

running (34m57.0s), 006/099 VUs, 41766 complete and 0 interrupted iterations
readiness   [  78% ] 006/099 VUs  34m57.0s/45m0s  20.00 iters/s

running (34m58.0s), 007/099 VUs, 41785 complete and 0 interrupted iterations
readiness   [  78% ] 007/099 VUs  34m58.0s/45m0s  20.00 iters/s

running (34m59.0s), 006/099 VUs, 41806 complete and 0 interrupted iterations
readiness   [  78% ] 006/099 VUs  34m59.0s/45m0s  20.00 iters/s

running (35m00.0s), 006/099 VUs, 41826 complete and 0 interrupted iterations
readiness   [  78% ] 006/099 VUs  35m00.0s/45m0s  20.00 iters/s

running (35m01.0s), 006/099 VUs, 41846 complete and 0 interrupted iterations
readiness   [  78% ] 006/099 VUs  35m01.0s/45m0s  20.00 iters/s

running (35m02.0s), 006/099 VUs, 41866 complete and 0 interrupted iterations
readiness   [  78% ] 006/099 VUs  35m02.0s/45m0s  20.00 iters/s

running (35m03.0s), 006/099 VUs, 41886 complete and 0 interrupted iterations
readiness   [  78% ] 006/099 VUs  35m03.0s/45m0s  20.00 iters/s

running (35m04.0s), 006/099 VUs, 41906 complete and 0 interrupted iterations
readiness   [  78% ] 006/099 VUs  35m04.0s/45m0s  20.00 iters/s

running (35m05.0s), 006/099 VUs, 41926 complete and 0 interrupted iterations
readiness   [  78% ] 006/099 VUs  35m05.0s/45m0s  20.00 iters/s

running (35m06.0s), 006/099 VUs, 41946 complete and 0 interrupted iterations
readiness   [  78% ] 006/099 VUs  35m06.0s/45m0s  20.00 iters/s

running (35m07.0s), 006/099 VUs, 41966 complete and 0 interrupted iterations
readiness   [  78% ] 006/099 VUs  35m07.0s/45m0s  20.00 iters/s

running (35m08.0s), 006/099 VUs, 41986 complete and 0 interrupted iterations
readiness   [  78% ] 006/099 VUs  35m08.0s/45m0s  20.00 iters/s

running (35m09.0s), 006/099 VUs, 42006 complete and 0 interrupted iterations
readiness   [  78% ] 006/099 VUs  35m09.0s/45m0s  20.00 iters/s

running (35m10.0s), 006/099 VUs, 42026 complete and 0 interrupted iterations
readiness   [  78% ] 006/099 VUs  35m10.0s/45m0s  20.00 iters/s

running (35m11.0s), 006/099 VUs, 42046 complete and 0 interrupted iterations
readiness   [  78% ] 006/099 VUs  35m11.0s/45m0s  20.00 iters/s

running (35m12.0s), 006/099 VUs, 42066 complete and 0 interrupted iterations
readiness   [  78% ] 006/099 VUs  35m12.0s/45m0s  20.00 iters/s

running (35m13.0s), 006/099 VUs, 42086 complete and 0 interrupted iterations
readiness   [  78% ] 006/099 VUs  35m13.0s/45m0s  20.00 iters/s

running (35m14.0s), 006/099 VUs, 42106 complete and 0 interrupted iterations
readiness   [  78% ] 006/099 VUs  35m14.0s/45m0s  20.00 iters/s

running (35m15.0s), 006/099 VUs, 42126 complete and 0 interrupted iterations
readiness   [  78% ] 006/099 VUs  35m15.0s/45m0s  20.00 iters/s

running (35m16.0s), 006/099 VUs, 42146 complete and 0 interrupted iterations
readiness   [  78% ] 006/099 VUs  35m16.0s/45m0s  20.00 iters/s

running (35m17.0s), 006/099 VUs, 42166 complete and 0 interrupted iterations
readiness   [  78% ] 006/099 VUs  35m17.0s/45m0s  20.00 iters/s

running (35m18.0s), 006/099 VUs, 42186 complete and 0 interrupted iterations
readiness   [  78% ] 006/099 VUs  35m18.0s/45m0s  20.00 iters/s

running (35m19.0s), 006/099 VUs, 42206 complete and 0 interrupted iterations
readiness   [  78% ] 006/099 VUs  35m19.0s/45m0s  20.00 iters/s

running (35m20.0s), 006/099 VUs, 42226 complete and 0 interrupted iterations
readiness   [  79% ] 006/099 VUs  35m20.0s/45m0s  20.00 iters/s

running (35m21.0s), 006/099 VUs, 42246 complete and 0 interrupted iterations
readiness   [  79% ] 006/099 VUs  35m21.0s/45m0s  20.00 iters/s

running (35m22.0s), 006/099 VUs, 42266 complete and 0 interrupted iterations
readiness   [  79% ] 006/099 VUs  35m22.0s/45m0s  20.00 iters/s

running (35m23.0s), 006/099 VUs, 42286 complete and 0 interrupted iterations
readiness   [  79% ] 006/099 VUs  35m23.0s/45m0s  20.00 iters/s

running (35m24.0s), 006/099 VUs, 42306 complete and 0 interrupted iterations
readiness   [  79% ] 006/099 VUs  35m24.0s/45m0s  20.00 iters/s

running (35m25.0s), 006/099 VUs, 42326 complete and 0 interrupted iterations
readiness   [  79% ] 006/099 VUs  35m25.0s/45m0s  20.00 iters/s

running (35m26.0s), 006/099 VUs, 42346 complete and 0 interrupted iterations
readiness   [  79% ] 006/099 VUs  35m26.0s/45m0s  20.00 iters/s

running (35m27.0s), 006/099 VUs, 42366 complete and 0 interrupted iterations
readiness   [  79% ] 006/099 VUs  35m27.0s/45m0s  20.00 iters/s

running (35m28.0s), 006/099 VUs, 42386 complete and 0 interrupted iterations
readiness   [  79% ] 006/099 VUs  35m28.0s/45m0s  20.00 iters/s

running (35m29.0s), 006/099 VUs, 42406 complete and 0 interrupted iterations
readiness   [  79% ] 006/099 VUs  35m29.0s/45m0s  20.00 iters/s

running (35m30.0s), 006/099 VUs, 42426 complete and 0 interrupted iterations
readiness   [  79% ] 006/099 VUs  35m30.0s/45m0s  20.00 iters/s

running (35m31.0s), 006/099 VUs, 42446 complete and 0 interrupted iterations
readiness   [  79% ] 006/099 VUs  35m31.0s/45m0s  20.00 iters/s

running (35m32.0s), 006/099 VUs, 42466 complete and 0 interrupted iterations
readiness   [  79% ] 006/099 VUs  35m32.0s/45m0s  20.00 iters/s

running (35m33.0s), 006/099 VUs, 42486 complete and 0 interrupted iterations
readiness   [  79% ] 006/099 VUs  35m33.0s/45m0s  20.00 iters/s

running (35m34.0s), 006/099 VUs, 42506 complete and 0 interrupted iterations
readiness   [  79% ] 006/099 VUs  35m34.0s/45m0s  20.00 iters/s

running (35m35.0s), 007/099 VUs, 42525 complete and 0 interrupted iterations
readiness   [  79% ] 007/099 VUs  35m35.0s/45m0s  20.00 iters/s

running (35m36.0s), 006/099 VUs, 42546 complete and 0 interrupted iterations
readiness   [  79% ] 006/099 VUs  35m36.0s/45m0s  20.00 iters/s

running (35m37.0s), 006/099 VUs, 42566 complete and 0 interrupted iterations
readiness   [  79% ] 006/099 VUs  35m37.0s/45m0s  20.00 iters/s

running (35m38.0s), 006/099 VUs, 42586 complete and 0 interrupted iterations
readiness   [  79% ] 006/099 VUs  35m38.0s/45m0s  20.00 iters/s

running (35m39.0s), 006/099 VUs, 42606 complete and 0 interrupted iterations
readiness   [  79% ] 006/099 VUs  35m39.0s/45m0s  20.00 iters/s

running (35m40.0s), 006/099 VUs, 42626 complete and 0 interrupted iterations
readiness   [  79% ] 006/099 VUs  35m40.0s/45m0s  20.00 iters/s

running (35m41.0s), 006/099 VUs, 42646 complete and 0 interrupted iterations
readiness   [  79% ] 006/099 VUs  35m41.0s/45m0s  20.00 iters/s

running (35m42.0s), 006/099 VUs, 42666 complete and 0 interrupted iterations
readiness   [  79% ] 006/099 VUs  35m42.0s/45m0s  20.00 iters/s

running (35m43.0s), 007/099 VUs, 42685 complete and 0 interrupted iterations
readiness   [  79% ] 007/099 VUs  35m43.0s/45m0s  20.00 iters/s

running (35m44.0s), 006/099 VUs, 42706 complete and 0 interrupted iterations
readiness   [  79% ] 006/099 VUs  35m44.0s/45m0s  20.00 iters/s

running (35m45.0s), 006/099 VUs, 42726 complete and 0 interrupted iterations
readiness   [  79% ] 006/099 VUs  35m45.0s/45m0s  20.00 iters/s

running (35m46.0s), 006/099 VUs, 42746 complete and 0 interrupted iterations
readiness   [  79% ] 006/099 VUs  35m46.0s/45m0s  20.00 iters/s

running (35m47.0s), 006/099 VUs, 42766 complete and 0 interrupted iterations
readiness   [  80% ] 006/099 VUs  35m47.0s/45m0s  20.00 iters/s

running (35m48.0s), 006/099 VUs, 42786 complete and 0 interrupted iterations
readiness   [  80% ] 006/099 VUs  35m48.0s/45m0s  20.00 iters/s

running (35m49.0s), 006/099 VUs, 42806 complete and 0 interrupted iterations
readiness   [  80% ] 006/099 VUs  35m49.0s/45m0s  20.00 iters/s

running (35m50.0s), 006/099 VUs, 42826 complete and 0 interrupted iterations
readiness   [  80% ] 006/099 VUs  35m50.0s/45m0s  20.00 iters/s

running (35m51.0s), 006/099 VUs, 42846 complete and 0 interrupted iterations
readiness   [  80% ] 006/099 VUs  35m51.0s/45m0s  20.00 iters/s

running (35m52.0s), 009/099 VUs, 42863 complete and 0 interrupted iterations
readiness   [  80% ] 009/099 VUs  35m52.0s/45m0s  20.00 iters/s

running (35m53.0s), 007/099 VUs, 42885 complete and 0 interrupted iterations
readiness   [  80% ] 007/099 VUs  35m53.0s/45m0s  20.00 iters/s

running (35m54.0s), 007/099 VUs, 42905 complete and 0 interrupted iterations
readiness   [  80% ] 007/099 VUs  35m54.0s/45m0s  20.00 iters/s

running (35m55.0s), 007/099 VUs, 42925 complete and 0 interrupted iterations
readiness   [  80% ] 007/099 VUs  35m55.0s/45m0s  20.00 iters/s

running (35m56.0s), 006/099 VUs, 42946 complete and 0 interrupted iterations
readiness   [  80% ] 006/099 VUs  35m56.0s/45m0s  20.00 iters/s

running (35m57.0s), 006/099 VUs, 42966 complete and 0 interrupted iterations
readiness   [  80% ] 006/099 VUs  35m57.0s/45m0s  20.00 iters/s

running (35m58.0s), 006/099 VUs, 42986 complete and 0 interrupted iterations
readiness   [  80% ] 006/099 VUs  35m58.0s/45m0s  20.00 iters/s

running (35m59.0s), 006/099 VUs, 43006 complete and 0 interrupted iterations
readiness   [  80% ] 006/099 VUs  35m59.0s/45m0s  20.00 iters/s

running (36m00.0s), 007/099 VUs, 43025 complete and 0 interrupted iterations
readiness   [  80% ] 007/099 VUs  36m00.0s/45m0s  20.00 iters/s

running (36m01.0s), 006/099 VUs, 43046 complete and 0 interrupted iterations
readiness   [  80% ] 006/099 VUs  36m01.0s/45m0s  20.00 iters/s

running (36m02.0s), 006/099 VUs, 43066 complete and 0 interrupted iterations
readiness   [  80% ] 006/099 VUs  36m02.0s/45m0s  20.00 iters/s

running (36m03.0s), 006/099 VUs, 43086 complete and 0 interrupted iterations
readiness   [  80% ] 006/099 VUs  36m03.0s/45m0s  20.00 iters/s

running (36m04.0s), 006/099 VUs, 43106 complete and 0 interrupted iterations
readiness   [  80% ] 006/099 VUs  36m04.0s/45m0s  20.00 iters/s

running (36m05.0s), 006/099 VUs, 43126 complete and 0 interrupted iterations
readiness   [  80% ] 006/099 VUs  36m05.0s/45m0s  20.00 iters/s

running (36m06.0s), 006/099 VUs, 43146 complete and 0 interrupted iterations
readiness   [  80% ] 006/099 VUs  36m06.0s/45m0s  20.00 iters/s

running (36m07.0s), 006/099 VUs, 43166 complete and 0 interrupted iterations
readiness   [  80% ] 006/099 VUs  36m07.0s/45m0s  20.00 iters/s

running (36m08.0s), 007/099 VUs, 43185 complete and 0 interrupted iterations
readiness   [  80% ] 007/099 VUs  36m08.0s/45m0s  20.00 iters/s

running (36m09.0s), 007/099 VUs, 43205 complete and 0 interrupted iterations
readiness   [  80% ] 007/099 VUs  36m09.0s/45m0s  20.00 iters/s

running (36m10.0s), 006/099 VUs, 43226 complete and 0 interrupted iterations
readiness   [  80% ] 006/099 VUs  36m10.0s/45m0s  20.00 iters/s

running (36m11.0s), 006/099 VUs, 43246 complete and 0 interrupted iterations
readiness   [  80% ] 006/099 VUs  36m11.0s/45m0s  20.00 iters/s

running (36m12.0s), 006/099 VUs, 43266 complete and 0 interrupted iterations
readiness   [  80% ] 006/099 VUs  36m12.0s/45m0s  20.00 iters/s

running (36m13.0s), 006/099 VUs, 43286 complete and 0 interrupted iterations
readiness   [  80% ] 006/099 VUs  36m13.0s/45m0s  20.00 iters/s

running (36m14.0s), 006/099 VUs, 43306 complete and 0 interrupted iterations
readiness   [  81% ] 006/099 VUs  36m14.0s/45m0s  20.00 iters/s

running (36m15.0s), 006/099 VUs, 43326 complete and 0 interrupted iterations
readiness   [  81% ] 006/099 VUs  36m15.0s/45m0s  20.00 iters/s

running (36m16.0s), 006/099 VUs, 43346 complete and 0 interrupted iterations
readiness   [  81% ] 006/099 VUs  36m16.0s/45m0s  20.00 iters/s

running (36m17.0s), 006/099 VUs, 43366 complete and 0 interrupted iterations
readiness   [  81% ] 006/099 VUs  36m17.0s/45m0s  20.00 iters/s

running (36m18.0s), 006/099 VUs, 43386 complete and 0 interrupted iterations
readiness   [  81% ] 006/099 VUs  36m18.0s/45m0s  20.00 iters/s

running (36m19.0s), 007/099 VUs, 43405 complete and 0 interrupted iterations
readiness   [  81% ] 007/099 VUs  36m19.0s/45m0s  20.00 iters/s

running (36m20.0s), 006/099 VUs, 43426 complete and 0 interrupted iterations
readiness   [  81% ] 006/099 VUs  36m20.0s/45m0s  20.00 iters/s

running (36m21.0s), 006/099 VUs, 43446 complete and 0 interrupted iterations
readiness   [  81% ] 006/099 VUs  36m21.0s/45m0s  20.00 iters/s

running (36m22.0s), 006/099 VUs, 43466 complete and 0 interrupted iterations
readiness   [  81% ] 006/099 VUs  36m22.0s/45m0s  20.00 iters/s

running (36m23.0s), 006/099 VUs, 43486 complete and 0 interrupted iterations
readiness   [  81% ] 006/099 VUs  36m23.0s/45m0s  20.00 iters/s

running (36m24.0s), 006/099 VUs, 43506 complete and 0 interrupted iterations
readiness   [  81% ] 006/099 VUs  36m24.0s/45m0s  20.00 iters/s

running (36m25.0s), 007/099 VUs, 43525 complete and 0 interrupted iterations
readiness   [  81% ] 007/099 VUs  36m25.0s/45m0s  20.00 iters/s

running (36m26.0s), 006/099 VUs, 43546 complete and 0 interrupted iterations
readiness   [  81% ] 006/099 VUs  36m26.0s/45m0s  20.00 iters/s

running (36m27.0s), 006/099 VUs, 43566 complete and 0 interrupted iterations
readiness   [  81% ] 006/099 VUs  36m27.0s/45m0s  20.00 iters/s

running (36m28.0s), 006/099 VUs, 43586 complete and 0 interrupted iterations
readiness   [  81% ] 006/099 VUs  36m28.0s/45m0s  20.00 iters/s

running (36m29.0s), 006/099 VUs, 43606 complete and 0 interrupted iterations
readiness   [  81% ] 006/099 VUs  36m29.0s/45m0s  20.00 iters/s

running (36m30.0s), 007/099 VUs, 43625 complete and 0 interrupted iterations
readiness   [  81% ] 007/099 VUs  36m30.0s/45m0s  20.00 iters/s

running (36m31.0s), 006/099 VUs, 43646 complete and 0 interrupted iterations
readiness   [  81% ] 006/099 VUs  36m31.0s/45m0s  20.00 iters/s

running (36m32.0s), 006/099 VUs, 43666 complete and 0 interrupted iterations
readiness   [  81% ] 006/099 VUs  36m32.0s/45m0s  20.00 iters/s

running (36m33.0s), 007/099 VUs, 43685 complete and 0 interrupted iterations
readiness   [  81% ] 007/099 VUs  36m33.0s/45m0s  20.00 iters/s

running (36m34.0s), 006/099 VUs, 43706 complete and 0 interrupted iterations
readiness   [  81% ] 006/099 VUs  36m34.0s/45m0s  20.00 iters/s

running (36m35.0s), 007/099 VUs, 43725 complete and 0 interrupted iterations
readiness   [  81% ] 007/099 VUs  36m35.0s/45m0s  20.00 iters/s

running (36m36.0s), 007/099 VUs, 43746 complete and 0 interrupted iterations
readiness   [  81% ] 007/099 VUs  36m36.0s/45m0s  20.00 iters/s

running (36m37.0s), 007/099 VUs, 43765 complete and 0 interrupted iterations
readiness   [  81% ] 007/099 VUs  36m37.0s/45m0s  20.00 iters/s

running (36m38.0s), 006/099 VUs, 43786 complete and 0 interrupted iterations
readiness   [  81% ] 006/099 VUs  36m38.0s/45m0s  20.00 iters/s

running (36m39.0s), 006/099 VUs, 43806 complete and 0 interrupted iterations
readiness   [  81% ] 006/099 VUs  36m39.0s/45m0s  20.00 iters/s

running (36m40.0s), 006/099 VUs, 43826 complete and 0 interrupted iterations
readiness   [  81% ] 006/099 VUs  36m40.0s/45m0s  20.00 iters/s

running (36m41.0s), 006/099 VUs, 43846 complete and 0 interrupted iterations
readiness   [  82% ] 006/099 VUs  36m41.0s/45m0s  20.00 iters/s

running (36m42.0s), 006/099 VUs, 43866 complete and 0 interrupted iterations
readiness   [  82% ] 006/099 VUs  36m42.0s/45m0s  20.00 iters/s

running (36m43.0s), 006/099 VUs, 43886 complete and 0 interrupted iterations
readiness   [  82% ] 006/099 VUs  36m43.0s/45m0s  20.00 iters/s

running (36m44.0s), 006/099 VUs, 43906 complete and 0 interrupted iterations
readiness   [  82% ] 006/099 VUs  36m44.0s/45m0s  20.00 iters/s

running (36m45.0s), 006/099 VUs, 43926 complete and 0 interrupted iterations
readiness   [  82% ] 006/099 VUs  36m45.0s/45m0s  20.00 iters/s

running (36m46.0s), 006/099 VUs, 43946 complete and 0 interrupted iterations
readiness   [  82% ] 006/099 VUs  36m46.0s/45m0s  20.00 iters/s

running (36m47.0s), 006/099 VUs, 43966 complete and 0 interrupted iterations
readiness   [  82% ] 006/099 VUs  36m47.0s/45m0s  20.00 iters/s

running (36m48.0s), 006/099 VUs, 43986 complete and 0 interrupted iterations
readiness   [  82% ] 006/099 VUs  36m48.0s/45m0s  20.00 iters/s

running (36m49.0s), 006/099 VUs, 44006 complete and 0 interrupted iterations
readiness   [  82% ] 006/099 VUs  36m49.0s/45m0s  20.00 iters/s

running (36m50.0s), 006/099 VUs, 44026 complete and 0 interrupted iterations
readiness   [  82% ] 006/099 VUs  36m50.0s/45m0s  20.00 iters/s

running (36m51.0s), 006/099 VUs, 44046 complete and 0 interrupted iterations
readiness   [  82% ] 006/099 VUs  36m51.0s/45m0s  20.00 iters/s

running (36m52.0s), 009/099 VUs, 44063 complete and 0 interrupted iterations
readiness   [  82% ] 009/099 VUs  36m52.0s/45m0s  20.00 iters/s

running (36m53.0s), 006/099 VUs, 44086 complete and 0 interrupted iterations
readiness   [  82% ] 006/099 VUs  36m53.0s/45m0s  20.00 iters/s

running (36m54.0s), 017/099 VUs, 44095 complete and 0 interrupted iterations
readiness   [  82% ] 017/099 VUs  36m54.0s/45m0s  20.00 iters/s

running (36m55.0s), 007/099 VUs, 44125 complete and 0 interrupted iterations
readiness   [  82% ] 007/099 VUs  36m55.0s/45m0s  20.00 iters/s

running (36m56.0s), 006/099 VUs, 44146 complete and 0 interrupted iterations
readiness   [  82% ] 006/099 VUs  36m56.0s/45m0s  20.00 iters/s

running (36m57.0s), 006/099 VUs, 44166 complete and 0 interrupted iterations
readiness   [  82% ] 006/099 VUs  36m57.0s/45m0s  20.00 iters/s

running (36m58.0s), 006/099 VUs, 44186 complete and 0 interrupted iterations
readiness   [  82% ] 006/099 VUs  36m58.0s/45m0s  20.00 iters/s

running (36m59.0s), 006/099 VUs, 44206 complete and 0 interrupted iterations
readiness   [  82% ] 006/099 VUs  36m59.0s/45m0s  20.00 iters/s

running (37m00.0s), 007/099 VUs, 44225 complete and 0 interrupted iterations
readiness   [  82% ] 007/099 VUs  37m00.0s/45m0s  20.00 iters/s

running (37m01.0s), 007/099 VUs, 44245 complete and 0 interrupted iterations
readiness   [  82% ] 007/099 VUs  37m01.0s/45m0s  20.00 iters/s

running (37m02.0s), 006/099 VUs, 44266 complete and 0 interrupted iterations
readiness   [  82% ] 006/099 VUs  37m02.0s/45m0s  20.00 iters/s

running (37m03.0s), 006/099 VUs, 44286 complete and 0 interrupted iterations
readiness   [  82% ] 006/099 VUs  37m03.0s/45m0s  20.00 iters/s

running (37m04.0s), 006/099 VUs, 44306 complete and 0 interrupted iterations
readiness   [  82% ] 006/099 VUs  37m04.0s/45m0s  20.00 iters/s

running (37m05.0s), 007/099 VUs, 44325 complete and 0 interrupted iterations
readiness   [  82% ] 007/099 VUs  37m05.0s/45m0s  20.00 iters/s

running (37m06.0s), 006/099 VUs, 44346 complete and 0 interrupted iterations
readiness   [  82% ] 006/099 VUs  37m06.0s/45m0s  20.00 iters/s

running (37m07.0s), 006/099 VUs, 44366 complete and 0 interrupted iterations
readiness   [  82% ] 006/099 VUs  37m07.0s/45m0s  20.00 iters/s

running (37m08.0s), 006/099 VUs, 44386 complete and 0 interrupted iterations
readiness   [  83% ] 006/099 VUs  37m08.0s/45m0s  20.00 iters/s

running (37m09.0s), 006/099 VUs, 44406 complete and 0 interrupted iterations
readiness   [  83% ] 006/099 VUs  37m09.0s/45m0s  20.00 iters/s

running (37m10.0s), 006/099 VUs, 44426 complete and 0 interrupted iterations
readiness   [  83% ] 006/099 VUs  37m10.0s/45m0s  20.00 iters/s

running (37m11.0s), 006/099 VUs, 44446 complete and 0 interrupted iterations
readiness   [  83% ] 006/099 VUs  37m11.0s/45m0s  20.00 iters/s

running (37m12.0s), 006/099 VUs, 44466 complete and 0 interrupted iterations
readiness   [  83% ] 006/099 VUs  37m12.0s/45m0s  20.00 iters/s

running (37m13.0s), 006/099 VUs, 44486 complete and 0 interrupted iterations
readiness   [  83% ] 006/099 VUs  37m13.0s/45m0s  20.00 iters/s

running (37m14.0s), 006/099 VUs, 44506 complete and 0 interrupted iterations
readiness   [  83% ] 006/099 VUs  37m14.0s/45m0s  20.00 iters/s

running (37m15.0s), 006/099 VUs, 44526 complete and 0 interrupted iterations
readiness   [  83% ] 006/099 VUs  37m15.0s/45m0s  20.00 iters/s

running (37m16.0s), 006/099 VUs, 44546 complete and 0 interrupted iterations
readiness   [  83% ] 006/099 VUs  37m16.0s/45m0s  20.00 iters/s

running (37m17.0s), 006/099 VUs, 44566 complete and 0 interrupted iterations
readiness   [  83% ] 006/099 VUs  37m17.0s/45m0s  20.00 iters/s

running (37m18.0s), 007/099 VUs, 44585 complete and 0 interrupted iterations
readiness   [  83% ] 007/099 VUs  37m18.0s/45m0s  20.00 iters/s

running (37m19.0s), 007/099 VUs, 44605 complete and 0 interrupted iterations
readiness   [  83% ] 007/099 VUs  37m19.0s/45m0s  20.00 iters/s

running (37m20.0s), 006/099 VUs, 44626 complete and 0 interrupted iterations
readiness   [  83% ] 006/099 VUs  37m20.0s/45m0s  20.00 iters/s

running (37m21.0s), 006/099 VUs, 44646 complete and 0 interrupted iterations
readiness   [  83% ] 006/099 VUs  37m21.0s/45m0s  20.00 iters/s

running (37m22.0s), 006/099 VUs, 44666 complete and 0 interrupted iterations
readiness   [  83% ] 006/099 VUs  37m22.0s/45m0s  20.00 iters/s

running (37m23.0s), 006/099 VUs, 44686 complete and 0 interrupted iterations
readiness   [  83% ] 006/099 VUs  37m23.0s/45m0s  20.00 iters/s

running (37m24.0s), 006/099 VUs, 44706 complete and 0 interrupted iterations
readiness   [  83% ] 006/099 VUs  37m24.0s/45m0s  20.00 iters/s

running (37m25.0s), 006/099 VUs, 44726 complete and 0 interrupted iterations
readiness   [  83% ] 006/099 VUs  37m25.0s/45m0s  20.00 iters/s

running (37m26.0s), 006/099 VUs, 44746 complete and 0 interrupted iterations
readiness   [  83% ] 006/099 VUs  37m26.0s/45m0s  20.00 iters/s

running (37m27.0s), 006/099 VUs, 44766 complete and 0 interrupted iterations
readiness   [  83% ] 006/099 VUs  37m27.0s/45m0s  20.00 iters/s

running (37m28.0s), 006/099 VUs, 44786 complete and 0 interrupted iterations
readiness   [  83% ] 006/099 VUs  37m28.0s/45m0s  20.00 iters/s

running (37m29.0s), 006/099 VUs, 44806 complete and 0 interrupted iterations
readiness   [  83% ] 006/099 VUs  37m29.0s/45m0s  20.00 iters/s

running (37m30.0s), 006/099 VUs, 44826 complete and 0 interrupted iterations
readiness   [  83% ] 006/099 VUs  37m30.0s/45m0s  20.00 iters/s

running (37m31.0s), 007/099 VUs, 44845 complete and 0 interrupted iterations
readiness   [  83% ] 007/099 VUs  37m31.0s/45m0s  20.00 iters/s

running (37m32.0s), 006/099 VUs, 44866 complete and 0 interrupted iterations
readiness   [  83% ] 006/099 VUs  37m32.0s/45m0s  20.00 iters/s

running (37m33.0s), 006/099 VUs, 44886 complete and 0 interrupted iterations
readiness   [  83% ] 006/099 VUs  37m33.0s/45m0s  20.00 iters/s

running (37m34.0s), 006/099 VUs, 44906 complete and 0 interrupted iterations
readiness   [  83% ] 006/099 VUs  37m34.0s/45m0s  20.00 iters/s

running (37m35.0s), 006/099 VUs, 44926 complete and 0 interrupted iterations
readiness   [  84% ] 006/099 VUs  37m35.0s/45m0s  20.00 iters/s

running (37m36.0s), 006/099 VUs, 44946 complete and 0 interrupted iterations
readiness   [  84% ] 006/099 VUs  37m36.0s/45m0s  20.00 iters/s

running (37m37.0s), 006/099 VUs, 44966 complete and 0 interrupted iterations
readiness   [  84% ] 006/099 VUs  37m37.0s/45m0s  20.00 iters/s

running (37m38.0s), 006/099 VUs, 44986 complete and 0 interrupted iterations
readiness   [  84% ] 006/099 VUs  37m38.0s/45m0s  20.00 iters/s

running (37m39.0s), 006/099 VUs, 45006 complete and 0 interrupted iterations
readiness   [  84% ] 006/099 VUs  37m39.0s/45m0s  20.00 iters/s

running (37m40.0s), 006/099 VUs, 45026 complete and 0 interrupted iterations
readiness   [  84% ] 006/099 VUs  37m40.0s/45m0s  20.00 iters/s

running (37m41.0s), 006/099 VUs, 45046 complete and 0 interrupted iterations
readiness   [  84% ] 006/099 VUs  37m41.0s/45m0s  20.00 iters/s

running (37m42.0s), 006/099 VUs, 45066 complete and 0 interrupted iterations
readiness   [  84% ] 006/099 VUs  37m42.0s/45m0s  20.00 iters/s

running (37m43.0s), 006/099 VUs, 45086 complete and 0 interrupted iterations
readiness   [  84% ] 006/099 VUs  37m43.0s/45m0s  20.00 iters/s

running (37m44.0s), 006/099 VUs, 45106 complete and 0 interrupted iterations
readiness   [  84% ] 006/099 VUs  37m44.0s/45m0s  20.00 iters/s

running (37m45.0s), 007/099 VUs, 45125 complete and 0 interrupted iterations
readiness   [  84% ] 007/099 VUs  37m45.0s/45m0s  20.00 iters/s

running (37m46.0s), 007/099 VUs, 45145 complete and 0 interrupted iterations
readiness   [  84% ] 007/099 VUs  37m46.0s/45m0s  20.00 iters/s

running (37m47.0s), 007/099 VUs, 45165 complete and 0 interrupted iterations
readiness   [  84% ] 007/099 VUs  37m47.0s/45m0s  20.00 iters/s

running (37m48.0s), 007/099 VUs, 45185 complete and 0 interrupted iterations
readiness   [  84% ] 007/099 VUs  37m48.0s/45m0s  20.00 iters/s

running (37m49.0s), 006/099 VUs, 45206 complete and 0 interrupted iterations
readiness   [  84% ] 006/099 VUs  37m49.0s/45m0s  20.00 iters/s

running (37m50.0s), 006/099 VUs, 45226 complete and 0 interrupted iterations
readiness   [  84% ] 006/099 VUs  37m50.0s/45m0s  20.00 iters/s

running (37m51.0s), 006/099 VUs, 45246 complete and 0 interrupted iterations
readiness   [  84% ] 006/099 VUs  37m51.0s/45m0s  20.00 iters/s

running (37m52.0s), 009/099 VUs, 45263 complete and 0 interrupted iterations
readiness   [  84% ] 009/099 VUs  37m52.0s/45m0s  20.00 iters/s

running (37m53.0s), 007/099 VUs, 45285 complete and 0 interrupted iterations
readiness   [  84% ] 007/099 VUs  37m53.0s/45m0s  20.00 iters/s

running (37m54.0s), 014/099 VUs, 45298 complete and 0 interrupted iterations
readiness   [  84% ] 014/099 VUs  37m54.0s/45m0s  20.00 iters/s

running (37m55.0s), 006/099 VUs, 45326 complete and 0 interrupted iterations
readiness   [  84% ] 006/099 VUs  37m55.0s/45m0s  20.00 iters/s

running (37m56.0s), 007/099 VUs, 45345 complete and 0 interrupted iterations
readiness   [  84% ] 007/099 VUs  37m56.0s/45m0s  20.00 iters/s

running (37m57.0s), 006/099 VUs, 45366 complete and 0 interrupted iterations
readiness   [  84% ] 006/099 VUs  37m57.0s/45m0s  20.00 iters/s

running (37m58.0s), 006/099 VUs, 45386 complete and 0 interrupted iterations
readiness   [  84% ] 006/099 VUs  37m58.0s/45m0s  20.00 iters/s

running (37m59.0s), 007/099 VUs, 45405 complete and 0 interrupted iterations
readiness   [  84% ] 007/099 VUs  37m59.0s/45m0s  20.00 iters/s

running (38m00.0s), 006/099 VUs, 45426 complete and 0 interrupted iterations
readiness   [  84% ] 006/099 VUs  38m00.0s/45m0s  20.00 iters/s

running (38m01.0s), 006/099 VUs, 45446 complete and 0 interrupted iterations
readiness   [  84% ] 006/099 VUs  38m01.0s/45m0s  20.00 iters/s

running (38m02.0s), 006/099 VUs, 45466 complete and 0 interrupted iterations
readiness   [  85% ] 006/099 VUs  38m02.0s/45m0s  20.00 iters/s

running (38m03.0s), 007/099 VUs, 45485 complete and 0 interrupted iterations
readiness   [  85% ] 007/099 VUs  38m03.0s/45m0s  20.00 iters/s

running (38m04.0s), 006/099 VUs, 45506 complete and 0 interrupted iterations
readiness   [  85% ] 006/099 VUs  38m04.0s/45m0s  20.00 iters/s

running (38m05.0s), 006/099 VUs, 45526 complete and 0 interrupted iterations
readiness   [  85% ] 006/099 VUs  38m05.0s/45m0s  20.00 iters/s

running (38m06.0s), 006/099 VUs, 45546 complete and 0 interrupted iterations
readiness   [  85% ] 006/099 VUs  38m06.0s/45m0s  20.00 iters/s

running (38m07.0s), 006/099 VUs, 45566 complete and 0 interrupted iterations
readiness   [  85% ] 006/099 VUs  38m07.0s/45m0s  20.00 iters/s

running (38m08.0s), 006/099 VUs, 45586 complete and 0 interrupted iterations
readiness   [  85% ] 006/099 VUs  38m08.0s/45m0s  20.00 iters/s

running (38m09.0s), 006/099 VUs, 45606 complete and 0 interrupted iterations
readiness   [  85% ] 006/099 VUs  38m09.0s/45m0s  20.00 iters/s

running (38m10.0s), 006/099 VUs, 45626 complete and 0 interrupted iterations
readiness   [  85% ] 006/099 VUs  38m10.0s/45m0s  20.00 iters/s

running (38m11.0s), 006/099 VUs, 45646 complete and 0 interrupted iterations
readiness   [  85% ] 006/099 VUs  38m11.0s/45m0s  20.00 iters/s

running (38m12.0s), 006/099 VUs, 45666 complete and 0 interrupted iterations
readiness   [  85% ] 006/099 VUs  38m12.0s/45m0s  20.00 iters/s

running (38m13.0s), 006/099 VUs, 45686 complete and 0 interrupted iterations
readiness   [  85% ] 006/099 VUs  38m13.0s/45m0s  20.00 iters/s

running (38m14.0s), 006/099 VUs, 45706 complete and 0 interrupted iterations
readiness   [  85% ] 006/099 VUs  38m14.0s/45m0s  20.00 iters/s

running (38m15.0s), 006/099 VUs, 45726 complete and 0 interrupted iterations
readiness   [  85% ] 006/099 VUs  38m15.0s/45m0s  20.00 iters/s

running (38m16.0s), 006/099 VUs, 45746 complete and 0 interrupted iterations
readiness   [  85% ] 006/099 VUs  38m16.0s/45m0s  20.00 iters/s

running (38m17.0s), 006/099 VUs, 45766 complete and 0 interrupted iterations
readiness   [  85% ] 006/099 VUs  38m17.0s/45m0s  20.00 iters/s

running (38m18.0s), 007/099 VUs, 45785 complete and 0 interrupted iterations
readiness   [  85% ] 007/099 VUs  38m18.0s/45m0s  20.00 iters/s

running (38m19.0s), 006/099 VUs, 45806 complete and 0 interrupted iterations
readiness   [  85% ] 006/099 VUs  38m19.0s/45m0s  20.00 iters/s

running (38m20.0s), 008/099 VUs, 45825 complete and 0 interrupted iterations
readiness   [  85% ] 008/099 VUs  38m20.0s/45m0s  20.00 iters/s

running (38m21.0s), 006/099 VUs, 45846 complete and 0 interrupted iterations
readiness   [  85% ] 006/099 VUs  38m21.0s/45m0s  20.00 iters/s

running (38m22.0s), 006/099 VUs, 45866 complete and 0 interrupted iterations
readiness   [  85% ] 006/099 VUs  38m22.0s/45m0s  20.00 iters/s

running (38m23.0s), 006/099 VUs, 45886 complete and 0 interrupted iterations
readiness   [  85% ] 006/099 VUs  38m23.0s/45m0s  20.00 iters/s

running (38m24.0s), 007/099 VUs, 45905 complete and 0 interrupted iterations
readiness   [  85% ] 007/099 VUs  38m24.0s/45m0s  20.00 iters/s

running (38m25.0s), 006/099 VUs, 45926 complete and 0 interrupted iterations
readiness   [  85% ] 006/099 VUs  38m25.0s/45m0s  20.00 iters/s

running (38m26.0s), 007/099 VUs, 45945 complete and 0 interrupted iterations
readiness   [  85% ] 007/099 VUs  38m26.0s/45m0s  20.00 iters/s

running (38m27.0s), 006/099 VUs, 45966 complete and 0 interrupted iterations
readiness   [  85% ] 006/099 VUs  38m27.0s/45m0s  20.00 iters/s

running (38m28.0s), 006/099 VUs, 45986 complete and 0 interrupted iterations
readiness   [  85% ] 006/099 VUs  38m28.0s/45m0s  20.00 iters/s

running (38m29.0s), 006/099 VUs, 46006 complete and 0 interrupted iterations
readiness   [  86% ] 006/099 VUs  38m29.0s/45m0s  20.00 iters/s

running (38m30.0s), 006/099 VUs, 46026 complete and 0 interrupted iterations
readiness   [  86% ] 006/099 VUs  38m30.0s/45m0s  20.00 iters/s

running (38m31.0s), 006/099 VUs, 46046 complete and 0 interrupted iterations
readiness   [  86% ] 006/099 VUs  38m31.0s/45m0s  20.00 iters/s

running (38m32.0s), 006/099 VUs, 46066 complete and 0 interrupted iterations
readiness   [  86% ] 006/099 VUs  38m32.0s/45m0s  20.00 iters/s

running (38m33.0s), 006/099 VUs, 46086 complete and 0 interrupted iterations
readiness   [  86% ] 006/099 VUs  38m33.0s/45m0s  20.00 iters/s

running (38m34.0s), 006/099 VUs, 46106 complete and 0 interrupted iterations
readiness   [  86% ] 006/099 VUs  38m34.0s/45m0s  20.00 iters/s

running (38m35.0s), 006/099 VUs, 46126 complete and 0 interrupted iterations
readiness   [  86% ] 006/099 VUs  38m35.0s/45m0s  20.00 iters/s

running (38m36.0s), 006/099 VUs, 46146 complete and 0 interrupted iterations
readiness   [  86% ] 006/099 VUs  38m36.0s/45m0s  20.00 iters/s

running (38m37.0s), 006/099 VUs, 46166 complete and 0 interrupted iterations
readiness   [  86% ] 006/099 VUs  38m37.0s/45m0s  20.00 iters/s

running (38m38.0s), 006/099 VUs, 46186 complete and 0 interrupted iterations
readiness   [  86% ] 006/099 VUs  38m38.0s/45m0s  20.00 iters/s

running (38m39.0s), 006/099 VUs, 46206 complete and 0 interrupted iterations
readiness   [  86% ] 006/099 VUs  38m39.0s/45m0s  20.00 iters/s

running (38m40.0s), 007/099 VUs, 46225 complete and 0 interrupted iterations
readiness   [  86% ] 007/099 VUs  38m40.0s/45m0s  20.00 iters/s

running (38m41.0s), 007/099 VUs, 46245 complete and 0 interrupted iterations
readiness   [  86% ] 007/099 VUs  38m41.0s/45m0s  20.00 iters/s

running (38m42.0s), 006/099 VUs, 46266 complete and 0 interrupted iterations
readiness   [  86% ] 006/099 VUs  38m42.0s/45m0s  20.00 iters/s

running (38m43.0s), 006/099 VUs, 46286 complete and 0 interrupted iterations
readiness   [  86% ] 006/099 VUs  38m43.0s/45m0s  20.00 iters/s

running (38m44.0s), 006/099 VUs, 46306 complete and 0 interrupted iterations
readiness   [  86% ] 006/099 VUs  38m44.0s/45m0s  20.00 iters/s

running (38m45.0s), 006/099 VUs, 46326 complete and 0 interrupted iterations
readiness   [  86% ] 006/099 VUs  38m45.0s/45m0s  20.00 iters/s

running (38m46.0s), 006/099 VUs, 46346 complete and 0 interrupted iterations
readiness   [  86% ] 006/099 VUs  38m46.0s/45m0s  20.00 iters/s

running (38m47.0s), 006/099 VUs, 46366 complete and 0 interrupted iterations
readiness   [  86% ] 006/099 VUs  38m47.0s/45m0s  20.00 iters/s

running (38m48.0s), 006/099 VUs, 46386 complete and 0 interrupted iterations
readiness   [  86% ] 006/099 VUs  38m48.0s/45m0s  20.00 iters/s

running (38m49.0s), 007/099 VUs, 46405 complete and 0 interrupted iterations
readiness   [  86% ] 007/099 VUs  38m49.0s/45m0s  20.00 iters/s

running (38m50.0s), 006/099 VUs, 46426 complete and 0 interrupted iterations
readiness   [  86% ] 006/099 VUs  38m50.0s/45m0s  20.00 iters/s

running (38m51.0s), 007/099 VUs, 46445 complete and 0 interrupted iterations
readiness   [  86% ] 007/099 VUs  38m51.0s/45m0s  20.00 iters/s

running (38m52.0s), 009/099 VUs, 46463 complete and 0 interrupted iterations
readiness   [  86% ] 009/099 VUs  38m52.0s/45m0s  20.00 iters/s

running (38m53.0s), 006/099 VUs, 46486 complete and 0 interrupted iterations
readiness   [  86% ] 006/099 VUs  38m53.0s/45m0s  20.00 iters/s

running (38m54.0s), 008/099 VUs, 46504 complete and 0 interrupted iterations
readiness   [  86% ] 008/099 VUs  38m54.0s/45m0s  20.00 iters/s

running (38m55.0s), 006/099 VUs, 46526 complete and 0 interrupted iterations
readiness   [  86% ] 006/099 VUs  38m55.0s/45m0s  20.00 iters/s

running (38m56.0s), 006/099 VUs, 46546 complete and 0 interrupted iterations
readiness   [  87% ] 006/099 VUs  38m56.0s/45m0s  20.00 iters/s

running (38m57.0s), 006/099 VUs, 46566 complete and 0 interrupted iterations
readiness   [  87% ] 006/099 VUs  38m57.0s/45m0s  20.00 iters/s

running (38m58.0s), 007/099 VUs, 46585 complete and 0 interrupted iterations
readiness   [  87% ] 007/099 VUs  38m58.0s/45m0s  20.00 iters/s

running (38m59.0s), 006/099 VUs, 46606 complete and 0 interrupted iterations
readiness   [  87% ] 006/099 VUs  38m59.0s/45m0s  20.00 iters/s

running (39m00.0s), 007/099 VUs, 46625 complete and 0 interrupted iterations
readiness   [  87% ] 007/099 VUs  39m00.0s/45m0s  20.00 iters/s

running (39m01.0s), 006/099 VUs, 46646 complete and 0 interrupted iterations
readiness   [  87% ] 006/099 VUs  39m01.0s/45m0s  20.00 iters/s

running (39m02.0s), 006/099 VUs, 46666 complete and 0 interrupted iterations
readiness   [  87% ] 006/099 VUs  39m02.0s/45m0s  20.00 iters/s

running (39m03.0s), 006/099 VUs, 46686 complete and 0 interrupted iterations
readiness   [  87% ] 006/099 VUs  39m03.0s/45m0s  20.00 iters/s

running (39m04.0s), 006/099 VUs, 46706 complete and 0 interrupted iterations
readiness   [  87% ] 006/099 VUs  39m04.0s/45m0s  20.00 iters/s

running (39m05.0s), 006/099 VUs, 46726 complete and 0 interrupted iterations
readiness   [  87% ] 006/099 VUs  39m05.0s/45m0s  20.00 iters/s

running (39m06.0s), 006/099 VUs, 46746 complete and 0 interrupted iterations
readiness   [  87% ] 006/099 VUs  39m06.0s/45m0s  20.00 iters/s

running (39m07.0s), 006/099 VUs, 46766 complete and 0 interrupted iterations
readiness   [  87% ] 006/099 VUs  39m07.0s/45m0s  20.00 iters/s

running (39m08.0s), 006/099 VUs, 46786 complete and 0 interrupted iterations
readiness   [  87% ] 006/099 VUs  39m08.0s/45m0s  20.00 iters/s

running (39m09.0s), 006/099 VUs, 46806 complete and 0 interrupted iterations
readiness   [  87% ] 006/099 VUs  39m09.0s/45m0s  20.00 iters/s

running (39m10.0s), 006/099 VUs, 46826 complete and 0 interrupted iterations
readiness   [  87% ] 006/099 VUs  39m10.0s/45m0s  20.00 iters/s

running (39m11.0s), 006/099 VUs, 46846 complete and 0 interrupted iterations
readiness   [  87% ] 006/099 VUs  39m11.0s/45m0s  20.00 iters/s

running (39m12.0s), 006/099 VUs, 46866 complete and 0 interrupted iterations
readiness   [  87% ] 006/099 VUs  39m12.0s/45m0s  20.00 iters/s

running (39m13.0s), 006/099 VUs, 46886 complete and 0 interrupted iterations
readiness   [  87% ] 006/099 VUs  39m13.0s/45m0s  20.00 iters/s

running (39m14.0s), 006/099 VUs, 46906 complete and 0 interrupted iterations
readiness   [  87% ] 006/099 VUs  39m14.0s/45m0s  20.00 iters/s

running (39m15.0s), 006/099 VUs, 46926 complete and 0 interrupted iterations
readiness   [  87% ] 006/099 VUs  39m15.0s/45m0s  20.00 iters/s

running (39m16.0s), 006/099 VUs, 46946 complete and 0 interrupted iterations
readiness   [  87% ] 006/099 VUs  39m16.0s/45m0s  20.00 iters/s

running (39m17.0s), 006/099 VUs, 46966 complete and 0 interrupted iterations
readiness   [  87% ] 006/099 VUs  39m17.0s/45m0s  20.00 iters/s

running (39m18.0s), 007/099 VUs, 46985 complete and 0 interrupted iterations
readiness   [  87% ] 007/099 VUs  39m18.0s/45m0s  20.00 iters/s

running (39m19.0s), 006/099 VUs, 47006 complete and 0 interrupted iterations
readiness   [  87% ] 006/099 VUs  39m19.0s/45m0s  20.00 iters/s

running (39m20.0s), 007/099 VUs, 47025 complete and 0 interrupted iterations
readiness   [  87% ] 007/099 VUs  39m20.0s/45m0s  20.00 iters/s

running (39m21.0s), 007/099 VUs, 47045 complete and 0 interrupted iterations
readiness   [  87% ] 007/099 VUs  39m21.0s/45m0s  20.00 iters/s

running (39m22.0s), 006/099 VUs, 47066 complete and 0 interrupted iterations
readiness   [  87% ] 006/099 VUs  39m22.0s/45m0s  20.00 iters/s

running (39m23.0s), 008/099 VUs, 47084 complete and 0 interrupted iterations
readiness   [  88% ] 008/099 VUs  39m23.0s/45m0s  20.00 iters/s

running (39m24.0s), 007/099 VUs, 47105 complete and 0 interrupted iterations
readiness   [  88% ] 007/099 VUs  39m24.0s/45m0s  20.00 iters/s

running (39m25.0s), 006/099 VUs, 47126 complete and 0 interrupted iterations
readiness   [  88% ] 006/099 VUs  39m25.0s/45m0s  20.00 iters/s

running (39m26.0s), 006/099 VUs, 47146 complete and 0 interrupted iterations
readiness   [  88% ] 006/099 VUs  39m26.0s/45m0s  20.00 iters/s

running (39m27.0s), 007/099 VUs, 47165 complete and 0 interrupted iterations
readiness   [  88% ] 007/099 VUs  39m27.0s/45m0s  20.00 iters/s

running (39m28.0s), 007/099 VUs, 47185 complete and 0 interrupted iterations
readiness   [  88% ] 007/099 VUs  39m28.0s/45m0s  20.00 iters/s

running (39m29.0s), 006/099 VUs, 47206 complete and 0 interrupted iterations
readiness   [  88% ] 006/099 VUs  39m29.0s/45m0s  20.00 iters/s

running (39m30.0s), 006/099 VUs, 47226 complete and 0 interrupted iterations
readiness   [  88% ] 006/099 VUs  39m30.0s/45m0s  20.00 iters/s

running (39m31.0s), 006/099 VUs, 47246 complete and 0 interrupted iterations
readiness   [  88% ] 006/099 VUs  39m31.0s/45m0s  20.00 iters/s

running (39m32.0s), 006/099 VUs, 47266 complete and 0 interrupted iterations
readiness   [  88% ] 006/099 VUs  39m32.0s/45m0s  20.00 iters/s

running (39m33.0s), 007/099 VUs, 47285 complete and 0 interrupted iterations
readiness   [  88% ] 007/099 VUs  39m33.0s/45m0s  20.00 iters/s

running (39m34.0s), 006/099 VUs, 47306 complete and 0 interrupted iterations
readiness   [  88% ] 006/099 VUs  39m34.0s/45m0s  20.00 iters/s

running (39m35.0s), 006/099 VUs, 47326 complete and 0 interrupted iterations
readiness   [  88% ] 006/099 VUs  39m35.0s/45m0s  20.00 iters/s

running (39m36.0s), 006/099 VUs, 47346 complete and 0 interrupted iterations
readiness   [  88% ] 006/099 VUs  39m36.0s/45m0s  20.00 iters/s

running (39m37.0s), 008/099 VUs, 47364 complete and 0 interrupted iterations
readiness   [  88% ] 008/099 VUs  39m37.0s/45m0s  20.00 iters/s

running (39m38.0s), 006/099 VUs, 47386 complete and 0 interrupted iterations
readiness   [  88% ] 006/099 VUs  39m38.0s/45m0s  20.00 iters/s

running (39m39.0s), 006/099 VUs, 47406 complete and 0 interrupted iterations
readiness   [  88% ] 006/099 VUs  39m39.0s/45m0s  20.00 iters/s

running (39m40.0s), 006/099 VUs, 47426 complete and 0 interrupted iterations
readiness   [  88% ] 006/099 VUs  39m40.0s/45m0s  20.00 iters/s

running (39m41.0s), 006/099 VUs, 47446 complete and 0 interrupted iterations
readiness   [  88% ] 006/099 VUs  39m41.0s/45m0s  20.00 iters/s

running (39m42.0s), 006/099 VUs, 47466 complete and 0 interrupted iterations
readiness   [  88% ] 006/099 VUs  39m42.0s/45m0s  20.00 iters/s

running (39m43.0s), 006/099 VUs, 47486 complete and 0 interrupted iterations
readiness   [  88% ] 006/099 VUs  39m43.0s/45m0s  20.00 iters/s

running (39m44.0s), 006/099 VUs, 47506 complete and 0 interrupted iterations
readiness   [  88% ] 006/099 VUs  39m44.0s/45m0s  20.00 iters/s

running (39m45.0s), 006/099 VUs, 47526 complete and 0 interrupted iterations
readiness   [  88% ] 006/099 VUs  39m45.0s/45m0s  20.00 iters/s

running (39m46.0s), 006/099 VUs, 47546 complete and 0 interrupted iterations
readiness   [  88% ] 006/099 VUs  39m46.0s/45m0s  20.00 iters/s

running (39m47.0s), 006/099 VUs, 47566 complete and 0 interrupted iterations
readiness   [  88% ] 006/099 VUs  39m47.0s/45m0s  20.00 iters/s

running (39m48.0s), 006/099 VUs, 47586 complete and 0 interrupted iterations
readiness   [  88% ] 006/099 VUs  39m48.0s/45m0s  20.00 iters/s

running (39m49.0s), 006/099 VUs, 47606 complete and 0 interrupted iterations
readiness   [  88% ] 006/099 VUs  39m49.0s/45m0s  20.00 iters/s

running (39m50.0s), 006/099 VUs, 47626 complete and 0 interrupted iterations
readiness   [  89% ] 006/099 VUs  39m50.0s/45m0s  20.00 iters/s

running (39m51.0s), 006/099 VUs, 47646 complete and 0 interrupted iterations
readiness   [  89% ] 006/099 VUs  39m51.0s/45m0s  20.00 iters/s

running (39m52.0s), 009/099 VUs, 47663 complete and 0 interrupted iterations
readiness   [  89% ] 009/099 VUs  39m52.0s/45m0s  20.00 iters/s

running (39m53.0s), 006/099 VUs, 47686 complete and 0 interrupted iterations
readiness   [  89% ] 006/099 VUs  39m53.0s/45m0s  20.00 iters/s

running (39m54.0s), 008/099 VUs, 47704 complete and 0 interrupted iterations
readiness   [  89% ] 008/099 VUs  39m54.0s/45m0s  20.00 iters/s

running (39m55.0s), 006/099 VUs, 47726 complete and 0 interrupted iterations
readiness   [  89% ] 006/099 VUs  39m55.0s/45m0s  20.00 iters/s

running (39m56.0s), 006/099 VUs, 47746 complete and 0 interrupted iterations
readiness   [  89% ] 006/099 VUs  39m56.0s/45m0s  20.00 iters/s

running (39m57.0s), 006/099 VUs, 47766 complete and 0 interrupted iterations
readiness   [  89% ] 006/099 VUs  39m57.0s/45m0s  20.00 iters/s

running (39m58.0s), 006/099 VUs, 47786 complete and 0 interrupted iterations
readiness   [  89% ] 006/099 VUs  39m58.0s/45m0s  20.00 iters/s

running (39m59.0s), 006/099 VUs, 47806 complete and 0 interrupted iterations
readiness   [  89% ] 006/099 VUs  39m59.0s/45m0s  20.00 iters/s

running (40m00.0s), 006/099 VUs, 47826 complete and 0 interrupted iterations
readiness   [  89% ] 006/099 VUs  40m00.0s/45m0s  20.00 iters/s

running (40m01.0s), 006/099 VUs, 47846 complete and 0 interrupted iterations
readiness   [  89% ] 006/099 VUs  40m01.0s/45m0s  20.00 iters/s

running (40m02.0s), 006/099 VUs, 47866 complete and 0 interrupted iterations
readiness   [  89% ] 006/099 VUs  40m02.0s/45m0s  20.00 iters/s

running (40m03.0s), 006/099 VUs, 47886 complete and 0 interrupted iterations
readiness   [  89% ] 006/099 VUs  40m03.0s/45m0s  20.00 iters/s

running (40m04.0s), 006/099 VUs, 47906 complete and 0 interrupted iterations
readiness   [  89% ] 006/099 VUs  40m04.0s/45m0s  20.00 iters/s

running (40m05.0s), 007/099 VUs, 47925 complete and 0 interrupted iterations
readiness   [  89% ] 007/099 VUs  40m05.0s/45m0s  20.00 iters/s

running (40m06.0s), 007/099 VUs, 47944 complete and 0 interrupted iterations
readiness   [  89% ] 007/099 VUs  40m06.0s/45m0s  20.00 iters/s

running (40m07.0s), 006/099 VUs, 47966 complete and 0 interrupted iterations
readiness   [  89% ] 006/099 VUs  40m07.0s/45m0s  20.00 iters/s

running (40m08.0s), 006/099 VUs, 47986 complete and 0 interrupted iterations
readiness   [  89% ] 006/099 VUs  40m08.0s/45m0s  20.00 iters/s

running (40m09.0s), 006/099 VUs, 48006 complete and 0 interrupted iterations
readiness   [  89% ] 006/099 VUs  40m09.0s/45m0s  20.00 iters/s

running (40m10.0s), 006/099 VUs, 48026 complete and 0 interrupted iterations
readiness   [  89% ] 006/099 VUs  40m10.0s/45m0s  20.00 iters/s

running (40m11.0s), 006/099 VUs, 48046 complete and 0 interrupted iterations
readiness   [  89% ] 006/099 VUs  40m11.0s/45m0s  20.00 iters/s

running (40m12.0s), 006/099 VUs, 48066 complete and 0 interrupted iterations
readiness   [  89% ] 006/099 VUs  40m12.0s/45m0s  20.00 iters/s

running (40m13.0s), 007/099 VUs, 48085 complete and 0 interrupted iterations
readiness   [  89% ] 007/099 VUs  40m13.0s/45m0s  20.00 iters/s

running (40m14.0s), 006/099 VUs, 48106 complete and 0 interrupted iterations
readiness   [  89% ] 006/099 VUs  40m14.0s/45m0s  20.00 iters/s

running (40m15.0s), 006/099 VUs, 48126 complete and 0 interrupted iterations
readiness   [  89% ] 006/099 VUs  40m15.0s/45m0s  20.00 iters/s

running (40m16.0s), 006/099 VUs, 48146 complete and 0 interrupted iterations
readiness   [  89% ] 006/099 VUs  40m16.0s/45m0s  20.00 iters/s

running (40m17.0s), 006/099 VUs, 48166 complete and 0 interrupted iterations
readiness   [  90% ] 006/099 VUs  40m17.0s/45m0s  20.00 iters/s

running (40m18.0s), 006/099 VUs, 48186 complete and 0 interrupted iterations
readiness   [  90% ] 006/099 VUs  40m18.0s/45m0s  20.00 iters/s

running (40m19.0s), 006/099 VUs, 48206 complete and 0 interrupted iterations
readiness   [  90% ] 006/099 VUs  40m19.0s/45m0s  20.00 iters/s

running (40m20.0s), 006/099 VUs, 48226 complete and 0 interrupted iterations
readiness   [  90% ] 006/099 VUs  40m20.0s/45m0s  20.00 iters/s

running (40m21.0s), 006/099 VUs, 48246 complete and 0 interrupted iterations
readiness   [  90% ] 006/099 VUs  40m21.0s/45m0s  20.00 iters/s

running (40m22.0s), 006/099 VUs, 48266 complete and 0 interrupted iterations
readiness   [  90% ] 006/099 VUs  40m22.0s/45m0s  20.00 iters/s

running (40m23.0s), 006/099 VUs, 48286 complete and 0 interrupted iterations
readiness   [  90% ] 006/099 VUs  40m23.0s/45m0s  20.00 iters/s

running (40m24.0s), 006/099 VUs, 48306 complete and 0 interrupted iterations
readiness   [  90% ] 006/099 VUs  40m24.0s/45m0s  20.00 iters/s

running (40m25.0s), 006/099 VUs, 48326 complete and 0 interrupted iterations
readiness   [  90% ] 006/099 VUs  40m25.0s/45m0s  20.00 iters/s

running (40m26.0s), 007/099 VUs, 48345 complete and 0 interrupted iterations
readiness   [  90% ] 007/099 VUs  40m26.0s/45m0s  20.00 iters/s

running (40m27.0s), 006/099 VUs, 48366 complete and 0 interrupted iterations
readiness   [  90% ] 006/099 VUs  40m27.0s/45m0s  20.00 iters/s

running (40m28.0s), 006/099 VUs, 48386 complete and 0 interrupted iterations
readiness   [  90% ] 006/099 VUs  40m28.0s/45m0s  20.00 iters/s

running (40m29.0s), 006/099 VUs, 48406 complete and 0 interrupted iterations
readiness   [  90% ] 006/099 VUs  40m29.0s/45m0s  20.00 iters/s

running (40m30.0s), 006/099 VUs, 48426 complete and 0 interrupted iterations
readiness   [  90% ] 006/099 VUs  40m30.0s/45m0s  20.00 iters/s

running (40m31.0s), 006/099 VUs, 48446 complete and 0 interrupted iterations
readiness   [  90% ] 006/099 VUs  40m31.0s/45m0s  20.00 iters/s

running (40m32.0s), 006/099 VUs, 48466 complete and 0 interrupted iterations
readiness   [  90% ] 006/099 VUs  40m32.0s/45m0s  20.00 iters/s

running (40m33.0s), 007/099 VUs, 48485 complete and 0 interrupted iterations
readiness   [  90% ] 007/099 VUs  40m33.0s/45m0s  20.00 iters/s

running (40m34.0s), 006/099 VUs, 48506 complete and 0 interrupted iterations
readiness   [  90% ] 006/099 VUs  40m34.0s/45m0s  20.00 iters/s

running (40m35.0s), 006/099 VUs, 48526 complete and 0 interrupted iterations
readiness   [  90% ] 006/099 VUs  40m35.0s/45m0s  20.00 iters/s

running (40m36.0s), 006/099 VUs, 48546 complete and 0 interrupted iterations
readiness   [  90% ] 006/099 VUs  40m36.0s/45m0s  20.00 iters/s

running (40m37.0s), 007/099 VUs, 48565 complete and 0 interrupted iterations
readiness   [  90% ] 007/099 VUs  40m37.0s/45m0s  20.00 iters/s

running (40m38.0s), 006/099 VUs, 48586 complete and 0 interrupted iterations
readiness   [  90% ] 006/099 VUs  40m38.0s/45m0s  20.00 iters/s

running (40m39.0s), 006/099 VUs, 48606 complete and 0 interrupted iterations
readiness   [  90% ] 006/099 VUs  40m39.0s/45m0s  20.00 iters/s

running (40m40.0s), 006/099 VUs, 48626 complete and 0 interrupted iterations
readiness   [  90% ] 006/099 VUs  40m40.0s/45m0s  20.00 iters/s

running (40m41.0s), 006/099 VUs, 48646 complete and 0 interrupted iterations
readiness   [  90% ] 006/099 VUs  40m41.0s/45m0s  20.00 iters/s

running (40m42.0s), 006/099 VUs, 48666 complete and 0 interrupted iterations
readiness   [  90% ] 006/099 VUs  40m42.0s/45m0s  20.00 iters/s

running (40m43.0s), 006/099 VUs, 48686 complete and 0 interrupted iterations
readiness   [  90% ] 006/099 VUs  40m43.0s/45m0s  20.00 iters/s

running (40m44.0s), 006/099 VUs, 48706 complete and 0 interrupted iterations
readiness   [  91% ] 006/099 VUs  40m44.0s/45m0s  20.00 iters/s

running (40m45.0s), 006/099 VUs, 48726 complete and 0 interrupted iterations
readiness   [  91% ] 006/099 VUs  40m45.0s/45m0s  20.00 iters/s

running (40m46.0s), 007/099 VUs, 48745 complete and 0 interrupted iterations
readiness   [  91% ] 007/099 VUs  40m46.0s/45m0s  20.00 iters/s

running (40m47.0s), 006/099 VUs, 48766 complete and 0 interrupted iterations
readiness   [  91% ] 006/099 VUs  40m47.0s/45m0s  20.00 iters/s

running (40m48.0s), 006/099 VUs, 48786 complete and 0 interrupted iterations
readiness   [  91% ] 006/099 VUs  40m48.0s/45m0s  20.00 iters/s

running (40m49.0s), 006/099 VUs, 48806 complete and 0 interrupted iterations
readiness   [  91% ] 006/099 VUs  40m49.0s/45m0s  20.00 iters/s

running (40m50.0s), 006/099 VUs, 48826 complete and 0 interrupted iterations
readiness   [  91% ] 006/099 VUs  40m50.0s/45m0s  20.00 iters/s

running (40m51.0s), 006/099 VUs, 48846 complete and 0 interrupted iterations
readiness   [  91% ] 006/099 VUs  40m51.0s/45m0s  20.00 iters/s

running (40m52.0s), 010/099 VUs, 48862 complete and 0 interrupted iterations
readiness   [  91% ] 010/099 VUs  40m52.0s/45m0s  20.00 iters/s

running (40m53.0s), 007/099 VUs, 48885 complete and 0 interrupted iterations
readiness   [  91% ] 007/099 VUs  40m53.0s/45m0s  20.00 iters/s

running (40m54.0s), 010/099 VUs, 48902 complete and 0 interrupted iterations
readiness   [  91% ] 010/099 VUs  40m54.0s/45m0s  20.00 iters/s

running (40m55.0s), 006/099 VUs, 48926 complete and 0 interrupted iterations
readiness   [  91% ] 006/099 VUs  40m55.0s/45m0s  20.00 iters/s

running (40m56.0s), 006/099 VUs, 48946 complete and 0 interrupted iterations
readiness   [  91% ] 006/099 VUs  40m56.0s/45m0s  20.00 iters/s

running (40m57.0s), 007/099 VUs, 48965 complete and 0 interrupted iterations
readiness   [  91% ] 007/099 VUs  40m57.0s/45m0s  20.00 iters/s

running (40m58.0s), 006/099 VUs, 48986 complete and 0 interrupted iterations
readiness   [  91% ] 006/099 VUs  40m58.0s/45m0s  20.00 iters/s

running (40m59.0s), 006/099 VUs, 49006 complete and 0 interrupted iterations
readiness   [  91% ] 006/099 VUs  40m59.0s/45m0s  20.00 iters/s

running (41m00.0s), 007/099 VUs, 49025 complete and 0 interrupted iterations
readiness   [  91% ] 007/099 VUs  41m00.0s/45m0s  20.00 iters/s

running (41m01.0s), 006/099 VUs, 49046 complete and 0 interrupted iterations
readiness   [  91% ] 006/099 VUs  41m01.0s/45m0s  20.00 iters/s

running (41m02.0s), 006/099 VUs, 49066 complete and 0 interrupted iterations
readiness   [  91% ] 006/099 VUs  41m02.0s/45m0s  20.00 iters/s

running (41m03.0s), 006/099 VUs, 49086 complete and 0 interrupted iterations
readiness   [  91% ] 006/099 VUs  41m03.0s/45m0s  20.00 iters/s

running (41m04.0s), 006/099 VUs, 49106 complete and 0 interrupted iterations
readiness   [  91% ] 006/099 VUs  41m04.0s/45m0s  20.00 iters/s

running (41m05.0s), 006/099 VUs, 49126 complete and 0 interrupted iterations
readiness   [  91% ] 006/099 VUs  41m05.0s/45m0s  20.00 iters/s

running (41m06.0s), 007/099 VUs, 49145 complete and 0 interrupted iterations
readiness   [  91% ] 007/099 VUs  41m06.0s/45m0s  20.00 iters/s

running (41m07.0s), 007/099 VUs, 49165 complete and 0 interrupted iterations
readiness   [  91% ] 007/099 VUs  41m07.0s/45m0s  20.00 iters/s

running (41m08.0s), 006/099 VUs, 49186 complete and 0 interrupted iterations
readiness   [  91% ] 006/099 VUs  41m08.0s/45m0s  20.00 iters/s

running (41m09.0s), 006/099 VUs, 49206 complete and 0 interrupted iterations
readiness   [  91% ] 006/099 VUs  41m09.0s/45m0s  20.00 iters/s

running (41m10.0s), 006/099 VUs, 49226 complete and 0 interrupted iterations
readiness   [  91% ] 006/099 VUs  41m10.0s/45m0s  20.00 iters/s

running (41m11.0s), 006/099 VUs, 49246 complete and 0 interrupted iterations
readiness   [  92% ] 006/099 VUs  41m11.0s/45m0s  20.00 iters/s

running (41m12.0s), 007/099 VUs, 49265 complete and 0 interrupted iterations
readiness   [  92% ] 007/099 VUs  41m12.0s/45m0s  20.00 iters/s

running (41m13.0s), 007/099 VUs, 49285 complete and 0 interrupted iterations
readiness   [  92% ] 007/099 VUs  41m13.0s/45m0s  20.00 iters/s

running (41m14.0s), 006/099 VUs, 49306 complete and 0 interrupted iterations
readiness   [  92% ] 006/099 VUs  41m14.0s/45m0s  20.00 iters/s

running (41m15.0s), 006/099 VUs, 49326 complete and 0 interrupted iterations
readiness   [  92% ] 006/099 VUs  41m15.0s/45m0s  20.00 iters/s

running (41m16.0s), 006/099 VUs, 49346 complete and 0 interrupted iterations
readiness   [  92% ] 006/099 VUs  41m16.0s/45m0s  20.00 iters/s

running (41m17.0s), 006/099 VUs, 49366 complete and 0 interrupted iterations
readiness   [  92% ] 006/099 VUs  41m17.0s/45m0s  20.00 iters/s

running (41m18.0s), 006/099 VUs, 49386 complete and 0 interrupted iterations
readiness   [  92% ] 006/099 VUs  41m18.0s/45m0s  20.00 iters/s

running (41m19.0s), 006/099 VUs, 49406 complete and 0 interrupted iterations
readiness   [  92% ] 006/099 VUs  41m19.0s/45m0s  20.00 iters/s

running (41m20.0s), 006/099 VUs, 49426 complete and 0 interrupted iterations
readiness   [  92% ] 006/099 VUs  41m20.0s/45m0s  20.00 iters/s

running (41m21.0s), 006/099 VUs, 49446 complete and 0 interrupted iterations
readiness   [  92% ] 006/099 VUs  41m21.0s/45m0s  20.00 iters/s

running (41m22.0s), 006/099 VUs, 49466 complete and 0 interrupted iterations
readiness   [  92% ] 006/099 VUs  41m22.0s/45m0s  20.00 iters/s

running (41m23.0s), 006/099 VUs, 49486 complete and 0 interrupted iterations
readiness   [  92% ] 006/099 VUs  41m23.0s/45m0s  20.00 iters/s

running (41m24.0s), 006/099 VUs, 49506 complete and 0 interrupted iterations
readiness   [  92% ] 006/099 VUs  41m24.0s/45m0s  20.00 iters/s

running (41m25.0s), 006/099 VUs, 49526 complete and 0 interrupted iterations
readiness   [  92% ] 006/099 VUs  41m25.0s/45m0s  20.00 iters/s

running (41m26.0s), 006/099 VUs, 49546 complete and 0 interrupted iterations
readiness   [  92% ] 006/099 VUs  41m26.0s/45m0s  20.00 iters/s

running (41m27.0s), 006/099 VUs, 49566 complete and 0 interrupted iterations
readiness   [  92% ] 006/099 VUs  41m27.0s/45m0s  20.00 iters/s

running (41m28.0s), 006/099 VUs, 49586 complete and 0 interrupted iterations
readiness   [  92% ] 006/099 VUs  41m28.0s/45m0s  20.00 iters/s

running (41m29.0s), 006/099 VUs, 49606 complete and 0 interrupted iterations
readiness   [  92% ] 006/099 VUs  41m29.0s/45m0s  20.00 iters/s

running (41m30.0s), 006/099 VUs, 49626 complete and 0 interrupted iterations
readiness   [  92% ] 006/099 VUs  41m30.0s/45m0s  20.00 iters/s

running (41m31.0s), 006/099 VUs, 49646 complete and 0 interrupted iterations
readiness   [  92% ] 006/099 VUs  41m31.0s/45m0s  20.00 iters/s

running (41m32.0s), 006/099 VUs, 49666 complete and 0 interrupted iterations
readiness   [  92% ] 006/099 VUs  41m32.0s/45m0s  20.00 iters/s

running (41m33.0s), 006/099 VUs, 49686 complete and 0 interrupted iterations
readiness   [  92% ] 006/099 VUs  41m33.0s/45m0s  20.00 iters/s

running (41m34.0s), 007/099 VUs, 49705 complete and 0 interrupted iterations
readiness   [  92% ] 007/099 VUs  41m34.0s/45m0s  20.00 iters/s

running (41m35.0s), 006/099 VUs, 49726 complete and 0 interrupted iterations
readiness   [  92% ] 006/099 VUs  41m35.0s/45m0s  20.00 iters/s

running (41m36.0s), 006/099 VUs, 49746 complete and 0 interrupted iterations
readiness   [  92% ] 006/099 VUs  41m36.0s/45m0s  20.00 iters/s

running (41m37.0s), 006/099 VUs, 49766 complete and 0 interrupted iterations
readiness   [  92% ] 006/099 VUs  41m37.0s/45m0s  20.00 iters/s

running (41m38.0s), 006/099 VUs, 49786 complete and 0 interrupted iterations
readiness   [  93% ] 006/099 VUs  41m38.0s/45m0s  20.00 iters/s

running (41m39.0s), 007/099 VUs, 49805 complete and 0 interrupted iterations
readiness   [  93% ] 007/099 VUs  41m39.0s/45m0s  20.00 iters/s

running (41m40.0s), 006/099 VUs, 49826 complete and 0 interrupted iterations
readiness   [  93% ] 006/099 VUs  41m40.0s/45m0s  20.00 iters/s

running (41m41.0s), 006/099 VUs, 49846 complete and 0 interrupted iterations
readiness   [  93% ] 006/099 VUs  41m41.0s/45m0s  20.00 iters/s

running (41m42.0s), 006/099 VUs, 49866 complete and 0 interrupted iterations
readiness   [  93% ] 006/099 VUs  41m42.0s/45m0s  20.00 iters/s

running (41m43.0s), 006/099 VUs, 49886 complete and 0 interrupted iterations
readiness   [  93% ] 006/099 VUs  41m43.0s/45m0s  20.00 iters/s

running (41m44.0s), 006/099 VUs, 49906 complete and 0 interrupted iterations
readiness   [  93% ] 006/099 VUs  41m44.0s/45m0s  20.00 iters/s

running (41m45.0s), 006/099 VUs, 49926 complete and 0 interrupted iterations
readiness   [  93% ] 006/099 VUs  41m45.0s/45m0s  20.00 iters/s

running (41m46.0s), 007/099 VUs, 49945 complete and 0 interrupted iterations
readiness   [  93% ] 007/099 VUs  41m46.0s/45m0s  20.00 iters/s

running (41m47.0s), 006/099 VUs, 49966 complete and 0 interrupted iterations
readiness   [  93% ] 006/099 VUs  41m47.0s/45m0s  20.00 iters/s

running (41m48.0s), 006/099 VUs, 49986 complete and 0 interrupted iterations
readiness   [  93% ] 006/099 VUs  41m48.0s/45m0s  20.00 iters/s

running (41m49.0s), 006/099 VUs, 50006 complete and 0 interrupted iterations
readiness   [  93% ] 006/099 VUs  41m49.0s/45m0s  20.00 iters/s

running (41m50.0s), 006/099 VUs, 50026 complete and 0 interrupted iterations
readiness   [  93% ] 006/099 VUs  41m50.0s/45m0s  20.00 iters/s

running (41m51.0s), 006/099 VUs, 50046 complete and 0 interrupted iterations
readiness   [  93% ] 006/099 VUs  41m51.0s/45m0s  20.00 iters/s

running (41m52.0s), 009/099 VUs, 50063 complete and 0 interrupted iterations
readiness   [  93% ] 009/099 VUs  41m52.0s/45m0s  20.00 iters/s

running (41m53.0s), 007/099 VUs, 50085 complete and 0 interrupted iterations
readiness   [  93% ] 007/099 VUs  41m53.0s/45m0s  20.00 iters/s

running (41m54.0s), 011/099 VUs, 50101 complete and 0 interrupted iterations
readiness   [  93% ] 011/099 VUs  41m54.0s/45m0s  20.00 iters/s

running (41m55.0s), 006/099 VUs, 50126 complete and 0 interrupted iterations
readiness   [  93% ] 006/099 VUs  41m55.0s/45m0s  20.00 iters/s

running (41m56.0s), 007/099 VUs, 50145 complete and 0 interrupted iterations
readiness   [  93% ] 007/099 VUs  41m56.0s/45m0s  20.00 iters/s

running (41m57.0s), 007/099 VUs, 50165 complete and 0 interrupted iterations
readiness   [  93% ] 007/099 VUs  41m57.0s/45m0s  20.00 iters/s

running (41m58.0s), 006/099 VUs, 50186 complete and 0 interrupted iterations
readiness   [  93% ] 006/099 VUs  41m58.0s/45m0s  20.00 iters/s

running (41m59.0s), 006/099 VUs, 50206 complete and 0 interrupted iterations
readiness   [  93% ] 006/099 VUs  41m59.0s/45m0s  20.00 iters/s

running (42m00.0s), 006/099 VUs, 50226 complete and 0 interrupted iterations
readiness   [  93% ] 006/099 VUs  42m00.0s/45m0s  20.00 iters/s

running (42m01.0s), 006/099 VUs, 50246 complete and 0 interrupted iterations
readiness   [  93% ] 006/099 VUs  42m01.0s/45m0s  20.00 iters/s

running (42m02.0s), 006/099 VUs, 50266 complete and 0 interrupted iterations
readiness   [  93% ] 006/099 VUs  42m02.0s/45m0s  20.00 iters/s

running (42m03.0s), 006/099 VUs, 50286 complete and 0 interrupted iterations
readiness   [  93% ] 006/099 VUs  42m03.0s/45m0s  20.00 iters/s

running (42m04.0s), 006/099 VUs, 50306 complete and 0 interrupted iterations
readiness   [  93% ] 006/099 VUs  42m04.0s/45m0s  20.00 iters/s

running (42m05.0s), 006/099 VUs, 50326 complete and 0 interrupted iterations
readiness   [  94% ] 006/099 VUs  42m05.0s/45m0s  20.00 iters/s

running (42m06.0s), 006/099 VUs, 50346 complete and 0 interrupted iterations
readiness   [  94% ] 006/099 VUs  42m06.0s/45m0s  20.00 iters/s

running (42m07.0s), 006/099 VUs, 50366 complete and 0 interrupted iterations
readiness   [  94% ] 006/099 VUs  42m07.0s/45m0s  20.00 iters/s

running (42m08.0s), 006/099 VUs, 50386 complete and 0 interrupted iterations
readiness   [  94% ] 006/099 VUs  42m08.0s/45m0s  20.00 iters/s

running (42m09.0s), 006/099 VUs, 50406 complete and 0 interrupted iterations
readiness   [  94% ] 006/099 VUs  42m09.0s/45m0s  20.00 iters/s

running (42m10.0s), 006/099 VUs, 50426 complete and 0 interrupted iterations
readiness   [  94% ] 006/099 VUs  42m10.0s/45m0s  20.00 iters/s

running (42m11.0s), 006/099 VUs, 50446 complete and 0 interrupted iterations
readiness   [  94% ] 006/099 VUs  42m11.0s/45m0s  20.00 iters/s

running (42m12.0s), 007/099 VUs, 50465 complete and 0 interrupted iterations
readiness   [  94% ] 007/099 VUs  42m12.0s/45m0s  20.00 iters/s

running (42m13.0s), 006/099 VUs, 50486 complete and 0 interrupted iterations
readiness   [  94% ] 006/099 VUs  42m13.0s/45m0s  20.00 iters/s

running (42m14.0s), 006/099 VUs, 50506 complete and 0 interrupted iterations
readiness   [  94% ] 006/099 VUs  42m14.0s/45m0s  20.00 iters/s

running (42m15.0s), 006/099 VUs, 50526 complete and 0 interrupted iterations
readiness   [  94% ] 006/099 VUs  42m15.0s/45m0s  20.00 iters/s

running (42m16.0s), 006/099 VUs, 50546 complete and 0 interrupted iterations
readiness   [  94% ] 006/099 VUs  42m16.0s/45m0s  20.00 iters/s

running (42m17.0s), 006/099 VUs, 50566 complete and 0 interrupted iterations
readiness   [  94% ] 006/099 VUs  42m17.0s/45m0s  20.00 iters/s

running (42m18.0s), 006/099 VUs, 50586 complete and 0 interrupted iterations
readiness   [  94% ] 006/099 VUs  42m18.0s/45m0s  20.00 iters/s

running (42m19.0s), 006/099 VUs, 50606 complete and 0 interrupted iterations
readiness   [  94% ] 006/099 VUs  42m19.0s/45m0s  20.00 iters/s

running (42m20.0s), 006/099 VUs, 50626 complete and 0 interrupted iterations
readiness   [  94% ] 006/099 VUs  42m20.0s/45m0s  20.00 iters/s

running (42m21.0s), 006/099 VUs, 50646 complete and 0 interrupted iterations
readiness   [  94% ] 006/099 VUs  42m21.0s/45m0s  20.00 iters/s

running (42m22.0s), 006/099 VUs, 50666 complete and 0 interrupted iterations
readiness   [  94% ] 006/099 VUs  42m22.0s/45m0s  20.00 iters/s

running (42m23.0s), 006/099 VUs, 50686 complete and 0 interrupted iterations
readiness   [  94% ] 006/099 VUs  42m23.0s/45m0s  20.00 iters/s

running (42m24.0s), 006/099 VUs, 50706 complete and 0 interrupted iterations
readiness   [  94% ] 006/099 VUs  42m24.0s/45m0s  20.00 iters/s

running (42m25.0s), 006/099 VUs, 50726 complete and 0 interrupted iterations
readiness   [  94% ] 006/099 VUs  42m25.0s/45m0s  20.00 iters/s

running (42m26.0s), 006/099 VUs, 50746 complete and 0 interrupted iterations
readiness   [  94% ] 006/099 VUs  42m26.0s/45m0s  20.00 iters/s

running (42m27.0s), 006/099 VUs, 50766 complete and 0 interrupted iterations
readiness   [  94% ] 006/099 VUs  42m27.0s/45m0s  20.00 iters/s

running (42m28.0s), 006/099 VUs, 50786 complete and 0 interrupted iterations
readiness   [  94% ] 006/099 VUs  42m28.0s/45m0s  20.00 iters/s

running (42m29.0s), 006/099 VUs, 50806 complete and 0 interrupted iterations
readiness   [  94% ] 006/099 VUs  42m29.0s/45m0s  20.00 iters/s

running (42m30.0s), 006/099 VUs, 50826 complete and 0 interrupted iterations
readiness   [  94% ] 006/099 VUs  42m30.0s/45m0s  20.00 iters/s

running (42m31.0s), 006/099 VUs, 50846 complete and 0 interrupted iterations
readiness   [  94% ] 006/099 VUs  42m31.0s/45m0s  20.00 iters/s

running (42m32.0s), 006/099 VUs, 50866 complete and 0 interrupted iterations
readiness   [  95% ] 006/099 VUs  42m32.0s/45m0s  20.00 iters/s

running (42m33.0s), 006/099 VUs, 50886 complete and 0 interrupted iterations
readiness   [  95% ] 006/099 VUs  42m33.0s/45m0s  20.00 iters/s

running (42m34.0s), 006/099 VUs, 50906 complete and 0 interrupted iterations
readiness   [  95% ] 006/099 VUs  42m34.0s/45m0s  20.00 iters/s

running (42m35.0s), 006/099 VUs, 50926 complete and 0 interrupted iterations
readiness   [  95% ] 006/099 VUs  42m35.0s/45m0s  20.00 iters/s

running (42m36.0s), 007/099 VUs, 50945 complete and 0 interrupted iterations
readiness   [  95% ] 007/099 VUs  42m36.0s/45m0s  20.00 iters/s

running (42m37.0s), 007/099 VUs, 50965 complete and 0 interrupted iterations
readiness   [  95% ] 007/099 VUs  42m37.0s/45m0s  20.00 iters/s

running (42m38.0s), 006/099 VUs, 50986 complete and 0 interrupted iterations
readiness   [  95% ] 006/099 VUs  42m38.0s/45m0s  20.00 iters/s

running (42m39.0s), 006/099 VUs, 51006 complete and 0 interrupted iterations
readiness   [  95% ] 006/099 VUs  42m39.0s/45m0s  20.00 iters/s

running (42m40.0s), 006/099 VUs, 51026 complete and 0 interrupted iterations
readiness   [  95% ] 006/099 VUs  42m40.0s/45m0s  20.00 iters/s

running (42m41.0s), 006/099 VUs, 51046 complete and 0 interrupted iterations
readiness   [  95% ] 006/099 VUs  42m41.0s/45m0s  20.00 iters/s

running (42m42.0s), 006/099 VUs, 51066 complete and 0 interrupted iterations
readiness   [  95% ] 006/099 VUs  42m42.0s/45m0s  20.00 iters/s

running (42m43.0s), 006/099 VUs, 51086 complete and 0 interrupted iterations
readiness   [  95% ] 006/099 VUs  42m43.0s/45m0s  20.00 iters/s

running (42m44.0s), 006/099 VUs, 51106 complete and 0 interrupted iterations
readiness   [  95% ] 006/099 VUs  42m44.0s/45m0s  20.00 iters/s

running (42m45.0s), 007/099 VUs, 51125 complete and 0 interrupted iterations
readiness   [  95% ] 007/099 VUs  42m45.0s/45m0s  20.00 iters/s

running (42m46.0s), 007/099 VUs, 51145 complete and 0 interrupted iterations
readiness   [  95% ] 007/099 VUs  42m46.0s/45m0s  20.00 iters/s

running (42m47.0s), 006/099 VUs, 51166 complete and 0 interrupted iterations
readiness   [  95% ] 006/099 VUs  42m47.0s/45m0s  20.00 iters/s

running (42m48.0s), 006/099 VUs, 51186 complete and 0 interrupted iterations
readiness   [  95% ] 006/099 VUs  42m48.0s/45m0s  20.00 iters/s

running (42m49.0s), 006/099 VUs, 51206 complete and 0 interrupted iterations
readiness   [  95% ] 006/099 VUs  42m49.0s/45m0s  20.00 iters/s

running (42m50.0s), 006/099 VUs, 51226 complete and 0 interrupted iterations
readiness   [  95% ] 006/099 VUs  42m50.0s/45m0s  20.00 iters/s

running (42m51.0s), 007/099 VUs, 51245 complete and 0 interrupted iterations
readiness   [  95% ] 007/099 VUs  42m51.0s/45m0s  20.00 iters/s

running (42m52.0s), 009/099 VUs, 51263 complete and 0 interrupted iterations
readiness   [  95% ] 009/099 VUs  42m52.0s/45m0s  20.00 iters/s

running (42m53.0s), 007/099 VUs, 51285 complete and 0 interrupted iterations
readiness   [  95% ] 007/099 VUs  42m53.0s/45m0s  20.00 iters/s

running (42m54.0s), 008/099 VUs, 51304 complete and 0 interrupted iterations
readiness   [  95% ] 008/099 VUs  42m54.0s/45m0s  20.00 iters/s

running (42m55.0s), 006/099 VUs, 51326 complete and 0 interrupted iterations
readiness   [  95% ] 006/099 VUs  42m55.0s/45m0s  20.00 iters/s

running (42m56.0s), 006/099 VUs, 51346 complete and 0 interrupted iterations
readiness   [  95% ] 006/099 VUs  42m56.0s/45m0s  20.00 iters/s

running (42m57.0s), 006/099 VUs, 51366 complete and 0 interrupted iterations
readiness   [  95% ] 006/099 VUs  42m57.0s/45m0s  20.00 iters/s

running (42m58.0s), 006/099 VUs, 51386 complete and 0 interrupted iterations
readiness   [  95% ] 006/099 VUs  42m58.0s/45m0s  20.00 iters/s

running (42m59.0s), 007/099 VUs, 51405 complete and 0 interrupted iterations
readiness   [  96% ] 007/099 VUs  42m59.0s/45m0s  20.00 iters/s

running (43m00.0s), 006/099 VUs, 51426 complete and 0 interrupted iterations
readiness   [  96% ] 006/099 VUs  43m00.0s/45m0s  20.00 iters/s

running (43m01.0s), 006/099 VUs, 51446 complete and 0 interrupted iterations
readiness   [  96% ] 006/099 VUs  43m01.0s/45m0s  20.00 iters/s

running (43m02.0s), 006/099 VUs, 51466 complete and 0 interrupted iterations
readiness   [  96% ] 006/099 VUs  43m02.0s/45m0s  20.00 iters/s

running (43m03.0s), 006/099 VUs, 51486 complete and 0 interrupted iterations
readiness   [  96% ] 006/099 VUs  43m03.0s/45m0s  20.00 iters/s

running (43m04.0s), 006/099 VUs, 51506 complete and 0 interrupted iterations
readiness   [  96% ] 006/099 VUs  43m04.0s/45m0s  20.00 iters/s

running (43m05.0s), 007/099 VUs, 51525 complete and 0 interrupted iterations
readiness   [  96% ] 007/099 VUs  43m05.0s/45m0s  20.00 iters/s

running (43m06.0s), 006/099 VUs, 51546 complete and 0 interrupted iterations
readiness   [  96% ] 006/099 VUs  43m06.0s/45m0s  20.00 iters/s

running (43m07.0s), 006/099 VUs, 51566 complete and 0 interrupted iterations
readiness   [  96% ] 006/099 VUs  43m07.0s/45m0s  20.00 iters/s

running (43m08.0s), 006/099 VUs, 51586 complete and 0 interrupted iterations
readiness   [  96% ] 006/099 VUs  43m08.0s/45m0s  20.00 iters/s

running (43m09.0s), 006/099 VUs, 51606 complete and 0 interrupted iterations
readiness   [  96% ] 006/099 VUs  43m09.0s/45m0s  20.00 iters/s

running (43m10.0s), 006/099 VUs, 51626 complete and 0 interrupted iterations
readiness   [  96% ] 006/099 VUs  43m10.0s/45m0s  20.00 iters/s

running (43m11.0s), 006/099 VUs, 51646 complete and 0 interrupted iterations
readiness   [  96% ] 006/099 VUs  43m11.0s/45m0s  20.00 iters/s

running (43m12.0s), 006/099 VUs, 51666 complete and 0 interrupted iterations
readiness   [  96% ] 006/099 VUs  43m12.0s/45m0s  20.00 iters/s

running (43m13.0s), 006/099 VUs, 51686 complete and 0 interrupted iterations
readiness   [  96% ] 006/099 VUs  43m13.0s/45m0s  20.00 iters/s

running (43m14.0s), 006/099 VUs, 51706 complete and 0 interrupted iterations
readiness   [  96% ] 006/099 VUs  43m14.0s/45m0s  20.00 iters/s

running (43m15.0s), 006/099 VUs, 51726 complete and 0 interrupted iterations
readiness   [  96% ] 006/099 VUs  43m15.0s/45m0s  20.00 iters/s

running (43m16.0s), 007/099 VUs, 51745 complete and 0 interrupted iterations
readiness   [  96% ] 007/099 VUs  43m16.0s/45m0s  20.00 iters/s

running (43m17.0s), 006/099 VUs, 51766 complete and 0 interrupted iterations
readiness   [  96% ] 006/099 VUs  43m17.0s/45m0s  20.00 iters/s

running (43m18.0s), 007/099 VUs, 51785 complete and 0 interrupted iterations
readiness   [  96% ] 007/099 VUs  43m18.0s/45m0s  20.00 iters/s

running (43m19.0s), 006/099 VUs, 51806 complete and 0 interrupted iterations
readiness   [  96% ] 006/099 VUs  43m19.0s/45m0s  20.00 iters/s

running (43m20.0s), 006/099 VUs, 51826 complete and 0 interrupted iterations
readiness   [  96% ] 006/099 VUs  43m20.0s/45m0s  20.00 iters/s

running (43m21.0s), 006/099 VUs, 51846 complete and 0 interrupted iterations
readiness   [  96% ] 006/099 VUs  43m21.0s/45m0s  20.00 iters/s

running (43m22.0s), 006/099 VUs, 51866 complete and 0 interrupted iterations
readiness   [  96% ] 006/099 VUs  43m22.0s/45m0s  20.00 iters/s

running (43m23.0s), 006/099 VUs, 51886 complete and 0 interrupted iterations
readiness   [  96% ] 006/099 VUs  43m23.0s/45m0s  20.00 iters/s

running (43m24.0s), 006/099 VUs, 51906 complete and 0 interrupted iterations
readiness   [  96% ] 006/099 VUs  43m24.0s/45m0s  20.00 iters/s

running (43m25.0s), 006/099 VUs, 51926 complete and 0 interrupted iterations
readiness   [  96% ] 006/099 VUs  43m25.0s/45m0s  20.00 iters/s

running (43m26.0s), 006/099 VUs, 51946 complete and 0 interrupted iterations
readiness   [  97% ] 006/099 VUs  43m26.0s/45m0s  20.00 iters/s

running (43m27.0s), 006/099 VUs, 51966 complete and 0 interrupted iterations
readiness   [  97% ] 006/099 VUs  43m27.0s/45m0s  20.00 iters/s

running (43m28.0s), 006/099 VUs, 51986 complete and 0 interrupted iterations
readiness   [  97% ] 006/099 VUs  43m28.0s/45m0s  20.00 iters/s

running (43m29.0s), 006/099 VUs, 52006 complete and 0 interrupted iterations
readiness   [  97% ] 006/099 VUs  43m29.0s/45m0s  20.00 iters/s

running (43m30.0s), 006/099 VUs, 52026 complete and 0 interrupted iterations
readiness   [  97% ] 006/099 VUs  43m30.0s/45m0s  20.00 iters/s

running (43m31.0s), 006/099 VUs, 52046 complete and 0 interrupted iterations
readiness   [  97% ] 006/099 VUs  43m31.0s/45m0s  20.00 iters/s

running (43m32.0s), 006/099 VUs, 52066 complete and 0 interrupted iterations
readiness   [  97% ] 006/099 VUs  43m32.0s/45m0s  20.00 iters/s

running (43m33.0s), 006/099 VUs, 52086 complete and 0 interrupted iterations
readiness   [  97% ] 006/099 VUs  43m33.0s/45m0s  20.00 iters/s

running (43m34.0s), 006/099 VUs, 52106 complete and 0 interrupted iterations
readiness   [  97% ] 006/099 VUs  43m34.0s/45m0s  20.00 iters/s

running (43m35.0s), 006/099 VUs, 52126 complete and 0 interrupted iterations
readiness   [  97% ] 006/099 VUs  43m35.0s/45m0s  20.00 iters/s

running (43m36.0s), 007/099 VUs, 52145 complete and 0 interrupted iterations
readiness   [  97% ] 007/099 VUs  43m36.0s/45m0s  20.00 iters/s

running (43m37.0s), 006/099 VUs, 52166 complete and 0 interrupted iterations
readiness   [  97% ] 006/099 VUs  43m37.0s/45m0s  20.00 iters/s

running (43m38.0s), 007/099 VUs, 52185 complete and 0 interrupted iterations
readiness   [  97% ] 007/099 VUs  43m38.0s/45m0s  20.00 iters/s

running (43m39.0s), 006/099 VUs, 52206 complete and 0 interrupted iterations
readiness   [  97% ] 006/099 VUs  43m39.0s/45m0s  20.00 iters/s

running (43m40.0s), 006/099 VUs, 52226 complete and 0 interrupted iterations
readiness   [  97% ] 006/099 VUs  43m40.0s/45m0s  20.00 iters/s

running (43m41.0s), 006/099 VUs, 52246 complete and 0 interrupted iterations
readiness   [  97% ] 006/099 VUs  43m41.0s/45m0s  20.00 iters/s

running (43m42.0s), 006/099 VUs, 52266 complete and 0 interrupted iterations
readiness   [  97% ] 006/099 VUs  43m42.0s/45m0s  20.00 iters/s

running (43m43.0s), 006/099 VUs, 52286 complete and 0 interrupted iterations
readiness   [  97% ] 006/099 VUs  43m43.0s/45m0s  20.00 iters/s

running (43m44.0s), 006/099 VUs, 52306 complete and 0 interrupted iterations
readiness   [  97% ] 006/099 VUs  43m44.0s/45m0s  20.00 iters/s

running (43m45.0s), 006/099 VUs, 52326 complete and 0 interrupted iterations
readiness   [  97% ] 006/099 VUs  43m45.0s/45m0s  20.00 iters/s

running (43m46.0s), 006/099 VUs, 52346 complete and 0 interrupted iterations
readiness   [  97% ] 006/099 VUs  43m46.0s/45m0s  20.00 iters/s

running (43m47.0s), 006/099 VUs, 52366 complete and 0 interrupted iterations
readiness   [  97% ] 006/099 VUs  43m47.0s/45m0s  20.00 iters/s

running (43m48.0s), 006/099 VUs, 52386 complete and 0 interrupted iterations
readiness   [  97% ] 006/099 VUs  43m48.0s/45m0s  20.00 iters/s

running (43m49.0s), 006/099 VUs, 52406 complete and 0 interrupted iterations
readiness   [  97% ] 006/099 VUs  43m49.0s/45m0s  20.00 iters/s

running (43m50.0s), 006/099 VUs, 52426 complete and 0 interrupted iterations
readiness   [  97% ] 006/099 VUs  43m50.0s/45m0s  20.00 iters/s

running (43m51.0s), 007/099 VUs, 52445 complete and 0 interrupted iterations
readiness   [  97% ] 007/099 VUs  43m51.0s/45m0s  20.00 iters/s

running (43m52.0s), 009/099 VUs, 52463 complete and 0 interrupted iterations
readiness   [  97% ] 009/099 VUs  43m52.0s/45m0s  20.00 iters/s

running (43m53.0s), 006/099 VUs, 52486 complete and 0 interrupted iterations
readiness   [  98% ] 006/099 VUs  43m53.0s/45m0s  20.00 iters/s

running (43m54.0s), 014/099 VUs, 52498 complete and 0 interrupted iterations
readiness   [  98% ] 014/099 VUs  43m54.0s/45m0s  20.00 iters/s

running (43m55.0s), 007/099 VUs, 52525 complete and 0 interrupted iterations
readiness   [  98% ] 007/099 VUs  43m55.0s/45m0s  20.00 iters/s

running (43m56.0s), 006/099 VUs, 52546 complete and 0 interrupted iterations
readiness   [  98% ] 006/099 VUs  43m56.0s/45m0s  20.00 iters/s

running (43m57.0s), 006/099 VUs, 52566 complete and 0 interrupted iterations
readiness   [  98% ] 006/099 VUs  43m57.0s/45m0s  20.00 iters/s

running (43m58.0s), 006/099 VUs, 52586 complete and 0 interrupted iterations
readiness   [  98% ] 006/099 VUs  43m58.0s/45m0s  20.00 iters/s

running (43m59.0s), 006/099 VUs, 52606 complete and 0 interrupted iterations
readiness   [  98% ] 006/099 VUs  43m59.0s/45m0s  20.00 iters/s

running (44m00.0s), 006/099 VUs, 52626 complete and 0 interrupted iterations
readiness   [  98% ] 006/099 VUs  44m00.0s/45m0s  20.00 iters/s

running (44m01.0s), 006/099 VUs, 52646 complete and 0 interrupted iterations
readiness   [  98% ] 006/099 VUs  44m01.0s/45m0s  20.00 iters/s

running (44m02.0s), 006/099 VUs, 52666 complete and 0 interrupted iterations
readiness   [  98% ] 006/099 VUs  44m02.0s/45m0s  20.00 iters/s

running (44m03.0s), 006/099 VUs, 52686 complete and 0 interrupted iterations
readiness   [  98% ] 006/099 VUs  44m03.0s/45m0s  20.00 iters/s

running (44m04.0s), 007/099 VUs, 52705 complete and 0 interrupted iterations
readiness   [  98% ] 007/099 VUs  44m04.0s/45m0s  20.00 iters/s

running (44m05.0s), 006/099 VUs, 52726 complete and 0 interrupted iterations
readiness   [  98% ] 006/099 VUs  44m05.0s/45m0s  20.00 iters/s

running (44m06.0s), 006/099 VUs, 52746 complete and 0 interrupted iterations
readiness   [  98% ] 006/099 VUs  44m06.0s/45m0s  20.00 iters/s

running (44m07.0s), 006/099 VUs, 52766 complete and 0 interrupted iterations
readiness   [  98% ] 006/099 VUs  44m07.0s/45m0s  20.00 iters/s

running (44m08.0s), 006/099 VUs, 52786 complete and 0 interrupted iterations
readiness   [  98% ] 006/099 VUs  44m08.0s/45m0s  20.00 iters/s

running (44m09.0s), 006/099 VUs, 52806 complete and 0 interrupted iterations
readiness   [  98% ] 006/099 VUs  44m09.0s/45m0s  20.00 iters/s

running (44m10.0s), 006/099 VUs, 52826 complete and 0 interrupted iterations
readiness   [  98% ] 006/099 VUs  44m10.0s/45m0s  20.00 iters/s

running (44m11.0s), 006/099 VUs, 52846 complete and 0 interrupted iterations
readiness   [  98% ] 006/099 VUs  44m11.0s/45m0s  20.00 iters/s

running (44m12.0s), 006/099 VUs, 52866 complete and 0 interrupted iterations
readiness   [  98% ] 006/099 VUs  44m12.0s/45m0s  20.00 iters/s

running (44m13.0s), 006/099 VUs, 52886 complete and 0 interrupted iterations
readiness   [  98% ] 006/099 VUs  44m13.0s/45m0s  20.00 iters/s

running (44m14.0s), 006/099 VUs, 52906 complete and 0 interrupted iterations
readiness   [  98% ] 006/099 VUs  44m14.0s/45m0s  20.00 iters/s

running (44m15.0s), 007/099 VUs, 52925 complete and 0 interrupted iterations
readiness   [  98% ] 007/099 VUs  44m15.0s/45m0s  20.00 iters/s

running (44m16.0s), 006/099 VUs, 52946 complete and 0 interrupted iterations
readiness   [  98% ] 006/099 VUs  44m16.0s/45m0s  20.00 iters/s

running (44m17.0s), 006/099 VUs, 52966 complete and 0 interrupted iterations
readiness   [  98% ] 006/099 VUs  44m17.0s/45m0s  20.00 iters/s

running (44m18.0s), 006/099 VUs, 52986 complete and 0 interrupted iterations
readiness   [  98% ] 006/099 VUs  44m18.0s/45m0s  20.00 iters/s

running (44m19.0s), 006/099 VUs, 53006 complete and 0 interrupted iterations
readiness   [  98% ] 006/099 VUs  44m19.0s/45m0s  20.00 iters/s

running (44m20.0s), 006/099 VUs, 53026 complete and 0 interrupted iterations
readiness   [  99% ] 006/099 VUs  44m20.0s/45m0s  20.00 iters/s

running (44m21.0s), 006/099 VUs, 53046 complete and 0 interrupted iterations
readiness   [  99% ] 006/099 VUs  44m21.0s/45m0s  20.00 iters/s

running (44m22.0s), 006/099 VUs, 53066 complete and 0 interrupted iterations
readiness   [  99% ] 006/099 VUs  44m22.0s/45m0s  20.00 iters/s

running (44m23.0s), 006/099 VUs, 53086 complete and 0 interrupted iterations
readiness   [  99% ] 006/099 VUs  44m23.0s/45m0s  20.00 iters/s

running (44m24.0s), 006/099 VUs, 53106 complete and 0 interrupted iterations
readiness   [  99% ] 006/099 VUs  44m24.0s/45m0s  20.00 iters/s

running (44m25.0s), 007/099 VUs, 53125 complete and 0 interrupted iterations
readiness   [  99% ] 007/099 VUs  44m25.0s/45m0s  20.00 iters/s

running (44m26.0s), 006/099 VUs, 53146 complete and 0 interrupted iterations
readiness   [  99% ] 006/099 VUs  44m26.0s/45m0s  20.00 iters/s

running (44m27.0s), 006/099 VUs, 53166 complete and 0 interrupted iterations
readiness   [  99% ] 006/099 VUs  44m27.0s/45m0s  20.00 iters/s

running (44m28.0s), 006/099 VUs, 53186 complete and 0 interrupted iterations
readiness   [  99% ] 006/099 VUs  44m28.0s/45m0s  20.00 iters/s

running (44m29.0s), 006/099 VUs, 53206 complete and 0 interrupted iterations
readiness   [  99% ] 006/099 VUs  44m29.0s/45m0s  20.00 iters/s

running (44m30.0s), 007/099 VUs, 53225 complete and 0 interrupted iterations
readiness   [  99% ] 007/099 VUs  44m30.0s/45m0s  20.00 iters/s

running (44m31.0s), 006/099 VUs, 53246 complete and 0 interrupted iterations
readiness   [  99% ] 006/099 VUs  44m31.0s/45m0s  20.00 iters/s

running (44m32.0s), 006/099 VUs, 53266 complete and 0 interrupted iterations
readiness   [  99% ] 006/099 VUs  44m32.0s/45m0s  20.00 iters/s

running (44m33.0s), 007/099 VUs, 53285 complete and 0 interrupted iterations
readiness   [  99% ] 007/099 VUs  44m33.0s/45m0s  20.00 iters/s

running (44m34.0s), 006/099 VUs, 53306 complete and 0 interrupted iterations
readiness   [  99% ] 006/099 VUs  44m34.0s/45m0s  20.00 iters/s

running (44m35.0s), 006/099 VUs, 53326 complete and 0 interrupted iterations
readiness   [  99% ] 006/099 VUs  44m35.0s/45m0s  20.00 iters/s

running (44m36.0s), 006/099 VUs, 53346 complete and 0 interrupted iterations
readiness   [  99% ] 006/099 VUs  44m36.0s/45m0s  20.00 iters/s

running (44m37.0s), 007/099 VUs, 53365 complete and 0 interrupted iterations
readiness   [  99% ] 007/099 VUs  44m37.0s/45m0s  20.00 iters/s

running (44m38.0s), 007/099 VUs, 53385 complete and 0 interrupted iterations
readiness   [  99% ] 007/099 VUs  44m38.0s/45m0s  20.00 iters/s

running (44m39.0s), 007/099 VUs, 53405 complete and 0 interrupted iterations
readiness   [  99% ] 007/099 VUs  44m39.0s/45m0s  20.00 iters/s

running (44m40.0s), 006/099 VUs, 53426 complete and 0 interrupted iterations
readiness   [  99% ] 006/099 VUs  44m40.0s/45m0s  20.00 iters/s

running (44m41.0s), 006/099 VUs, 53446 complete and 0 interrupted iterations
readiness   [  99% ] 006/099 VUs  44m41.0s/45m0s  20.00 iters/s

running (44m42.0s), 007/099 VUs, 53465 complete and 0 interrupted iterations
readiness   [  99% ] 007/099 VUs  44m42.0s/45m0s  20.00 iters/s

running (44m43.0s), 006/099 VUs, 53486 complete and 0 interrupted iterations
readiness   [  99% ] 006/099 VUs  44m43.0s/45m0s  20.00 iters/s

running (44m44.0s), 006/099 VUs, 53506 complete and 0 interrupted iterations
readiness   [  99% ] 006/099 VUs  44m44.0s/45m0s  20.00 iters/s

running (44m45.0s), 006/099 VUs, 53526 complete and 0 interrupted iterations
readiness   [  99% ] 006/099 VUs  44m45.0s/45m0s  20.00 iters/s

running (44m46.0s), 006/099 VUs, 53546 complete and 0 interrupted iterations
readiness   [  99% ] 006/099 VUs  44m46.0s/45m0s  20.00 iters/s

running (44m47.0s), 006/099 VUs, 53566 complete and 0 interrupted iterations
readiness   [ 100% ] 006/099 VUs  44m47.0s/45m0s  20.00 iters/s

running (44m48.0s), 006/099 VUs, 53586 complete and 0 interrupted iterations
readiness   [ 100% ] 006/099 VUs  44m48.0s/45m0s  20.00 iters/s

running (44m49.0s), 007/099 VUs, 53605 complete and 0 interrupted iterations
readiness   [ 100% ] 007/099 VUs  44m49.0s/45m0s  20.00 iters/s

running (44m50.0s), 006/099 VUs, 53626 complete and 0 interrupted iterations
readiness   [ 100% ] 006/099 VUs  44m50.0s/45m0s  20.00 iters/s

running (44m51.0s), 006/099 VUs, 53646 complete and 0 interrupted iterations
readiness   [ 100% ] 006/099 VUs  44m51.0s/45m0s  20.00 iters/s

running (44m52.0s), 009/099 VUs, 53663 complete and 0 interrupted iterations
readiness   [ 100% ] 009/099 VUs  44m52.0s/45m0s  20.00 iters/s

running (44m53.0s), 006/099 VUs, 53686 complete and 0 interrupted iterations
readiness   [ 100% ] 006/099 VUs  44m53.0s/45m0s  20.00 iters/s

running (44m54.0s), 009/099 VUs, 53703 complete and 0 interrupted iterations
readiness   [ 100% ] 009/099 VUs  44m54.0s/45m0s  20.00 iters/s

running (44m55.0s), 006/099 VUs, 53726 complete and 0 interrupted iterations
readiness   [ 100% ] 006/099 VUs  44m55.0s/45m0s  20.00 iters/s

running (44m56.0s), 006/099 VUs, 53746 complete and 0 interrupted iterations
readiness   [ 100% ] 006/099 VUs  44m56.0s/45m0s  20.00 iters/s

running (44m57.0s), 007/099 VUs, 53765 complete and 0 interrupted iterations
readiness   [ 100% ] 007/099 VUs  44m57.0s/45m0s  20.00 iters/s

running (44m58.0s), 006/099 VUs, 53786 complete and 0 interrupted iterations
readiness   [ 100% ] 006/099 VUs  44m58.0s/45m0s  20.00 iters/s

running (44m59.0s), 006/099 VUs, 53806 complete and 0 interrupted iterations
readiness   [ 100% ] 006/099 VUs  44m59.0s/45m0s  20.00 iters/s

running (45m00.0s), 006/099 VUs, 53826 complete and 0 interrupted iterations
readiness   [ 100% ] 006/099 VUs  45m00.0s/45m0s  20.00 iters/s


  █ THRESHOLDS

    checks
    ✓ 'rate>0.99' rate=99.54%

    http_req_duration{endpoint:readiness}
    ✓ 'p(95)<500' p(95)=355.49ms
    ✓ 'p(99)<1000' p(99)=634.52ms

    http_req_failed
    ✓ 'rate<0.01' rate=0.45%


  █ TOTAL RESULTS

    checks_total.......: 53833  19.935513/s
    checks_succeeded...: 99.54% 53586 out of 53833
    checks_failed......: 0.45%  247 out of 53833

    ✗ readiness returned 200
      ↳  99% — ✓ 53586 / ✗ 247

    HTTP
    http_req_duration..............: avg=351.09ms min=285.96ms med=318.77ms max=5.46s  p(90)=338.83ms p(95)=355.49ms
      { endpoint:readiness }.......: avg=351.09ms min=285.96ms med=318.77ms max=5.46s  p(90)=338.83ms p(95)=355.49ms
      { expected_response:true }...: avg=328.16ms min=285.96ms med=318.72ms max=3.44s  p(90)=338.35ms p(95)=351.84ms
    http_req_failed................: 0.45%  247 out of 53833
    http_reqs......................: 53833  19.935513/s

    EXECUTION
    dropped_iterations.............: 168    0.062214/s
    iteration_duration.............: avg=359.71ms min=298.85ms med=319.5ms  max=10.12s p(90)=340.43ms p(95)=362.23ms
    iterations.....................: 53833  19.935513/s
    vus............................: 6      min=6            max=98
    vus_max........................: 99     min=40           max=99

    NETWORK
    data_received..................: 10 MB  3.8 kB/s
    data_sent......................: 7.1 MB 2.6 kB/s




running (45m00.4s), 000/099 VUs, 53833 complete and 0 interrupted iterations
readiness ✓ [ 100% ] 000/099 VUs  45m0s  20.00 iters/s
